{"cameraMode":{"drawMode":0,"name":"Shaded","section":"Shading Mode"},"sceneLighting":true,"audioPlay":false,"sceneViewState":{"m_AlwaysRefresh":false,"showFog":true,"showSkybox":true,"showFlares":true,"showImageEffects":true,"showParticleSystems":true,"showVisualEffectGraphs":true,"m_FxEnabled":true},"in2DMode":false,"pivot":{"x":4.634808540344238,"y":-3.751477003097534,"z":2.1876931190490724},"rotation":{"x":-0.23943676054477693,"y":0.019205396994948388,"z":-0.004736160859465599,"w":-0.9708065390586853},"size":8.98350715637207,"orthographic":false}