Using pre-set license
Built from '2022.3/staging' branch; Version is '2022.3.60f1 (5f63fdee6d95) revision 6251517'; Using compiler version '192829333'; Build Type 'Release'
OS: 'Windows 11  (10.0.26100) 64bit CoreSingleLanguage' Language: 'en' Physical Memory: 15610 MB
BatchMode: 1, IsHumanControllingUs: 0, StartBugReporterOnCrash: 0, Is64bit: 1, IsPro: 1

COMMAND LINE ARGUMENTS:
D:\Apps\Editor\2022.3.60f1\Editor\Unity.exe
-adb2
-batchMode
-noUpm
-name
AssetImportWorker2
-projectPath
D:/Study/Code/Projects/DA_LTMCB/ExplodingKittens
-logFile
Logs/AssetImportWorker2.log
-srvPort
64047
Successfully changed project path to: D:/Study/Code/Projects/DA_LTMCB/ExplodingKittens
D:/Study/Code/Projects/DA_LTMCB/ExplodingKittens
[UnityMemory] Configuration Parameters - Can be set up in boot.config
    "memorysetup-bucket-allocator-granularity=16"
    "memorysetup-bucket-allocator-bucket-count=8"
    "memorysetup-bucket-allocator-block-size=33554432"
    "memorysetup-bucket-allocator-block-count=8"
    "memorysetup-main-allocator-block-size=16777216"
    "memorysetup-thread-allocator-block-size=16777216"
    "memorysetup-gfx-main-allocator-block-size=16777216"
    "memorysetup-gfx-thread-allocator-block-size=16777216"
    "memorysetup-cache-allocator-block-size=4194304"
    "memorysetup-typetree-allocator-block-size=2097152"
    "memorysetup-profiler-bucket-allocator-granularity=16"
    "memorysetup-profiler-bucket-allocator-bucket-count=8"
    "memorysetup-profiler-bucket-allocator-block-size=33554432"
    "memorysetup-profiler-bucket-allocator-block-count=8"
    "memorysetup-profiler-allocator-block-size=16777216"
    "memorysetup-profiler-editor-allocator-block-size=1048576"
    "memorysetup-temp-allocator-size-main=16777216"
    "memorysetup-job-temp-allocator-block-size=2097152"
    "memorysetup-job-temp-allocator-block-size-background=1048576"
    "memorysetup-job-temp-allocator-reduction-small-platforms=262144"
    "memorysetup-allocator-temp-initial-block-size-main=262144"
    "memorysetup-allocator-temp-initial-block-size-worker=262144"
    "memorysetup-temp-allocator-size-background-worker=32768"
    "memorysetup-temp-allocator-size-job-worker=262144"
    "memorysetup-temp-allocator-size-preload-manager=33554432"
    "memorysetup-temp-allocator-size-nav-mesh-worker=65536"
    "memorysetup-temp-allocator-size-audio-worker=65536"
    "memorysetup-temp-allocator-size-cloud-worker=32768"
    "memorysetup-temp-allocator-size-gi-baking-worker=262144"
    "memorysetup-temp-allocator-size-gfx=262144"
Player connection [19680]  Target information:

Player connection [19680]  * "[IP] 192.168.56.1 [Port] 0 [Flags] 2 [Guid] 866640064 [EditorId] 866640064 [Version] 1048832 [Id] WindowsEditor(7,TUFA15) [Debug] 1 [PackageName] WindowsEditor [ProjectName] Editor" 

Player connection [19680]  * "[IP] 192.168.1.13 [Port] 0 [Flags] 2 [Guid] 866640064 [EditorId] 866640064 [Version] 1048832 [Id] WindowsEditor(7,TUFA15) [Debug] 1 [PackageName] WindowsEditor [ProjectName] Editor" 

Player connection [19680] Host joined multi-casting on [225.0.0.222:54997]...
Player connection [19680] Host joined alternative multi-casting on [225.0.0.222:34997]...
Input System module state changed to: Initialized.
[PhysX] Initialized MultithreadedTaskDispatcher with 16 workers.
Refreshing native plugins compatible for Editor in 236.87 ms, found 4 plugins.
Preloading 0 native plugins for Editor in 0.00 ms.
Initialize engine version: 2022.3.60f1 (5f63fdee6d95)
[Subsystems] Discovering subsystems at path D:/Apps/Editor/2022.3.60f1/Editor/Data/Resources/UnitySubsystems
[Subsystems] Discovering subsystems at path D:/Study/Code/Projects/DA_LTMCB/ExplodingKittens/Assets
GfxDevice: creating device client; threaded=0; jobified=0
Direct3D:
    Version:  Direct3D 11.0 [level 11.1]
    Renderer: NVIDIA GeForce RTX 4050 Laptop GPU (ID=0x28e1)
    Vendor:   NVIDIA
    VRAM:     5921 MB
    Driver:   32.0.15.7283
Initialize mono
Mono path[0] = 'D:/Apps/Editor/2022.3.60f1/Editor/Data/Managed'
Mono path[1] = 'D:/Apps/Editor/2022.3.60f1/Editor/Data/MonoBleedingEdge/lib/mono/unityjit-win32'
Mono config path = 'D:/Apps/Editor/2022.3.60f1/Editor/Data/MonoBleedingEdge/etc'
Using monoOptions --debugger-agent=transport=dt_socket,embedding=1,server=y,suspend=n,address=127.0.0.1:56464
Begin MonoManager ReloadAssembly
Registering precompiled unity dll's ...
Register platform support module: D:/Apps/Editor/2022.3.60f1/Editor/Data/PlaybackEngines/WindowsStandaloneSupport/UnityEditor.WindowsStandalone.Extensions.dll
Registered in 0.002539 seconds.
- Loaded All Assemblies, in  0.328 seconds
Native extension for WindowsStandalone target not found
Mono: successfully reloaded assembly
- Finished resetting the current domain, in  0.235 seconds
Domain Reload Profiling: 563ms
	BeginReloadAssembly (103ms)
		ExecutionOrderSort (0ms)
		DisableScriptedObjects (0ms)
		BackupInstance (0ms)
		ReleaseScriptingObjects (0ms)
		CreateAndSetChildDomain (1ms)
	RebuildCommonClasses (28ms)
	RebuildNativeTypeToScriptingClass (12ms)
	initialDomainReloadingComplete (41ms)
	LoadAllAssembliesAndSetupDomain (144ms)
		LoadAssemblies (102ms)
		RebuildTransferFunctionScriptingTraits (0ms)
		AnalyzeDomain (142ms)
			TypeCache.Refresh (140ms)
				TypeCache.ScanAssembly (125ms)
			ScanForSourceGeneratedMonoScriptInfo (0ms)
			ResolveRequiredComponents (0ms)
	FinalizeReload (236ms)
		ReleaseScriptCaches (0ms)
		RebuildScriptCaches (0ms)
		SetupLoadedEditorAssemblies (193ms)
			LogAssemblyErrors (0ms)
			InitializePlatformSupportModulesInManaged (7ms)
			SetLoadedEditorAssemblies (7ms)
			RefreshPlugins (0ms)
			BeforeProcessingInitializeOnLoad (2ms)
			ProcessInitializeOnLoadAttributes (131ms)
			ProcessInitializeOnLoadMethodAttributes (46ms)
			AfterProcessingInitializeOnLoad (0ms)
			EditorAssembliesLoaded (0ms)
		ExecutionOrderSort2 (0ms)
		AwakeInstancesAfterBackupRestoration (0ms)
========================================================================
Worker process is ready to serve import requests
Caller must complete domain reload
Begin MonoManager ReloadAssembly
- Loaded All Assemblies, in  0.772 seconds
Native extension for WindowsStandalone target not found
Mono: successfully reloaded assembly
- Finished resetting the current domain, in  0.686 seconds
Domain Reload Profiling: 1458ms
	BeginReloadAssembly (132ms)
		ExecutionOrderSort (0ms)
		DisableScriptedObjects (5ms)
		BackupInstance (0ms)
		ReleaseScriptingObjects (0ms)
		CreateAndSetChildDomain (23ms)
	RebuildCommonClasses (31ms)
	RebuildNativeTypeToScriptingClass (8ms)
	initialDomainReloadingComplete (38ms)
	LoadAllAssembliesAndSetupDomain (561ms)
		LoadAssemblies (433ms)
		RebuildTransferFunctionScriptingTraits (0ms)
		AnalyzeDomain (205ms)
			TypeCache.Refresh (168ms)
				TypeCache.ScanAssembly (149ms)
			ScanForSourceGeneratedMonoScriptInfo (25ms)
			ResolveRequiredComponents (10ms)
	FinalizeReload (686ms)
		ReleaseScriptCaches (0ms)
		RebuildScriptCaches (0ms)
		SetupLoadedEditorAssemblies (510ms)
			LogAssemblyErrors (0ms)
			InitializePlatformSupportModulesInManaged (6ms)
			SetLoadedEditorAssemblies (7ms)
			RefreshPlugins (0ms)
			BeforeProcessingInitializeOnLoad (85ms)
			ProcessInitializeOnLoadAttributes (331ms)
			ProcessInitializeOnLoadMethodAttributes (79ms)
			AfterProcessingInitializeOnLoad (2ms)
			EditorAssembliesLoaded (0ms)
		ExecutionOrderSort2 (0ms)
		AwakeInstancesAfterBackupRestoration (10ms)
database is locked
database is locked
Launched and connected shader compiler UnityShaderCompiler.exe after 0.08 seconds
Refreshing native plugins compatible for Editor in 4.17 ms, found 4 plugins.
Preloading 0 native plugins for Editor in 0.00 ms.
Unloading 5657 Unused Serialized files (Serialized files now loaded: 0)
Unloading 75 unused Assets / (3.6 MB). Loaded Objects now: 6088.
Memory consumption went from 218.8 MB to 215.2 MB.
Total: 17.112900 ms (FindLiveObjects: 1.594800 ms CreateObjectMapping: 0.747600 ms MarkObjects: 12.061900 ms  DeleteObjects: 2.707200 ms)

AssetImportParameters requested are different than current active one (requested -> active):
  custom:container-demuxer-ogg: 62fdf1f143b41e24485cea50d1cbac27 -> 
  custom:video-codec-MediaFoundation-h265: 746d11721c4dcdbdad8f713fa42b33f4 -> 
  custom:video-decoder-ogg-theora: a1e56fd34408186e4bbccfd4996cb3dc -> 
  custom:framework-win-MediaFoundation: 216162199b28c13a410421893ffa2e32 -> 
  custom:CustomObjectIndexerAttribute: 72b91833f83ae208fae7752999fa3104 -> 
  custom:container-demuxer-webm: 4f35f7cbe854078d1ac9338744f61a02 -> 
  custom:container-muxer-webm: aa71ff27fc2769a1b78a27578f13a17b -> 
  custom:video-decoder-webm-vp8: 9c59270c3fd7afecdb556c50c9e8de78 -> 
  custom:SearchIndexIgnoredProperties: e643bd26f0fe6173181afceb89e7c659 -> 
  custom:AudioImporter_EditorPlatform: d09bf68614088b80899f8185d706f6e7 -> 
  custom:video-encoder-webm-vp8: eb34c28f22e8b96e1ab97ce403110664 -> 
  custom:audio-decoder-ogg-vorbis: bf7c407c2cedff20999df2af8eb42d56 -> 
  custom:audio-encoder-webm-vorbis: bf7c407c2cedff20999df2af8eb42d56 -> 
========================================================================
Received Import Request.
  Time since last request: 120281.396198 seconds.
  path: Assets/Textures/Card/Card_39.png
  artifactKey: Guid(6ca9dbc52e94f73498772b94621b5326) Importer(815301076,1909f56bfc062723c751e8b465ee728b)
Start importing Assets/Textures/Card/Card_39.png using Guid(6ca9dbc52e94f73498772b94621b5326) Importer(815301076,1909f56bfc062723c751e8b465ee728b) [PhysX] Initialized MultithreadedTaskDispatcher with 16 workers.
[PhysX] Initialized MultithreadedTaskDispatcher with 16 workers.
 -> (artifact id: 'a2c04cf0b91aa38e091454155f563108') in 0.137218 seconds
Number of updated asset objects reloaded before import = 0
Number of asset objects unloaded after import = 3
========================================================================
Received Import Request.
  Time since last request: 0.000030 seconds.
  path: Assets/Textures/pixil-frame-0 (3).png
  artifactKey: Guid(766900048f88dfa4c86bb6f5f003164a) Importer(815301076,1909f56bfc062723c751e8b465ee728b)
Start importing Assets/Textures/pixil-frame-0 (3).png using Guid(766900048f88dfa4c86bb6f5f003164a) Importer(815301076,1909f56bfc062723c751e8b465ee728b) [PhysX] Initialized MultithreadedTaskDispatcher with 16 workers.
[PhysX] Initialized MultithreadedTaskDispatcher with 16 workers.
 -> (artifact id: '33ab0e307fc50d17962ac491deda7e75') in 0.023726 seconds
Number of updated asset objects reloaded before import = 0
Number of asset objects unloaded after import = 3
========================================================================
Received Import Request.
  Time since last request: 0.000021 seconds.
  path: Assets/Violet Theme Ui/Colored Icons/Crown 2.png
  artifactKey: Guid(6732a03145e8bd0408862257da102895) Importer(815301076,1909f56bfc062723c751e8b465ee728b)
Start importing Assets/Violet Theme Ui/Colored Icons/Crown 2.png using Guid(6732a03145e8bd0408862257da102895) Importer(815301076,1909f56bfc062723c751e8b465ee728b) [PhysX] Initialized MultithreadedTaskDispatcher with 16 workers.
[PhysX] Initialized MultithreadedTaskDispatcher with 16 workers.
 -> (artifact id: '4c6c0b5abdca9d650a9c0a4560215fbd') in 0.024865 seconds
Number of updated asset objects reloaded before import = 0
Number of asset objects unloaded after import = 3
========================================================================
Received Import Request.
  Time since last request: 0.000027 seconds.
  path: Assets/Violet Theme Ui/Colored Icons/Hour Glass.png
  artifactKey: Guid(647a538c2f2902245bf207b897881a5f) Importer(815301076,1909f56bfc062723c751e8b465ee728b)
Start importing Assets/Violet Theme Ui/Colored Icons/Hour Glass.png using Guid(647a538c2f2902245bf207b897881a5f) Importer(815301076,1909f56bfc062723c751e8b465ee728b) [PhysX] Initialized MultithreadedTaskDispatcher with 16 workers.
[PhysX] Initialized MultithreadedTaskDispatcher with 16 workers.
 -> (artifact id: 'cd9d32a2a56c2410e0c434793a40ddbb') in 0.021873 seconds
Number of updated asset objects reloaded before import = 0
Number of asset objects unloaded after import = 3
========================================================================
Received Import Request.
  Time since last request: 0.000035 seconds.
  path: Assets/Violet Theme Ui/Colored Icons/Silver Lock.png
  artifactKey: Guid(d36270e47d36e304a9d89c1fc73428e9) Importer(815301076,1909f56bfc062723c751e8b465ee728b)
Start importing Assets/Violet Theme Ui/Colored Icons/Silver Lock.png using Guid(d36270e47d36e304a9d89c1fc73428e9) Importer(815301076,1909f56bfc062723c751e8b465ee728b) [PhysX] Initialized MultithreadedTaskDispatcher with 16 workers.
[PhysX] Initialized MultithreadedTaskDispatcher with 16 workers.
 -> (artifact id: 'ca3f2c4ac00100a9437f0f071d0cfb0c') in 0.022815 seconds
Number of updated asset objects reloaded before import = 0
Number of asset objects unloaded after import = 3
========================================================================
Received Import Request.
  Time since last request: 0.000022 seconds.
  path: Assets/Violet Theme Ui/White Icons/White Armor.png
  artifactKey: Guid(a367f43326a9d9a4aa4b7c39e8652c01) Importer(815301076,1909f56bfc062723c751e8b465ee728b)
Start importing Assets/Violet Theme Ui/White Icons/White Armor.png using Guid(a367f43326a9d9a4aa4b7c39e8652c01) Importer(815301076,1909f56bfc062723c751e8b465ee728b) [PhysX] Initialized MultithreadedTaskDispatcher with 16 workers.
[PhysX] Initialized MultithreadedTaskDispatcher with 16 workers.
 -> (artifact id: '538145cd4d35057203b48621faf5528a') in 0.049881 seconds
Number of updated asset objects reloaded before import = 0
Number of asset objects unloaded after import = 3
========================================================================
Received Import Request.
  Time since last request: 0.000022 seconds.
  path: Assets/Violet Theme Ui/Panels/Dark Panels Style 2 Violet.png
  artifactKey: Guid(2423bc8beede9344d98c41e18af1a299) Importer(815301076,1909f56bfc062723c751e8b465ee728b)
Start importing Assets/Violet Theme Ui/Panels/Dark Panels Style 2 Violet.png using Guid(2423bc8beede9344d98c41e18af1a299) Importer(815301076,1909f56bfc062723c751e8b465ee728b) [PhysX] Initialized MultithreadedTaskDispatcher with 16 workers.
[PhysX] Initialized MultithreadedTaskDispatcher with 16 workers.
 -> (artifact id: 'e6d33c6888077fc34e151250c723a71d') in 0.038903 seconds
Number of updated asset objects reloaded before import = 0
Number of asset objects unloaded after import = 3
========================================================================
Received Import Request.
  Time since last request: 0.000019 seconds.
  path: Assets/Violet Theme Ui/White Icons/White Alarm 2.png
  artifactKey: Guid(e3937cebe64821a4f82f9d49c3c175db) Importer(815301076,1909f56bfc062723c751e8b465ee728b)
Start importing Assets/Violet Theme Ui/White Icons/White Alarm 2.png using Guid(e3937cebe64821a4f82f9d49c3c175db) Importer(815301076,1909f56bfc062723c751e8b465ee728b) [PhysX] Initialized MultithreadedTaskDispatcher with 16 workers.
[PhysX] Initialized MultithreadedTaskDispatcher with 16 workers.
 -> (artifact id: '0a8810663d996b99d51d397a239a2dad') in 0.020703 seconds
Number of updated asset objects reloaded before import = 0
Number of asset objects unloaded after import = 3
========================================================================
Received Import Request.
  Time since last request: 0.000026 seconds.
  path: Assets/Violet Theme Ui/Sliders/Handle Blue.png
  artifactKey: Guid(90a65e5f1a9c4c04a89791b3a9eda3c9) Importer(815301076,1909f56bfc062723c751e8b465ee728b)
Start importing Assets/Violet Theme Ui/Sliders/Handle Blue.png using Guid(90a65e5f1a9c4c04a89791b3a9eda3c9) Importer(815301076,1909f56bfc062723c751e8b465ee728b) [PhysX] Initialized MultithreadedTaskDispatcher with 16 workers.
[PhysX] Initialized MultithreadedTaskDispatcher with 16 workers.
 -> (artifact id: '5e0622b9644eb545bf3fd5c1acb6ce59') in 0.017047 seconds
Number of updated asset objects reloaded before import = 0
Number of asset objects unloaded after import = 3
========================================================================
Received Import Request.
  Time since last request: 0.000061 seconds.
  path: Assets/Violet Theme Ui/Colored Icons/Hammer.png
  artifactKey: Guid(c83fa2ac472c64145a29bad9c05a9a50) Importer(815301076,1909f56bfc062723c751e8b465ee728b)
Start importing Assets/Violet Theme Ui/Colored Icons/Hammer.png using Guid(c83fa2ac472c64145a29bad9c05a9a50) Importer(815301076,1909f56bfc062723c751e8b465ee728b) [PhysX] Initialized MultithreadedTaskDispatcher with 16 workers.
[PhysX] Initialized MultithreadedTaskDispatcher with 16 workers.
 -> (artifact id: '71f07cbe0a8c39bff38a23dbe2cf64f0') in 0.019581 seconds
Number of updated asset objects reloaded before import = 0
Number of asset objects unloaded after import = 3
========================================================================
Received Import Request.
  Time since last request: 0.000037 seconds.
  path: Assets/Violet Theme Ui/Progress Bars/Progress Bar Pink.png
  artifactKey: Guid(bc5c9842ed20fb14eab8fca166a60f01) Importer(815301076,1909f56bfc062723c751e8b465ee728b)
Start importing Assets/Violet Theme Ui/Progress Bars/Progress Bar Pink.png using Guid(bc5c9842ed20fb14eab8fca166a60f01) Importer(815301076,1909f56bfc062723c751e8b465ee728b) [PhysX] Initialized MultithreadedTaskDispatcher with 16 workers.
[PhysX] Initialized MultithreadedTaskDispatcher with 16 workers.
 -> (artifact id: '951d88b3e4660efd7b040a7622f62748') in 0.018437 seconds
Number of updated asset objects reloaded before import = 0
Number of asset objects unloaded after import = 3
========================================================================
Received Import Request.
  Time since last request: 0.000026 seconds.
  path: Assets/Violet Theme Ui/Buttons/Button Pink.png
  artifactKey: Guid(6c083c68f537d944db0c5a63177e9627) Importer(815301076,1909f56bfc062723c751e8b465ee728b)
Start importing Assets/Violet Theme Ui/Buttons/Button Pink.png using Guid(6c083c68f537d944db0c5a63177e9627) Importer(815301076,1909f56bfc062723c751e8b465ee728b) [PhysX] Initialized MultithreadedTaskDispatcher with 16 workers.
[PhysX] Initialized MultithreadedTaskDispatcher with 16 workers.
 -> (artifact id: '7b6cb15f182698099038c901521759ae') in 0.044547 seconds
Number of updated asset objects reloaded before import = 0
Number of asset objects unloaded after import = 3
========================================================================
Received Import Request.
  Time since last request: 0.000023 seconds.
  path: Assets/Textures/Table.png
  artifactKey: Guid(3a598ac2e37bf4b479dee53e3c9e6454) Importer(815301076,1909f56bfc062723c751e8b465ee728b)
Start importing Assets/Textures/Table.png using Guid(3a598ac2e37bf4b479dee53e3c9e6454) Importer(815301076,1909f56bfc062723c751e8b465ee728b) [PhysX] Initialized MultithreadedTaskDispatcher with 16 workers.
[PhysX] Initialized MultithreadedTaskDispatcher with 16 workers.
 -> (artifact id: '457e423ad3e84276bcd9472d9c4eaa67') in 0.045320 seconds
Number of updated asset objects reloaded before import = 0
Number of asset objects unloaded after import = 3
========================================================================
Received Import Request.
  Time since last request: 0.000025 seconds.
  path: Assets/Violet Theme Ui/White Icons/White Airplane.png
  artifactKey: Guid(3d791145439c0ca448d67c427d476b89) Importer(815301076,1909f56bfc062723c751e8b465ee728b)
Start importing Assets/Violet Theme Ui/White Icons/White Airplane.png using Guid(3d791145439c0ca448d67c427d476b89) Importer(815301076,1909f56bfc062723c751e8b465ee728b) [PhysX] Initialized MultithreadedTaskDispatcher with 16 workers.
[PhysX] Initialized MultithreadedTaskDispatcher with 16 workers.
 -> (artifact id: '54a725ba13bba9be38bd20c6a0c923bd') in 0.018347 seconds
Number of updated asset objects reloaded before import = 0
Number of asset objects unloaded after import = 3
========================================================================
Received Import Request.
  Time since last request: 0.000023 seconds.
  path: Assets/Violet Theme Ui/Colored Icons/Heart.png
  artifactKey: Guid(2b8558b645a07d74582677fd0bf9dfa9) Importer(815301076,1909f56bfc062723c751e8b465ee728b)
Start importing Assets/Violet Theme Ui/Colored Icons/Heart.png using Guid(2b8558b645a07d74582677fd0bf9dfa9) Importer(815301076,1909f56bfc062723c751e8b465ee728b) [PhysX] Initialized MultithreadedTaskDispatcher with 16 workers.
[PhysX] Initialized MultithreadedTaskDispatcher with 16 workers.
 -> (artifact id: 'd1d2a411011dc79115ba09851748b7d4') in 0.044579 seconds
Number of updated asset objects reloaded before import = 0
Number of asset objects unloaded after import = 3
========================================================================
Received Import Request.
  Time since last request: 0.000020 seconds.
  path: Assets/Violet Theme Ui/Buttons/Button Yellow.png
  artifactKey: Guid(e869268efd7d38745a52967381cef55f) Importer(815301076,1909f56bfc062723c751e8b465ee728b)
Start importing Assets/Violet Theme Ui/Buttons/Button Yellow.png using Guid(e869268efd7d38745a52967381cef55f) Importer(815301076,1909f56bfc062723c751e8b465ee728b) [PhysX] Initialized MultithreadedTaskDispatcher with 16 workers.
[PhysX] Initialized MultithreadedTaskDispatcher with 16 workers.
 -> (artifact id: 'e194e50bc575203c3e7182506957fab1') in 0.024303 seconds
Number of updated asset objects reloaded before import = 0
Number of asset objects unloaded after import = 3
========================================================================
Received Import Request.
  Time since last request: 0.000029 seconds.
  path: Assets/Violet Theme Ui/Colored Icons/Gem 1 Purple.png
  artifactKey: Guid(7ae2be9a267597a4596c1cdebed8f84d) Importer(815301076,1909f56bfc062723c751e8b465ee728b)
Start importing Assets/Violet Theme Ui/Colored Icons/Gem 1 Purple.png using Guid(7ae2be9a267597a4596c1cdebed8f84d) Importer(815301076,1909f56bfc062723c751e8b465ee728b) [PhysX] Initialized MultithreadedTaskDispatcher with 16 workers.
[PhysX] Initialized MultithreadedTaskDispatcher with 16 workers.
 -> (artifact id: 'fd5d412cecba708d2feaa018a651bfac') in 0.021257 seconds
Number of updated asset objects reloaded before import = 0
Number of asset objects unloaded after import = 3
========================================================================
Received Import Request.
  Time since last request: 0.000033 seconds.
  path: Assets/Violet Theme Ui/Panels/Dark Panels Style 2 Green.png
  artifactKey: Guid(b40d433859d7ac84bbaef8c466cbe4f1) Importer(815301076,1909f56bfc062723c751e8b465ee728b)
Start importing Assets/Violet Theme Ui/Panels/Dark Panels Style 2 Green.png using Guid(b40d433859d7ac84bbaef8c466cbe4f1) Importer(815301076,1909f56bfc062723c751e8b465ee728b) [PhysX] Initialized MultithreadedTaskDispatcher with 16 workers.
[PhysX] Initialized MultithreadedTaskDispatcher with 16 workers.
 -> (artifact id: '295e261548e0152d9583e2ae43fa9ab3') in 0.036351 seconds
Number of updated asset objects reloaded before import = 0
Number of asset objects unloaded after import = 3
========================================================================
Received Import Request.
  Time since last request: 0.000023 seconds.
  path: Assets/Textures/Card/Card_28.png
  artifactKey: Guid(e7d6c72f8cd4d164988c16a8d658ecd0) Importer(815301076,1909f56bfc062723c751e8b465ee728b)
Start importing Assets/Textures/Card/Card_28.png using Guid(e7d6c72f8cd4d164988c16a8d658ecd0) Importer(815301076,1909f56bfc062723c751e8b465ee728b) [PhysX] Initialized MultithreadedTaskDispatcher with 16 workers.
[PhysX] Initialized MultithreadedTaskDispatcher with 16 workers.
 -> (artifact id: '891cd8479221bc2919d4e18c0503bd47') in 0.030784 seconds
Number of updated asset objects reloaded before import = 0
Number of asset objects unloaded after import = 3
========================================================================
Received Import Request.
  Time since last request: 0.000021 seconds.
  path: Assets/Violet Theme Ui/Buttons/Button Purple.png
  artifactKey: Guid(4046d85c2755cda44b0f81bbd3d35cb0) Importer(815301076,1909f56bfc062723c751e8b465ee728b)
Start importing Assets/Violet Theme Ui/Buttons/Button Purple.png using Guid(4046d85c2755cda44b0f81bbd3d35cb0) Importer(815301076,1909f56bfc062723c751e8b465ee728b) [PhysX] Initialized MultithreadedTaskDispatcher with 16 workers.
[PhysX] Initialized MultithreadedTaskDispatcher with 16 workers.
 -> (artifact id: '3059d6b15840a84baf69109f44ecfc75') in 0.022109 seconds
Number of updated asset objects reloaded before import = 0
Number of asset objects unloaded after import = 3
========================================================================
Received Import Request.
  Time since last request: 0.000018 seconds.
  path: Assets/Violet Theme Ui/Colored Icons/Gold Lock.png
  artifactKey: Guid(38ddff12778ca354e99a1f645644de56) Importer(815301076,1909f56bfc062723c751e8b465ee728b)
Start importing Assets/Violet Theme Ui/Colored Icons/Gold Lock.png using Guid(38ddff12778ca354e99a1f645644de56) Importer(815301076,1909f56bfc062723c751e8b465ee728b) [PhysX] Initialized MultithreadedTaskDispatcher with 16 workers.
[PhysX] Initialized MultithreadedTaskDispatcher with 16 workers.
 -> (artifact id: 'd555deb4bddec76c5680990efe776883') in 0.023675 seconds
Number of updated asset objects reloaded before import = 0
Number of asset objects unloaded after import = 3
========================================================================
Received Import Request.
  Time since last request: 0.000024 seconds.
  path: Assets/Violet Theme Ui/Colored Icons/Mail.png
  artifactKey: Guid(f43100988deb27a49af0a774cfabca2f) Importer(815301076,1909f56bfc062723c751e8b465ee728b)
Start importing Assets/Violet Theme Ui/Colored Icons/Mail.png using Guid(f43100988deb27a49af0a774cfabca2f) Importer(815301076,1909f56bfc062723c751e8b465ee728b) [PhysX] Initialized MultithreadedTaskDispatcher with 16 workers.
[PhysX] Initialized MultithreadedTaskDispatcher with 16 workers.
 -> (artifact id: '3a65efec91107fe2726e1e88b77f226d') in 0.027533 seconds
Number of updated asset objects reloaded before import = 0
Number of asset objects unloaded after import = 3
========================================================================
Received Import Request.
  Time since last request: 0.000024 seconds.
  path: Assets/Violet Theme Ui/Colored Icons/Close.png
  artifactKey: Guid(cbf58c37249d82a4e97598dfc07d9058) Importer(815301076,1909f56bfc062723c751e8b465ee728b)
Start importing Assets/Violet Theme Ui/Colored Icons/Close.png using Guid(cbf58c37249d82a4e97598dfc07d9058) Importer(815301076,1909f56bfc062723c751e8b465ee728b) [PhysX] Initialized MultithreadedTaskDispatcher with 16 workers.
[PhysX] Initialized MultithreadedTaskDispatcher with 16 workers.
 -> (artifact id: '68ec9067debd4868fd098540aee7b3fe') in 0.022328 seconds
Number of updated asset objects reloaded before import = 0
Number of asset objects unloaded after import = 3
========================================================================
Received Import Request.
  Time since last request: 0.000024 seconds.
  path: Assets/Violet Theme Ui/Colored Icons/Box.png
  artifactKey: Guid(45ab094653c66ba40a2ca337adf32ff4) Importer(815301076,1909f56bfc062723c751e8b465ee728b)
Start importing Assets/Violet Theme Ui/Colored Icons/Box.png using Guid(45ab094653c66ba40a2ca337adf32ff4) Importer(815301076,1909f56bfc062723c751e8b465ee728b) [PhysX] Initialized MultithreadedTaskDispatcher with 16 workers.
[PhysX] Initialized MultithreadedTaskDispatcher with 16 workers.
 -> (artifact id: 'b93763482a00c31e04c34866273995bd') in 0.021869 seconds
Number of updated asset objects reloaded before import = 0
Number of asset objects unloaded after import = 3
========================================================================
Received Import Request.
  Time since last request: 0.000025 seconds.
  path: Assets/Textures/Card/Card_17.png
  artifactKey: Guid(d177b9868b34afe40bc5c11cef4dab02) Importer(815301076,1909f56bfc062723c751e8b465ee728b)
Start importing Assets/Textures/Card/Card_17.png using Guid(d177b9868b34afe40bc5c11cef4dab02) Importer(815301076,1909f56bfc062723c751e8b465ee728b) [PhysX] Initialized MultithreadedTaskDispatcher with 16 workers.
[PhysX] Initialized MultithreadedTaskDispatcher with 16 workers.
 -> (artifact id: '462038f988ef5d9972be7c11e97c26fc') in 0.026168 seconds
Number of updated asset objects reloaded before import = 0
Number of asset objects unloaded after import = 3
========================================================================
Received Import Request.
  Time since last request: 0.000036 seconds.
  path: Assets/Violet Theme Ui/Buttons/Button Violet.png
  artifactKey: Guid(2204c5120d209e24b8d8473101c0670f) Importer(815301076,1909f56bfc062723c751e8b465ee728b)
Start importing Assets/Violet Theme Ui/Buttons/Button Violet.png using Guid(2204c5120d209e24b8d8473101c0670f) Importer(815301076,1909f56bfc062723c751e8b465ee728b) [PhysX] Initialized MultithreadedTaskDispatcher with 16 workers.
[PhysX] Initialized MultithreadedTaskDispatcher with 16 workers.
 -> (artifact id: '5900c071981f8c767a2aaa8b624ec554') in 0.024210 seconds
Number of updated asset objects reloaded before import = 0
Number of asset objects unloaded after import = 3
========================================================================
Received Import Request.
  Time since last request: 0.000021 seconds.
  path: Assets/Violet Theme Ui/Colored Icons/Sack Of Coin.png
  artifactKey: Guid(1c959de863dbbf441a16e5ff5d2502f2) Importer(815301076,1909f56bfc062723c751e8b465ee728b)
Start importing Assets/Violet Theme Ui/Colored Icons/Sack Of Coin.png using Guid(1c959de863dbbf441a16e5ff5d2502f2) Importer(815301076,1909f56bfc062723c751e8b465ee728b) [PhysX] Initialized MultithreadedTaskDispatcher with 16 workers.
[PhysX] Initialized MultithreadedTaskDispatcher with 16 workers.
 -> (artifact id: '38af3bd1c39ceabce715eec526d0a534') in 0.023313 seconds
Number of updated asset objects reloaded before import = 0
Number of asset objects unloaded after import = 3
========================================================================
Received Import Request.
  Time since last request: 0.000028 seconds.
  path: Assets/Textures/Card/Card_5.png
  artifactKey: Guid(ccbe812e25b94b3468c029ce3d15aad6) Importer(815301076,1909f56bfc062723c751e8b465ee728b)
Start importing Assets/Textures/Card/Card_5.png using Guid(ccbe812e25b94b3468c029ce3d15aad6) Importer(815301076,1909f56bfc062723c751e8b465ee728b) [PhysX] Initialized MultithreadedTaskDispatcher with 16 workers.
[PhysX] Initialized MultithreadedTaskDispatcher with 16 workers.
 -> (artifact id: '83795bc10cc13ce7ed0d73e97b80d18e') in 0.023434 seconds
Number of updated asset objects reloaded before import = 0
Number of asset objects unloaded after import = 3
========================================================================
Received Import Request.
  Time since last request: 0.000025 seconds.
  path: Assets/Textures/Card/Card_35.png
  artifactKey: Guid(f8cf96d167fabcf48a7f378e5bbb7ea1) Importer(815301076,1909f56bfc062723c751e8b465ee728b)
Start importing Assets/Textures/Card/Card_35.png using Guid(f8cf96d167fabcf48a7f378e5bbb7ea1) Importer(815301076,1909f56bfc062723c751e8b465ee728b) [PhysX] Initialized MultithreadedTaskDispatcher with 16 workers.
[PhysX] Initialized MultithreadedTaskDispatcher with 16 workers.
 -> (artifact id: '2dc0a50b3cec85ced0aea7c3e43a6391') in 0.022014 seconds
Number of updated asset objects reloaded before import = 0
Number of asset objects unloaded after import = 3
========================================================================
Received Import Request.
  Time since last request: 0.000021 seconds.
  path: Assets/Violet Theme Ui/Colored Icons/Silver Key.png
  artifactKey: Guid(470da63d7c6afa64db7287d30ce49c90) Importer(815301076,1909f56bfc062723c751e8b465ee728b)
Start importing Assets/Violet Theme Ui/Colored Icons/Silver Key.png using Guid(470da63d7c6afa64db7287d30ce49c90) Importer(815301076,1909f56bfc062723c751e8b465ee728b) [PhysX] Initialized MultithreadedTaskDispatcher with 16 workers.
[PhysX] Initialized MultithreadedTaskDispatcher with 16 workers.
 -> (artifact id: 'ae5ae69374d7f6ca65e04c62ecf2c8da') in 0.017967 seconds
Number of updated asset objects reloaded before import = 0
Number of asset objects unloaded after import = 3
========================================================================
Received Import Request.
  Time since last request: 0.000021 seconds.
  path: Assets/Violet Theme Ui/Buttons/Misc/Small Square Button Red.png
  artifactKey: Guid(fa360ec6245a3dd43bfbae1ac1093a6e) Importer(815301076,1909f56bfc062723c751e8b465ee728b)
Start importing Assets/Violet Theme Ui/Buttons/Misc/Small Square Button Red.png using Guid(fa360ec6245a3dd43bfbae1ac1093a6e) Importer(815301076,1909f56bfc062723c751e8b465ee728b) [PhysX] Initialized MultithreadedTaskDispatcher with 16 workers.
[PhysX] Initialized MultithreadedTaskDispatcher with 16 workers.
 -> (artifact id: '44d3d355db46723a095f60d363560af5') in 0.019501 seconds
Number of updated asset objects reloaded before import = 0
Number of asset objects unloaded after import = 3
========================================================================
Received Import Request.
  Time since last request: 0.000024 seconds.
  path: Assets/Violet Theme Ui/Colored Icons/Settings.png
  artifactKey: Guid(48b0fefc4a72a0f4387285d695ca3e0a) Importer(815301076,1909f56bfc062723c751e8b465ee728b)
Start importing Assets/Violet Theme Ui/Colored Icons/Settings.png using Guid(48b0fefc4a72a0f4387285d695ca3e0a) Importer(815301076,1909f56bfc062723c751e8b465ee728b) [PhysX] Initialized MultithreadedTaskDispatcher with 16 workers.
[PhysX] Initialized MultithreadedTaskDispatcher with 16 workers.
 -> (artifact id: '7366b7c7487977e2f07d9e74c0acde3f') in 0.024088 seconds
Number of updated asset objects reloaded before import = 0
Number of asset objects unloaded after import = 3
========================================================================
Received Import Request.
  Time since last request: 0.000024 seconds.
  path: Assets/Violet Theme Ui/Toggles/Toggle Fill Red.png
  artifactKey: Guid(02af5e18a2327994c985f34a6152592a) Importer(815301076,1909f56bfc062723c751e8b465ee728b)
Start importing Assets/Violet Theme Ui/Toggles/Toggle Fill Red.png using Guid(02af5e18a2327994c985f34a6152592a) Importer(815301076,1909f56bfc062723c751e8b465ee728b) [PhysX] Initialized MultithreadedTaskDispatcher with 16 workers.
[PhysX] Initialized MultithreadedTaskDispatcher with 16 workers.
 -> (artifact id: 'd282392f024bc87f073bdfb74b1c0ede') in 0.020399 seconds
Number of updated asset objects reloaded before import = 0
Number of asset objects unloaded after import = 3
========================================================================
Received Import Request.
  Time since last request: 0.000037 seconds.
  path: Assets/Violet Theme Ui/Colored Icons/leaf.png
  artifactKey: Guid(a191b676b9627ca44aceb3a028607100) Importer(815301076,1909f56bfc062723c751e8b465ee728b)
Start importing Assets/Violet Theme Ui/Colored Icons/leaf.png using Guid(a191b676b9627ca44aceb3a028607100) Importer(815301076,1909f56bfc062723c751e8b465ee728b) [PhysX] Initialized MultithreadedTaskDispatcher with 16 workers.
[PhysX] Initialized MultithreadedTaskDispatcher with 16 workers.
 -> (artifact id: 'ebbb9354202a3e6f3a3832e512cd9525') in 0.019541 seconds
Number of updated asset objects reloaded before import = 0
Number of asset objects unloaded after import = 3
========================================================================
Received Import Request.
  Time since last request: 0.000028 seconds.
  path: Assets/Violet Theme Ui/Colored Icons/Film.png
  artifactKey: Guid(0147758256f443c4aabf6e3f2478115a) Importer(815301076,1909f56bfc062723c751e8b465ee728b)
Start importing Assets/Violet Theme Ui/Colored Icons/Film.png using Guid(0147758256f443c4aabf6e3f2478115a) Importer(815301076,1909f56bfc062723c751e8b465ee728b) [PhysX] Initialized MultithreadedTaskDispatcher with 16 workers.
[PhysX] Initialized MultithreadedTaskDispatcher with 16 workers.
 -> (artifact id: '9307d919dc0c0480f2753d4dd6a704cb') in 0.022921 seconds
Number of updated asset objects reloaded before import = 0
Number of asset objects unloaded after import = 3
========================================================================
Received Import Request.
  Time since last request: 0.000035 seconds.
  path: Assets/Violet Theme Ui/Sliders/Handle Violet.png
  artifactKey: Guid(1bf6b9a3ebb8b9444b55cca415d03ac5) Importer(815301076,1909f56bfc062723c751e8b465ee728b)
Start importing Assets/Violet Theme Ui/Sliders/Handle Violet.png using Guid(1bf6b9a3ebb8b9444b55cca415d03ac5) Importer(815301076,1909f56bfc062723c751e8b465ee728b) [PhysX] Initialized MultithreadedTaskDispatcher with 16 workers.
[PhysX] Initialized MultithreadedTaskDispatcher with 16 workers.
 -> (artifact id: '53c0cbeaa6929a6e734e083fa6a4bd8f') in 0.018200 seconds
Number of updated asset objects reloaded before import = 0
Number of asset objects unloaded after import = 3
========================================================================
Received Import Request.
  Time since last request: 0.000025 seconds.
  path: Assets/Violet Theme Ui/Toggles/Toggle Fill Green.png
  artifactKey: Guid(5505ccb1a0cf5054393f94195e4cd60f) Importer(815301076,1909f56bfc062723c751e8b465ee728b)
Start importing Assets/Violet Theme Ui/Toggles/Toggle Fill Green.png using Guid(5505ccb1a0cf5054393f94195e4cd60f) Importer(815301076,1909f56bfc062723c751e8b465ee728b) [PhysX] Initialized MultithreadedTaskDispatcher with 16 workers.
[PhysX] Initialized MultithreadedTaskDispatcher with 16 workers.
 -> (artifact id: '17cebdff262ecb5093bc614cd3f35eac') in 0.024606 seconds
Number of updated asset objects reloaded before import = 0
Number of asset objects unloaded after import = 3
========================================================================
Received Import Request.
  Time since last request: 0.000020 seconds.
  path: Assets/Textures/Card/Card_41.png
  artifactKey: Guid(0ffcbf64a0c94e84e9472994571af296) Importer(815301076,1909f56bfc062723c751e8b465ee728b)
Start importing Assets/Textures/Card/Card_41.png using Guid(0ffcbf64a0c94e84e9472994571af296) Importer(815301076,1909f56bfc062723c751e8b465ee728b) [PhysX] Initialized MultithreadedTaskDispatcher with 16 workers.
[PhysX] Initialized MultithreadedTaskDispatcher with 16 workers.
 -> (artifact id: '28197a759d0c9122f5f776d82be5238d') in 0.022947 seconds
Number of updated asset objects reloaded before import = 0
Number of asset objects unloaded after import = 3
========================================================================
Received Import Request.
  Time since last request: 0.000021 seconds.
  path: Assets/Violet Theme Ui/Colored Icons/Battery.png
  artifactKey: Guid(4373b5a1916f3a8468bc2b0fdefa655e) Importer(815301076,1909f56bfc062723c751e8b465ee728b)
Start importing Assets/Violet Theme Ui/Colored Icons/Battery.png using Guid(4373b5a1916f3a8468bc2b0fdefa655e) Importer(815301076,1909f56bfc062723c751e8b465ee728b) [PhysX] Initialized MultithreadedTaskDispatcher with 16 workers.
[PhysX] Initialized MultithreadedTaskDispatcher with 16 workers.
 -> (artifact id: 'fdf0ae85cb56b932bb7db71ff8ed158f') in 0.021467 seconds
Number of updated asset objects reloaded before import = 0
Number of asset objects unloaded after import = 3
========================================================================
Received Import Request.
  Time since last request: 0.000034 seconds.
  path: Assets/Violet Theme Ui/Buttons/Button Green.png
  artifactKey: Guid(c77a20011fee4694cb75577a7509ffda) Importer(815301076,1909f56bfc062723c751e8b465ee728b)
Start importing Assets/Violet Theme Ui/Buttons/Button Green.png using Guid(c77a20011fee4694cb75577a7509ffda) Importer(815301076,1909f56bfc062723c751e8b465ee728b) [PhysX] Initialized MultithreadedTaskDispatcher with 16 workers.
[PhysX] Initialized MultithreadedTaskDispatcher with 16 workers.
 -> (artifact id: '63aa1d726f051890073d7318d6cb016c') in 0.022301 seconds
Number of updated asset objects reloaded before import = 0
Number of asset objects unloaded after import = 3
========================================================================
Received Import Request.
  Time since last request: 0.000020 seconds.
  path: Assets/Violet Theme Ui/Colored Icons/orange.png
  artifactKey: Guid(b26193825d007d7419f7e53259af7102) Importer(815301076,1909f56bfc062723c751e8b465ee728b)
Start importing Assets/Violet Theme Ui/Colored Icons/orange.png using Guid(b26193825d007d7419f7e53259af7102) Importer(815301076,1909f56bfc062723c751e8b465ee728b) [PhysX] Initialized MultithreadedTaskDispatcher with 16 workers.
[PhysX] Initialized MultithreadedTaskDispatcher with 16 workers.
 -> (artifact id: 'd9777afab64dcbe0fc0d057a1ec54d43') in 0.020058 seconds
Number of updated asset objects reloaded before import = 0
Number of asset objects unloaded after import = 3
========================================================================
Received Import Request.
  Time since last request: 0.000020 seconds.
  path: Assets/Violet Theme Ui/Colored Icons/Lock 2.png
  artifactKey: Guid(a767c174fe4153d4f80fe923fd478424) Importer(815301076,1909f56bfc062723c751e8b465ee728b)
Start importing Assets/Violet Theme Ui/Colored Icons/Lock 2.png using Guid(a767c174fe4153d4f80fe923fd478424) Importer(815301076,1909f56bfc062723c751e8b465ee728b) [PhysX] Initialized MultithreadedTaskDispatcher with 16 workers.
[PhysX] Initialized MultithreadedTaskDispatcher with 16 workers.
 -> (artifact id: '13b1f0a773a495c6f6396001ef36556c') in 0.020410 seconds
Number of updated asset objects reloaded before import = 0
Number of asset objects unloaded after import = 3
========================================================================
Received Import Request.
  Time since last request: 0.000023 seconds.
  path: Assets/Violet Theme Ui/GemsAndCoins/Coin Sack.png
  artifactKey: Guid(f02467aee785ccf49a986c09192b2bee) Importer(815301076,1909f56bfc062723c751e8b465ee728b)
Start importing Assets/Violet Theme Ui/GemsAndCoins/Coin Sack.png using Guid(f02467aee785ccf49a986c09192b2bee) Importer(815301076,1909f56bfc062723c751e8b465ee728b) [PhysX] Initialized MultithreadedTaskDispatcher with 16 workers.
[PhysX] Initialized MultithreadedTaskDispatcher with 16 workers.
 -> (artifact id: 'cf4abef0b10d6c3280a3888aa2172743') in 0.021423 seconds
Number of updated asset objects reloaded before import = 0
Number of asset objects unloaded after import = 3
========================================================================
Received Import Request.
  Time since last request: 0.000027 seconds.
  path: Assets/Violet Theme Ui/Colored Icons/Badge.png
  artifactKey: Guid(55b1b7c646982a049b43cadc6fe191fa) Importer(815301076,1909f56bfc062723c751e8b465ee728b)
Start importing Assets/Violet Theme Ui/Colored Icons/Badge.png using Guid(55b1b7c646982a049b43cadc6fe191fa) Importer(815301076,1909f56bfc062723c751e8b465ee728b) [PhysX] Initialized MultithreadedTaskDispatcher with 16 workers.
[PhysX] Initialized MultithreadedTaskDispatcher with 16 workers.
 -> (artifact id: '4c8d108100136e37a6a6c8ad15d93362') in 0.023956 seconds
Number of updated asset objects reloaded before import = 0
Number of asset objects unloaded after import = 3
========================================================================
Received Import Request.
  Time since last request: 0.000019 seconds.
  path: Assets/Violet Theme Ui/Colored Icons/Coin.png
  artifactKey: Guid(93978dcbff65c754c82f146ed36c1c45) Importer(815301076,1909f56bfc062723c751e8b465ee728b)
Start importing Assets/Violet Theme Ui/Colored Icons/Coin.png using Guid(93978dcbff65c754c82f146ed36c1c45) Importer(815301076,1909f56bfc062723c751e8b465ee728b) [PhysX] Initialized MultithreadedTaskDispatcher with 16 workers.
[PhysX] Initialized MultithreadedTaskDispatcher with 16 workers.
 -> (artifact id: '9b5869e0ff59628597a8ad9a5eedee25') in 0.020415 seconds
Number of updated asset objects reloaded before import = 0
Number of asset objects unloaded after import = 3
========================================================================
Received Import Request.
  Time since last request: 0.000022 seconds.
  path: Assets/Violet Theme Ui/Buttons/Button Red.png
  artifactKey: Guid(f05ec7f8583bfa3468fb8958e87e24d9) Importer(815301076,1909f56bfc062723c751e8b465ee728b)
Start importing Assets/Violet Theme Ui/Buttons/Button Red.png using Guid(f05ec7f8583bfa3468fb8958e87e24d9) Importer(815301076,1909f56bfc062723c751e8b465ee728b) [PhysX] Initialized MultithreadedTaskDispatcher with 16 workers.
[PhysX] Initialized MultithreadedTaskDispatcher with 16 workers.
 -> (artifact id: '8560a6d36b7ea1491c8d6ae7b36ef1f2') in 0.039988 seconds
Number of updated asset objects reloaded before import = 0
Number of asset objects unloaded after import = 3
========================================================================
Received Import Request.
  Time since last request: 0.000018 seconds.
  path: Assets/Textures/Card/Card_7.png
  artifactKey: Guid(097c56dadf457a449818d3f3eb32e7eb) Importer(815301076,1909f56bfc062723c751e8b465ee728b)
Start importing Assets/Textures/Card/Card_7.png using Guid(097c56dadf457a449818d3f3eb32e7eb) Importer(815301076,1909f56bfc062723c751e8b465ee728b) [PhysX] Initialized MultithreadedTaskDispatcher with 16 workers.
[PhysX] Initialized MultithreadedTaskDispatcher with 16 workers.
 -> (artifact id: 'dd4269a906a2c7528cc7c0aa61987318') in 0.021781 seconds
Number of updated asset objects reloaded before import = 0
Number of asset objects unloaded after import = 3
========================================================================
Received Import Request.
  Time since last request: 0.000021 seconds.
  path: Assets/Violet Theme Ui/Buttons/Misc/Small Square Button Yellow.png
  artifactKey: Guid(a92c5df7eef6ddc4ba91ad5dd2892af9) Importer(815301076,1909f56bfc062723c751e8b465ee728b)
Start importing Assets/Violet Theme Ui/Buttons/Misc/Small Square Button Yellow.png using Guid(a92c5df7eef6ddc4ba91ad5dd2892af9) Importer(815301076,1909f56bfc062723c751e8b465ee728b) [PhysX] Initialized MultithreadedTaskDispatcher with 16 workers.
[PhysX] Initialized MultithreadedTaskDispatcher with 16 workers.
 -> (artifact id: 'fbfe35a04259a8bb844f2d151e9a3a61') in 0.018194 seconds
Number of updated asset objects reloaded before import = 0
Number of asset objects unloaded after import = 3
========================================================================
Received Import Request.
  Time since last request: 0.000018 seconds.
  path: Assets/Violet Theme Ui/GemsAndCoins/Coin Chest.png
  artifactKey: Guid(1ccb15b522eac084698d270f707ec810) Importer(815301076,1909f56bfc062723c751e8b465ee728b)
Start importing Assets/Violet Theme Ui/GemsAndCoins/Coin Chest.png using Guid(1ccb15b522eac084698d270f707ec810) Importer(815301076,1909f56bfc062723c751e8b465ee728b) [PhysX] Initialized MultithreadedTaskDispatcher with 16 workers.
[PhysX] Initialized MultithreadedTaskDispatcher with 16 workers.
 -> (artifact id: '1d811adc721bc2849f5b413360795cd2') in 0.038120 seconds
Number of updated asset objects reloaded before import = 0
Number of asset objects unloaded after import = 3
========================================================================
Received Import Request.
  Time since last request: 0.000026 seconds.
  path: Assets/Violet Theme Ui/Buttons/Misc/Input Field Background.png
  artifactKey: Guid(f3e6a4a22e2056f4d88695188bc39a6e) Importer(815301076,1909f56bfc062723c751e8b465ee728b)
Start importing Assets/Violet Theme Ui/Buttons/Misc/Input Field Background.png using Guid(f3e6a4a22e2056f4d88695188bc39a6e) Importer(815301076,1909f56bfc062723c751e8b465ee728b) [PhysX] Initialized MultithreadedTaskDispatcher with 16 workers.
[PhysX] Initialized MultithreadedTaskDispatcher with 16 workers.
 -> (artifact id: '4a595cf53a786c9de2f67005437b3b15') in 0.047989 seconds
Number of updated asset objects reloaded before import = 0
Number of asset objects unloaded after import = 3
========================================================================
Received Import Request.
  Time since last request: 0.000027 seconds.
  path: Assets/Violet Theme Ui/Switch/Switch On Orange.png
  artifactKey: Guid(9cfba0c5f2e0a1348a792f8a72c9e429) Importer(815301076,1909f56bfc062723c751e8b465ee728b)
Start importing Assets/Violet Theme Ui/Switch/Switch On Orange.png using Guid(9cfba0c5f2e0a1348a792f8a72c9e429) Importer(815301076,1909f56bfc062723c751e8b465ee728b) [PhysX] Initialized MultithreadedTaskDispatcher with 16 workers.
[PhysX] Initialized MultithreadedTaskDispatcher with 16 workers.
 -> (artifact id: '385947fd35352f59b7b7036374935afe') in 0.019368 seconds
Number of updated asset objects reloaded before import = 0
Number of asset objects unloaded after import = 3
========================================================================
Received Import Request.
  Time since last request: 0.000029 seconds.
  path: Assets/Textures/Card/Card_33.png
  artifactKey: Guid(9b5246cd3004a84499cd22220b855180) Importer(815301076,1909f56bfc062723c751e8b465ee728b)
Start importing Assets/Textures/Card/Card_33.png using Guid(9b5246cd3004a84499cd22220b855180) Importer(815301076,1909f56bfc062723c751e8b465ee728b) [PhysX] Initialized MultithreadedTaskDispatcher with 16 workers.
[PhysX] Initialized MultithreadedTaskDispatcher with 16 workers.
 -> (artifact id: 'cf54eb12eb0d79fc8b826512a4b7f47c') in 0.023965 seconds
Number of updated asset objects reloaded before import = 0
Number of asset objects unloaded after import = 3
========================================================================
Received Import Request.
  Time since last request: 0.000020 seconds.
  path: Assets/Violet Theme Ui/Progress Bars/Progress Bar Yellow.png
  artifactKey: Guid(b67c53ee68dad3640b6698ae3135ffd9) Importer(815301076,1909f56bfc062723c751e8b465ee728b)
Start importing Assets/Violet Theme Ui/Progress Bars/Progress Bar Yellow.png using Guid(b67c53ee68dad3640b6698ae3135ffd9) Importer(815301076,1909f56bfc062723c751e8b465ee728b) [PhysX] Initialized MultithreadedTaskDispatcher with 16 workers.
[PhysX] Initialized MultithreadedTaskDispatcher with 16 workers.
 -> (artifact id: '8661a7c6b9fd3552b1871c3876bf150d') in 0.025856 seconds
Number of updated asset objects reloaded before import = 0
Number of asset objects unloaded after import = 3
========================================================================
Received Import Request.
  Time since last request: 0.000025 seconds.
  path: Assets/Violet Theme Ui/Colored Icons/Magnet.png
  artifactKey: Guid(bd6ebf661ce04ab4599d54cda1928984) Importer(815301076,1909f56bfc062723c751e8b465ee728b)
Start importing Assets/Violet Theme Ui/Colored Icons/Magnet.png using Guid(bd6ebf661ce04ab4599d54cda1928984) Importer(815301076,1909f56bfc062723c751e8b465ee728b) [PhysX] Initialized MultithreadedTaskDispatcher with 16 workers.
[PhysX] Initialized MultithreadedTaskDispatcher with 16 workers.
 -> (artifact id: 'feac4f8d685e42d26a31ddbf81fa13cc') in 0.019603 seconds
Number of updated asset objects reloaded before import = 0
Number of asset objects unloaded after import = 3
========================================================================
Received Import Request.
  Time since last request: 0.000021 seconds.
  path: Assets/Violet Theme Ui/Colored Icons/Sound.png
  artifactKey: Guid(aa7f0fb09d0e28744b8553b6bbf51cb3) Importer(815301076,1909f56bfc062723c751e8b465ee728b)
Start importing Assets/Violet Theme Ui/Colored Icons/Sound.png using Guid(aa7f0fb09d0e28744b8553b6bbf51cb3) Importer(815301076,1909f56bfc062723c751e8b465ee728b) [PhysX] Initialized MultithreadedTaskDispatcher with 16 workers.
[PhysX] Initialized MultithreadedTaskDispatcher with 16 workers.
 -> (artifact id: 'b20e942fbaa43ebe2727193f601af17b') in 0.017828 seconds
Number of updated asset objects reloaded before import = 0
Number of asset objects unloaded after import = 3
========================================================================
Received Import Request.
  Time since last request: 1.498718 seconds.
  path: Assets/Violet Theme Ui/Panels/White Panel Pink.png
  artifactKey: Guid(d8265e6a959e1064c97197868736a524) Importer(815301076,1909f56bfc062723c751e8b465ee728b)
Start importing Assets/Violet Theme Ui/Panels/White Panel Pink.png using Guid(d8265e6a959e1064c97197868736a524) Importer(815301076,1909f56bfc062723c751e8b465ee728b) [PhysX] Initialized MultithreadedTaskDispatcher with 16 workers.
[PhysX] Initialized MultithreadedTaskDispatcher with 16 workers.
 -> (artifact id: 'e7cfeecd844117234ecde2c6ae976b03') in 0.023373 seconds
Number of updated asset objects reloaded before import = 0
Number of asset objects unloaded after import = 3
========================================================================
Received Import Request.
  Time since last request: 0.000018 seconds.
  path: Assets/Violet Theme Ui/White Icons/White Piggy Bank.png
  artifactKey: Guid(061442d1f24608047be37864c44902f0) Importer(815301076,1909f56bfc062723c751e8b465ee728b)
Start importing Assets/Violet Theme Ui/White Icons/White Piggy Bank.png using Guid(061442d1f24608047be37864c44902f0) Importer(815301076,1909f56bfc062723c751e8b465ee728b) [PhysX] Initialized MultithreadedTaskDispatcher with 16 workers.
[PhysX] Initialized MultithreadedTaskDispatcher with 16 workers.
 -> (artifact id: '13183ff4d2234fd1cd0af99380152931') in 0.024816 seconds
Number of updated asset objects reloaded before import = 0
Number of asset objects unloaded after import = 4
========================================================================
Received Import Request.
  Time since last request: 0.006274 seconds.
  path: Assets/Violet Theme Ui/White Icons/White Puzzle Piece.png
  artifactKey: Guid(fe9a839c0dd2bd04496583d88c2bc615) Importer(815301076,1909f56bfc062723c751e8b465ee728b)
Start importing Assets/Violet Theme Ui/White Icons/White Puzzle Piece.png using Guid(fe9a839c0dd2bd04496583d88c2bc615) Importer(815301076,1909f56bfc062723c751e8b465ee728b) [PhysX] Initialized MultithreadedTaskDispatcher with 16 workers.
[PhysX] Initialized MultithreadedTaskDispatcher with 16 workers.
 -> (artifact id: 'b2fc426a14111a18e7abf222e10d413e') in 0.019533 seconds
Number of updated asset objects reloaded before import = 0
Number of asset objects unloaded after import = 3
========================================================================
Received Import Request.
  Time since last request: 285.305400 seconds.
  path: Assets/CardPlayerGroup.cs
  artifactKey: Guid(c4bf78a21606f8c4884aafa794579073) Importer(815301076,1909f56bfc062723c751e8b465ee728b)
Start importing Assets/CardPlayerGroup.cs using Guid(c4bf78a21606f8c4884aafa794579073) Importer(815301076,1909f56bfc062723c751e8b465ee728b) [PhysX] Initialized MultithreadedTaskDispatcher with 16 workers.
 -> (artifact id: '3859e84992687ab371d7082fc31e511e') in 0.000641 seconds
Number of updated asset objects reloaded before import = 0
Number of asset objects unloaded after import = 0
========================================================================
Received Prepare
Caller must complete domain reload
Begin MonoManager ReloadAssembly
- Loaded All Assemblies, in  1.928 seconds
Native extension for WindowsStandalone target not found
Mono: successfully reloaded assembly
- Finished resetting the current domain, in  0.636 seconds
Domain Reload Profiling: 2567ms
	BeginReloadAssembly (1569ms)
		ExecutionOrderSort (0ms)
		DisableScriptedObjects (1429ms)
		BackupInstance (0ms)
		ReleaseScriptingObjects (0ms)
		CreateAndSetChildDomain (45ms)
	RebuildCommonClasses (27ms)
	RebuildNativeTypeToScriptingClass (9ms)
	initialDomainReloadingComplete (22ms)
	LoadAllAssembliesAndSetupDomain (303ms)
		LoadAssemblies (329ms)
		RebuildTransferFunctionScriptingTraits (0ms)
		AnalyzeDomain (40ms)
			TypeCache.Refresh (8ms)
				TypeCache.ScanAssembly (0ms)
			ScanForSourceGeneratedMonoScriptInfo (22ms)
			ResolveRequiredComponents (9ms)
	FinalizeReload (637ms)
		ReleaseScriptCaches (0ms)
		RebuildScriptCaches (0ms)
		SetupLoadedEditorAssemblies (456ms)
			LogAssemblyErrors (0ms)
			InitializePlatformSupportModulesInManaged (5ms)
			SetLoadedEditorAssemblies (5ms)
			RefreshPlugins (0ms)
			BeforeProcessingInitializeOnLoad (78ms)
			ProcessInitializeOnLoadAttributes (288ms)
			ProcessInitializeOnLoadMethodAttributes (78ms)
			AfterProcessingInitializeOnLoad (2ms)
			EditorAssembliesLoaded (0ms)
		ExecutionOrderSort2 (0ms)
		AwakeInstancesAfterBackupRestoration (17ms)
Refreshing native plugins compatible for Editor in 5.60 ms, found 4 plugins.
Preloading 0 native plugins for Editor in 0.00 ms.
Unloading 5528 Unused Serialized files (Serialized files now loaded: 0)
Unloading 63 unused Assets / (3.5 MB). Loaded Objects now: 6168.
Memory consumption went from 203.1 MB to 199.7 MB.
Total: 6.007300 ms (FindLiveObjects: 0.513800 ms CreateObjectMapping: 0.641700 ms MarkObjects: 3.281700 ms  DeleteObjects: 1.568900 ms)

Prepare: number of updated asset objects reloaded= 0
AssetImportParameters requested are different than current active one (requested -> active):
  custom:container-demuxer-ogg: 62fdf1f143b41e24485cea50d1cbac27 -> 
  custom:video-codec-MediaFoundation-h265: 746d11721c4dcdbdad8f713fa42b33f4 -> 
  custom:video-decoder-ogg-theora: a1e56fd34408186e4bbccfd4996cb3dc -> 
  custom:framework-win-MediaFoundation: 216162199b28c13a410421893ffa2e32 -> 
  custom:CustomObjectIndexerAttribute: 72b91833f83ae208fae7752999fa3104 -> 
  custom:container-demuxer-webm: 4f35f7cbe854078d1ac9338744f61a02 -> 
  custom:container-muxer-webm: aa71ff27fc2769a1b78a27578f13a17b -> 
  custom:video-decoder-webm-vp8: 9c59270c3fd7afecdb556c50c9e8de78 -> 
  custom:SearchIndexIgnoredProperties: e643bd26f0fe6173181afceb89e7c659 -> 
  custom:AudioImporter_EditorPlatform: d09bf68614088b80899f8185d706f6e7 -> 
  custom:video-encoder-webm-vp8: eb34c28f22e8b96e1ab97ce403110664 -> 
  custom:audio-decoder-ogg-vorbis: bf7c407c2cedff20999df2af8eb42d56 -> 
  custom:audio-encoder-webm-vorbis: bf7c407c2cedff20999df2af8eb42d56 -> 
  custom:scripting/precompiled-assembly-types:Assembly-CSharp: e440524a9ad1c4c5deccf0e97eb67446 -> 3ef234551db207cf3afdac046a4f9689
========================================================================
Received Prepare
Caller must complete domain reload
Begin MonoManager ReloadAssembly
- Loaded All Assemblies, in  0.476 seconds
Native extension for WindowsStandalone target not found
Mono: successfully reloaded assembly
- Finished resetting the current domain, in  2.528 seconds
Domain Reload Profiling: 3005ms
	BeginReloadAssembly (129ms)
		ExecutionOrderSort (0ms)
		DisableScriptedObjects (9ms)
		BackupInstance (0ms)
		ReleaseScriptingObjects (0ms)
		CreateAndSetChildDomain (35ms)
	RebuildCommonClasses (24ms)
	RebuildNativeTypeToScriptingClass (8ms)
	initialDomainReloadingComplete (21ms)
	LoadAllAssembliesAndSetupDomain (293ms)
		LoadAssemblies (311ms)
		RebuildTransferFunctionScriptingTraits (0ms)
		AnalyzeDomain (43ms)
			TypeCache.Refresh (9ms)
				TypeCache.ScanAssembly (0ms)
			ScanForSourceGeneratedMonoScriptInfo (23ms)
			ResolveRequiredComponents (10ms)
	FinalizeReload (2529ms)
		ReleaseScriptCaches (0ms)
		RebuildScriptCaches (0ms)
		SetupLoadedEditorAssemblies (447ms)
			LogAssemblyErrors (0ms)
			InitializePlatformSupportModulesInManaged (4ms)
			SetLoadedEditorAssemblies (5ms)
			RefreshPlugins (0ms)
			BeforeProcessingInitializeOnLoad (80ms)
			ProcessInitializeOnLoadAttributes (284ms)
			ProcessInitializeOnLoadMethodAttributes (71ms)
			AfterProcessingInitializeOnLoad (2ms)
			EditorAssembliesLoaded (0ms)
		ExecutionOrderSort2 (0ms)
		AwakeInstancesAfterBackupRestoration (15ms)
Refreshing native plugins compatible for Editor in 8.48 ms, found 4 plugins.
Preloading 0 native plugins for Editor in 0.00 ms.
Unloading 5529 Unused Serialized files (Serialized files now loaded: 0)
Unloading 62 unused Assets / (3.5 MB). Loaded Objects now: 6174.
Memory consumption went from 203.2 MB to 199.7 MB.
Total: 6.524400 ms (FindLiveObjects: 0.649400 ms CreateObjectMapping: 0.477100 ms MarkObjects: 3.466100 ms  DeleteObjects: 1.930300 ms)

Prepare: number of updated asset objects reloaded= 0
AssetImportParameters requested are different than current active one (requested -> active):
  custom:container-demuxer-ogg: 62fdf1f143b41e24485cea50d1cbac27 -> 
  custom:video-codec-MediaFoundation-h265: 746d11721c4dcdbdad8f713fa42b33f4 -> 
  custom:video-decoder-ogg-theora: a1e56fd34408186e4bbccfd4996cb3dc -> 
  custom:framework-win-MediaFoundation: 216162199b28c13a410421893ffa2e32 -> 
  custom:CustomObjectIndexerAttribute: 72b91833f83ae208fae7752999fa3104 -> 
  custom:container-demuxer-webm: 4f35f7cbe854078d1ac9338744f61a02 -> 
  custom:container-muxer-webm: aa71ff27fc2769a1b78a27578f13a17b -> 
  custom:video-decoder-webm-vp8: 9c59270c3fd7afecdb556c50c9e8de78 -> 
  custom:SearchIndexIgnoredProperties: e643bd26f0fe6173181afceb89e7c659 -> 
  custom:AudioImporter_EditorPlatform: d09bf68614088b80899f8185d706f6e7 -> 
  custom:video-encoder-webm-vp8: eb34c28f22e8b96e1ab97ce403110664 -> 
  custom:audio-decoder-ogg-vorbis: bf7c407c2cedff20999df2af8eb42d56 -> 
  custom:audio-encoder-webm-vorbis: bf7c407c2cedff20999df2af8eb42d56 -> 
  custom:scripting/precompiled-assembly-types:Assembly-CSharp: e440524a9ad1c4c5deccf0e97eb67446 -> 3ef234551db207cf3afdac046a4f9689
========================================================================
Received Prepare
Caller must complete domain reload
Begin MonoManager ReloadAssembly
- Loaded All Assemblies, in  0.471 seconds
Native extension for WindowsStandalone target not found
Mono: successfully reloaded assembly
- Finished resetting the current domain, in  1.537 seconds
Domain Reload Profiling: 2008ms
	BeginReloadAssembly (133ms)
		ExecutionOrderSort (0ms)
		DisableScriptedObjects (9ms)
		BackupInstance (0ms)
		ReleaseScriptingObjects (0ms)
		CreateAndSetChildDomain (36ms)
	RebuildCommonClasses (30ms)
	RebuildNativeTypeToScriptingClass (8ms)
	initialDomainReloadingComplete (21ms)
	LoadAllAssembliesAndSetupDomain (278ms)
		LoadAssemblies (304ms)
		RebuildTransferFunctionScriptingTraits (0ms)
		AnalyzeDomain (36ms)
			TypeCache.Refresh (8ms)
				TypeCache.ScanAssembly (0ms)
			ScanForSourceGeneratedMonoScriptInfo (19ms)
			ResolveRequiredComponents (8ms)
	FinalizeReload (1538ms)
		ReleaseScriptCaches (0ms)
		RebuildScriptCaches (0ms)
		SetupLoadedEditorAssemblies (460ms)
			LogAssemblyErrors (0ms)
			InitializePlatformSupportModulesInManaged (5ms)
			SetLoadedEditorAssemblies (6ms)
			RefreshPlugins (0ms)
			BeforeProcessingInitializeOnLoad (83ms)
			ProcessInitializeOnLoadAttributes (289ms)
			ProcessInitializeOnLoadMethodAttributes (75ms)
			AfterProcessingInitializeOnLoad (2ms)
			EditorAssembliesLoaded (0ms)
		ExecutionOrderSort2 (0ms)
		AwakeInstancesAfterBackupRestoration (15ms)
Refreshing native plugins compatible for Editor in 5.02 ms, found 4 plugins.
Preloading 0 native plugins for Editor in 0.00 ms.
Unloading 5529 Unused Serialized files (Serialized files now loaded: 0)
Unloading 62 unused Assets / (3.5 MB). Loaded Objects now: 6179.
Memory consumption went from 203.2 MB to 199.7 MB.
Total: 11.627000 ms (FindLiveObjects: 0.961800 ms CreateObjectMapping: 0.603900 ms MarkObjects: 6.931700 ms  DeleteObjects: 3.128000 ms)

Prepare: number of updated asset objects reloaded= 0
AssetImportParameters requested are different than current active one (requested -> active):
  custom:container-demuxer-ogg: 62fdf1f143b41e24485cea50d1cbac27 -> 
  custom:video-codec-MediaFoundation-h265: 746d11721c4dcdbdad8f713fa42b33f4 -> 
  custom:video-decoder-ogg-theora: a1e56fd34408186e4bbccfd4996cb3dc -> 
  custom:framework-win-MediaFoundation: 216162199b28c13a410421893ffa2e32 -> 
  custom:CustomObjectIndexerAttribute: 72b91833f83ae208fae7752999fa3104 -> 
  custom:container-demuxer-webm: 4f35f7cbe854078d1ac9338744f61a02 -> 
  custom:container-muxer-webm: aa71ff27fc2769a1b78a27578f13a17b -> 
  custom:video-decoder-webm-vp8: 9c59270c3fd7afecdb556c50c9e8de78 -> 
  custom:SearchIndexIgnoredProperties: e643bd26f0fe6173181afceb89e7c659 -> 
  custom:AudioImporter_EditorPlatform: d09bf68614088b80899f8185d706f6e7 -> 
  custom:video-encoder-webm-vp8: eb34c28f22e8b96e1ab97ce403110664 -> 
  custom:audio-decoder-ogg-vorbis: bf7c407c2cedff20999df2af8eb42d56 -> 
  custom:audio-encoder-webm-vorbis: bf7c407c2cedff20999df2af8eb42d56 -> 
  custom:scripting/precompiled-assembly-types:Assembly-CSharp: bae848875a35fe96f09fcc9f4e534600 -> 3ef234551db207cf3afdac046a4f9689
========================================================================
Received Import Request.
  Time since last request: 393.148943 seconds.
  path: Assets/Scripts/Card.cs
  artifactKey: Guid(c7290721faba9f944b740b13ea9fc73e) Importer(815301076,1909f56bfc062723c751e8b465ee728b)
Start importing Assets/Scripts/Card.cs using Guid(c7290721faba9f944b740b13ea9fc73e) Importer(815301076,1909f56bfc062723c751e8b465ee728b) [PhysX] Initialized MultithreadedTaskDispatcher with 16 workers.
 -> (artifact id: '55601ed40b7554486f44b8c7d3612963') in 0.003575 seconds
Number of updated asset objects reloaded before import = 0
Number of asset objects unloaded after import = 0
========================================================================
Received Import Request.
  Time since last request: 9.901612 seconds.
  path: Assets/Scripts/Card.cs
  artifactKey: Guid(c7290721faba9f944b740b13ea9fc73e) Importer(815301076,1909f56bfc062723c751e8b465ee728b)
Start importing Assets/Scripts/Card.cs using Guid(c7290721faba9f944b740b13ea9fc73e) Importer(815301076,1909f56bfc062723c751e8b465ee728b) [PhysX] Initialized MultithreadedTaskDispatcher with 16 workers.
 -> (artifact id: '198e59520c10e253c0323050901c2788') in 0.001700 seconds
Number of updated asset objects reloaded before import = 0
Number of asset objects unloaded after import = 0
========================================================================
Received Import Request.
  Time since last request: 60.907170 seconds.
  path: Assets/Scripts/Card.cs
  artifactKey: Guid(c7290721faba9f944b740b13ea9fc73e) Importer(815301076,1909f56bfc062723c751e8b465ee728b)
Start importing Assets/Scripts/Card.cs using Guid(c7290721faba9f944b740b13ea9fc73e) Importer(815301076,1909f56bfc062723c751e8b465ee728b) [PhysX] Initialized MultithreadedTaskDispatcher with 16 workers.
 -> (artifact id: '5db597542e2496c8df4aad43d9c7978d') in 0.001001 seconds
Number of updated asset objects reloaded before import = 0
Number of asset objects unloaded after import = 0
========================================================================
Received Prepare
Caller must complete domain reload
Begin MonoManager ReloadAssembly
- Loaded All Assemblies, in  0.568 seconds
Native extension for WindowsStandalone target not found
Mono: successfully reloaded assembly
- Finished resetting the current domain, in  2.334 seconds
Domain Reload Profiling: 2902ms
	BeginReloadAssembly (166ms)
		ExecutionOrderSort (0ms)
		DisableScriptedObjects (13ms)
		BackupInstance (0ms)
		ReleaseScriptingObjects (0ms)
		CreateAndSetChildDomain (40ms)
	RebuildCommonClasses (29ms)
	RebuildNativeTypeToScriptingClass (8ms)
	initialDomainReloadingComplete (23ms)
	LoadAllAssembliesAndSetupDomain (341ms)
		LoadAssemblies (383ms)
		RebuildTransferFunctionScriptingTraits (0ms)
		AnalyzeDomain (42ms)
			TypeCache.Refresh (10ms)
				TypeCache.ScanAssembly (1ms)
			ScanForSourceGeneratedMonoScriptInfo (22ms)
			ResolveRequiredComponents (10ms)
	FinalizeReload (2335ms)
		ReleaseScriptCaches (0ms)
		RebuildScriptCaches (0ms)
		SetupLoadedEditorAssemblies (553ms)
			LogAssemblyErrors (0ms)
			InitializePlatformSupportModulesInManaged (7ms)
			SetLoadedEditorAssemblies (6ms)
			RefreshPlugins (0ms)
			BeforeProcessingInitializeOnLoad (89ms)
			ProcessInitializeOnLoadAttributes (353ms)
			ProcessInitializeOnLoadMethodAttributes (95ms)
			AfterProcessingInitializeOnLoad (2ms)
			EditorAssembliesLoaded (0ms)
		ExecutionOrderSort2 (0ms)
		AwakeInstancesAfterBackupRestoration (21ms)
Refreshing native plugins compatible for Editor in 8.67 ms, found 4 plugins.
Preloading 0 native plugins for Editor in 0.00 ms.
Unloading 5529 Unused Serialized files (Serialized files now loaded: 0)
Unloading 65 unused Assets / (3.6 MB). Loaded Objects now: 6184.
Memory consumption went from 203.3 MB to 199.7 MB.
Total: 9.042500 ms (FindLiveObjects: 1.042600 ms CreateObjectMapping: 0.628700 ms MarkObjects: 4.727500 ms  DeleteObjects: 2.641800 ms)

Prepare: number of updated asset objects reloaded= 0
AssetImportParameters requested are different than current active one (requested -> active):
  custom:container-demuxer-ogg: 62fdf1f143b41e24485cea50d1cbac27 -> 
  custom:video-codec-MediaFoundation-h265: 746d11721c4dcdbdad8f713fa42b33f4 -> 
  custom:video-decoder-ogg-theora: a1e56fd34408186e4bbccfd4996cb3dc -> 
  custom:scripting/monoscript/fileName/CurveParameters.cs: dbbfe4c28c12ee1af2a53a9ddf424ed8 -> 
  custom:framework-win-MediaFoundation: 216162199b28c13a410421893ffa2e32 -> 
  custom:scripting/monoscript/fileName/ExtensionMethods.cs: d562ef83db550cc6a37dd506f8fa6076 -> 
  custom:CustomObjectIndexerAttribute: 72b91833f83ae208fae7752999fa3104 -> 
  custom:container-demuxer-webm: 4f35f7cbe854078d1ac9338744f61a02 -> 
  custom:container-muxer-webm: aa71ff27fc2769a1b78a27578f13a17b -> 
  custom:scripting/monoscript/fileName/VisualCardsHandler.cs: c998ca6078f481b9bdf958030417bcab -> 
  custom:video-decoder-webm-vp8: 9c59270c3fd7afecdb556c50c9e8de78 -> 
  custom:scripting/monoscript/fileName/CardVisual.cs: a1bb4f200cddbec7d0860dba7b804694 -> 
  custom:SearchIndexIgnoredProperties: e643bd26f0fe6173181afceb89e7c659 -> 
  custom:AudioImporter_EditorPlatform: d09bf68614088b80899f8185d706f6e7 -> 
  custom:video-encoder-webm-vp8: eb34c28f22e8b96e1ab97ce403110664 -> 
  custom:audio-decoder-ogg-vorbis: bf7c407c2cedff20999df2af8eb42d56 -> 
  custom:audio-encoder-webm-vorbis: bf7c407c2cedff20999df2af8eb42d56 -> 
  custom:scripting/monoscript/fileName/HorizontalCardHolder.cs: 10ca772a871e8b939b58661390076509 -> 
  custom:scripting/precompiled-assembly-types:Assembly-CSharp: b727e012e0e53fabd27ed99beebe9708 -> 3ef234551db207cf3afdac046a4f9689
========================================================================
Received Import Request.
  Time since last request: 395.980869 seconds.
  path: Assets/Prefabs
  artifactKey: Guid(6823ace1ed6254340bf129c287dfc1f3) Importer(815301076,1909f56bfc062723c751e8b465ee728b)
Start importing Assets/Prefabs using Guid(6823ace1ed6254340bf129c287dfc1f3) Importer(815301076,1909f56bfc062723c751e8b465ee728b) [PhysX] Initialized MultithreadedTaskDispatcher with 16 workers.
 -> (artifact id: '24987b4bc132da83463d2cca0549569c') in 0.002418 seconds
Number of updated asset objects reloaded before import = 0
Number of asset objects unloaded after import = 0
========================================================================
Received Import Request.
  Time since last request: 0.116418 seconds.
  path: Assets/Prefabs/Card_Back.prefab
  artifactKey: Guid(71dd3942baf5c22468b63ac06cbe49ed) Importer(815301076,1909f56bfc062723c751e8b465ee728b)
Start importing Assets/Prefabs/Card_Back.prefab using Guid(71dd3942baf5c22468b63ac06cbe49ed) Importer(815301076,1909f56bfc062723c751e8b465ee728b) [PhysX] Initialized MultithreadedTaskDispatcher with 16 workers.
 -> (artifact id: '55305654ffe2a4e188bca09ed7f8d5a3') in 0.031386 seconds
Number of updated asset objects reloaded before import = 0
Number of asset objects unloaded after import = 12
========================================================================
Received Import Request.
  Time since last request: 5.606786 seconds.
  path: Assets/Prefabs/CardFace
  artifactKey: Guid(8414627777bf4d444a29724514e89ba4) Importer(815301076,1909f56bfc062723c751e8b465ee728b)
Start importing Assets/Prefabs/CardFace using Guid(8414627777bf4d444a29724514e89ba4) Importer(815301076,1909f56bfc062723c751e8b465ee728b) [PhysX] Initialized MultithreadedTaskDispatcher with 16 workers.
 -> (artifact id: '452744e6ca7d9dd0da9ddf791988bfdc') in 0.001356 seconds
Number of updated asset objects reloaded before import = 0
Number of asset objects unloaded after import = 0
========================================================================
Received Prepare
Caller must complete domain reload
Begin MonoManager ReloadAssembly
- Loaded All Assemblies, in  0.435 seconds
Native extension for WindowsStandalone target not found
Mono: successfully reloaded assembly
- Finished resetting the current domain, in  1.080 seconds
Domain Reload Profiling: 1515ms
	BeginReloadAssembly (147ms)
		ExecutionOrderSort (0ms)
		DisableScriptedObjects (9ms)
		BackupInstance (0ms)
		ReleaseScriptingObjects (0ms)
		CreateAndSetChildDomain (41ms)
	RebuildCommonClasses (28ms)
	RebuildNativeTypeToScriptingClass (9ms)
	initialDomainReloadingComplete (22ms)
	LoadAllAssembliesAndSetupDomain (229ms)
		LoadAssemblies (283ms)
		RebuildTransferFunctionScriptingTraits (0ms)
		AnalyzeDomain (17ms)
			TypeCache.Refresh (6ms)
				TypeCache.ScanAssembly (0ms)
			ScanForSourceGeneratedMonoScriptInfo (0ms)
			ResolveRequiredComponents (10ms)
	FinalizeReload (1081ms)
		ReleaseScriptCaches (0ms)
		RebuildScriptCaches (0ms)
		SetupLoadedEditorAssemblies (458ms)
			LogAssemblyErrors (0ms)
			InitializePlatformSupportModulesInManaged (4ms)
			SetLoadedEditorAssemblies (4ms)
			RefreshPlugins (0ms)
			BeforeProcessingInitializeOnLoad (71ms)
			ProcessInitializeOnLoadAttributes (294ms)
			ProcessInitializeOnLoadMethodAttributes (82ms)
			AfterProcessingInitializeOnLoad (2ms)
			EditorAssembliesLoaded (0ms)
		ExecutionOrderSort2 (0ms)
		AwakeInstancesAfterBackupRestoration (15ms)
Refreshing native plugins compatible for Editor in 14.57 ms, found 4 plugins.
Preloading 0 native plugins for Editor in 0.00 ms.
Unloading 5529 Unused Serialized files (Serialized files now loaded: 0)
Unloading 62 unused Assets / (3.6 MB). Loaded Objects now: 6189.
Memory consumption went from 203.2 MB to 199.7 MB.
Total: 8.585500 ms (FindLiveObjects: 0.676800 ms CreateObjectMapping: 0.572700 ms MarkObjects: 4.762700 ms  DeleteObjects: 2.571700 ms)

Prepare: number of updated asset objects reloaded= 0
AssetImportParameters requested are different than current active one (requested -> active):
  custom:container-demuxer-ogg: 62fdf1f143b41e24485cea50d1cbac27 -> 
  custom:video-codec-MediaFoundation-h265: 746d11721c4dcdbdad8f713fa42b33f4 -> 
  custom:video-decoder-ogg-theora: a1e56fd34408186e4bbccfd4996cb3dc -> 
  custom:scripting/monoscript/fileName/CurveParameters.cs: dbbfe4c28c12ee1af2a53a9ddf424ed8 -> 
  custom:framework-win-MediaFoundation: 216162199b28c13a410421893ffa2e32 -> 
  custom:scripting/monoscript/fileName/ExtensionMethods.cs: d562ef83db550cc6a37dd506f8fa6076 -> 
  custom:CustomObjectIndexerAttribute: 72b91833f83ae208fae7752999fa3104 -> 
  custom:container-demuxer-webm: 4f35f7cbe854078d1ac9338744f61a02 -> 
  custom:container-muxer-webm: aa71ff27fc2769a1b78a27578f13a17b -> 
  custom:scripting/monoscript/fileName/VisualCardsHandler.cs: c998ca6078f481b9bdf958030417bcab -> 
  custom:video-decoder-webm-vp8: 9c59270c3fd7afecdb556c50c9e8de78 -> 
  custom:scripting/monoscript/fileName/CardVisual.cs: a1bb4f200cddbec7d0860dba7b804694 -> 
  custom:SearchIndexIgnoredProperties: e643bd26f0fe6173181afceb89e7c659 -> 
  custom:AudioImporter_EditorPlatform: d09bf68614088b80899f8185d706f6e7 -> 
  custom:video-encoder-webm-vp8: eb34c28f22e8b96e1ab97ce403110664 -> 
  custom:audio-decoder-ogg-vorbis: bf7c407c2cedff20999df2af8eb42d56 -> 
  custom:audio-encoder-webm-vorbis: bf7c407c2cedff20999df2af8eb42d56 -> 
  custom:scripting/monoscript/fileName/HorizontalCardHolder.cs: 10ca772a871e8b939b58661390076509 -> 
  custom:scripting/precompiled-assembly-types:Assembly-CSharp: b727e012e0e53fabd27ed99beebe9708 -> 3ef234551db207cf3afdac046a4f9689
========================================================================
Received Prepare
Caller must complete domain reload
Begin MonoManager ReloadAssembly
- Loaded All Assemblies, in  0.385 seconds
Native extension for WindowsStandalone target not found
Mono: successfully reloaded assembly
- Finished resetting the current domain, in  0.973 seconds
Domain Reload Profiling: 1358ms
	BeginReloadAssembly (130ms)
		ExecutionOrderSort (0ms)
		DisableScriptedObjects (9ms)
		BackupInstance (0ms)
		ReleaseScriptingObjects (0ms)
		CreateAndSetChildDomain (34ms)
	RebuildCommonClasses (26ms)
	RebuildNativeTypeToScriptingClass (8ms)
	initialDomainReloadingComplete (21ms)
	LoadAllAssembliesAndSetupDomain (200ms)
		LoadAssemblies (247ms)
		RebuildTransferFunctionScriptingTraits (0ms)
		AnalyzeDomain (15ms)
			TypeCache.Refresh (5ms)
				TypeCache.ScanAssembly (0ms)
			ScanForSourceGeneratedMonoScriptInfo (0ms)
			ResolveRequiredComponents (9ms)
	FinalizeReload (974ms)
		ReleaseScriptCaches (0ms)
		RebuildScriptCaches (0ms)
		SetupLoadedEditorAssemblies (421ms)
			LogAssemblyErrors (0ms)
			InitializePlatformSupportModulesInManaged (4ms)
			SetLoadedEditorAssemblies (4ms)
			RefreshPlugins (0ms)
			BeforeProcessingInitializeOnLoad (73ms)
			ProcessInitializeOnLoadAttributes (263ms)
			ProcessInitializeOnLoadMethodAttributes (74ms)
			AfterProcessingInitializeOnLoad (2ms)
			EditorAssembliesLoaded (0ms)
		ExecutionOrderSort2 (0ms)
		AwakeInstancesAfterBackupRestoration (16ms)
Refreshing native plugins compatible for Editor in 6.13 ms, found 4 plugins.
Preloading 0 native plugins for Editor in 0.00 ms.
Unloading 5529 Unused Serialized files (Serialized files now loaded: 0)
Unloading 62 unused Assets / (3.5 MB). Loaded Objects now: 6194.
Memory consumption went from 203.3 MB to 199.7 MB.
Total: 6.413000 ms (FindLiveObjects: 0.503600 ms CreateObjectMapping: 0.377500 ms MarkObjects: 3.486000 ms  DeleteObjects: 2.044800 ms)

Prepare: number of updated asset objects reloaded= 0
AssetImportParameters requested are different than current active one (requested -> active):
  custom:container-demuxer-ogg: 62fdf1f143b41e24485cea50d1cbac27 -> 
  custom:video-codec-MediaFoundation-h265: 746d11721c4dcdbdad8f713fa42b33f4 -> 
  custom:video-decoder-ogg-theora: a1e56fd34408186e4bbccfd4996cb3dc -> 
  custom:scripting/monoscript/fileName/CurveParameters.cs: dbbfe4c28c12ee1af2a53a9ddf424ed8 -> 
  custom:framework-win-MediaFoundation: 216162199b28c13a410421893ffa2e32 -> 
  custom:scripting/monoscript/fileName/ExtensionMethods.cs: d562ef83db550cc6a37dd506f8fa6076 -> 
  custom:CustomObjectIndexerAttribute: 72b91833f83ae208fae7752999fa3104 -> 
  custom:container-demuxer-webm: 4f35f7cbe854078d1ac9338744f61a02 -> 
  custom:container-muxer-webm: aa71ff27fc2769a1b78a27578f13a17b -> 
  custom:scripting/monoscript/fileName/VisualCardsHandler.cs: c998ca6078f481b9bdf958030417bcab -> 
  custom:video-decoder-webm-vp8: 9c59270c3fd7afecdb556c50c9e8de78 -> 
  custom:scripting/monoscript/fileName/CardVisual.cs: a1bb4f200cddbec7d0860dba7b804694 -> 
  custom:SearchIndexIgnoredProperties: e643bd26f0fe6173181afceb89e7c659 -> 
  custom:AudioImporter_EditorPlatform: d09bf68614088b80899f8185d706f6e7 -> 
  custom:video-encoder-webm-vp8: eb34c28f22e8b96e1ab97ce403110664 -> 
  custom:audio-decoder-ogg-vorbis: bf7c407c2cedff20999df2af8eb42d56 -> 
  custom:audio-encoder-webm-vorbis: bf7c407c2cedff20999df2af8eb42d56 -> 
  custom:scripting/monoscript/fileName/HorizontalCardHolder.cs: 10ca772a871e8b939b58661390076509 -> 
  custom:scripting/precompiled-assembly-types:Assembly-CSharp: b727e012e0e53fabd27ed99beebe9708 -> 3ef234551db207cf3afdac046a4f9689
========================================================================
Received Prepare
Caller must complete domain reload
Begin MonoManager ReloadAssembly
- Loaded All Assemblies, in  0.376 seconds
Native extension for WindowsStandalone target not found
Mono: successfully reloaded assembly
- Finished resetting the current domain, in  0.999 seconds
Domain Reload Profiling: 1375ms
	BeginReloadAssembly (128ms)
		ExecutionOrderSort (0ms)
		DisableScriptedObjects (9ms)
		BackupInstance (0ms)
		ReleaseScriptingObjects (0ms)
		CreateAndSetChildDomain (33ms)
	RebuildCommonClasses (25ms)
	RebuildNativeTypeToScriptingClass (8ms)
	initialDomainReloadingComplete (20ms)
	LoadAllAssembliesAndSetupDomain (194ms)
		LoadAssemblies (241ms)
		RebuildTransferFunctionScriptingTraits (0ms)
		AnalyzeDomain (15ms)
			TypeCache.Refresh (5ms)
				TypeCache.ScanAssembly (0ms)
			ScanForSourceGeneratedMonoScriptInfo (0ms)
			ResolveRequiredComponents (9ms)
	FinalizeReload (999ms)
		ReleaseScriptCaches (0ms)
		RebuildScriptCaches (0ms)
		SetupLoadedEditorAssemblies (445ms)
			LogAssemblyErrors (0ms)
			InitializePlatformSupportModulesInManaged (4ms)
			SetLoadedEditorAssemblies (5ms)
			RefreshPlugins (0ms)
			BeforeProcessingInitializeOnLoad (76ms)
			ProcessInitializeOnLoadAttributes (283ms)
			ProcessInitializeOnLoadMethodAttributes (75ms)
			AfterProcessingInitializeOnLoad (2ms)
			EditorAssembliesLoaded (0ms)
		ExecutionOrderSort2 (0ms)
		AwakeInstancesAfterBackupRestoration (17ms)
Refreshing native plugins compatible for Editor in 4.93 ms, found 4 plugins.
Preloading 0 native plugins for Editor in 0.00 ms.
Unloading 5529 Unused Serialized files (Serialized files now loaded: 0)
Unloading 62 unused Assets / (3.5 MB). Loaded Objects now: 6199.
Memory consumption went from 203.2 MB to 199.7 MB.
Total: 6.232700 ms (FindLiveObjects: 0.486900 ms CreateObjectMapping: 0.488800 ms MarkObjects: 3.315500 ms  DeleteObjects: 1.940000 ms)

Prepare: number of updated asset objects reloaded= 0
AssetImportParameters requested are different than current active one (requested -> active):
  custom:container-demuxer-ogg: 62fdf1f143b41e24485cea50d1cbac27 -> 
  custom:video-codec-MediaFoundation-h265: 746d11721c4dcdbdad8f713fa42b33f4 -> 
  custom:video-decoder-ogg-theora: a1e56fd34408186e4bbccfd4996cb3dc -> 
  custom:scripting/monoscript/fileName/CurveParameters.cs: dbbfe4c28c12ee1af2a53a9ddf424ed8 -> 
  custom:framework-win-MediaFoundation: 216162199b28c13a410421893ffa2e32 -> 
  custom:scripting/monoscript/fileName/ExtensionMethods.cs: d562ef83db550cc6a37dd506f8fa6076 -> 
  custom:CustomObjectIndexerAttribute: 72b91833f83ae208fae7752999fa3104 -> 
  custom:container-demuxer-webm: 4f35f7cbe854078d1ac9338744f61a02 -> 
  custom:container-muxer-webm: aa71ff27fc2769a1b78a27578f13a17b -> 
  custom:scripting/monoscript/fileName/VisualCardsHandler.cs: c998ca6078f481b9bdf958030417bcab -> 
  custom:video-decoder-webm-vp8: 9c59270c3fd7afecdb556c50c9e8de78 -> 
  custom:scripting/monoscript/fileName/CardVisual.cs: a1bb4f200cddbec7d0860dba7b804694 -> 
  custom:SearchIndexIgnoredProperties: e643bd26f0fe6173181afceb89e7c659 -> 
  custom:AudioImporter_EditorPlatform: d09bf68614088b80899f8185d706f6e7 -> 
  custom:video-encoder-webm-vp8: eb34c28f22e8b96e1ab97ce403110664 -> 
  custom:audio-decoder-ogg-vorbis: bf7c407c2cedff20999df2af8eb42d56 -> 
  custom:audio-encoder-webm-vorbis: bf7c407c2cedff20999df2af8eb42d56 -> 
  custom:scripting/monoscript/fileName/HorizontalCardHolder.cs: 10ca772a871e8b939b58661390076509 -> 
  custom:scripting/precompiled-assembly-types:Assembly-CSharp: b727e012e0e53fabd27ed99beebe9708 -> 3ef234551db207cf3afdac046a4f9689
========================================================================
Received Prepare
Caller must complete domain reload
Begin MonoManager ReloadAssembly
- Loaded All Assemblies, in  0.402 seconds
Native extension for WindowsStandalone target not found
Mono: successfully reloaded assembly
- Finished resetting the current domain, in  1.077 seconds
Domain Reload Profiling: 1479ms
	BeginReloadAssembly (139ms)
		ExecutionOrderSort (0ms)
		DisableScriptedObjects (10ms)
		BackupInstance (0ms)
		ReleaseScriptingObjects (0ms)
		CreateAndSetChildDomain (36ms)
	RebuildCommonClasses (28ms)
	RebuildNativeTypeToScriptingClass (8ms)
	initialDomainReloadingComplete (22ms)
	LoadAllAssembliesAndSetupDomain (203ms)
		LoadAssemblies (255ms)
		RebuildTransferFunctionScriptingTraits (0ms)
		AnalyzeDomain (16ms)
			TypeCache.Refresh (5ms)
				TypeCache.ScanAssembly (0ms)
			ScanForSourceGeneratedMonoScriptInfo (0ms)
			ResolveRequiredComponents (9ms)
	FinalizeReload (1078ms)
		ReleaseScriptCaches (0ms)
		RebuildScriptCaches (0ms)
		SetupLoadedEditorAssemblies (479ms)
			LogAssemblyErrors (0ms)
			InitializePlatformSupportModulesInManaged (4ms)
			SetLoadedEditorAssemblies (4ms)
			RefreshPlugins (0ms)
			BeforeProcessingInitializeOnLoad (93ms)
			ProcessInitializeOnLoadAttributes (295ms)
			ProcessInitializeOnLoadMethodAttributes (79ms)
			AfterProcessingInitializeOnLoad (2ms)
			EditorAssembliesLoaded (0ms)
		ExecutionOrderSort2 (0ms)
		AwakeInstancesAfterBackupRestoration (16ms)
Refreshing native plugins compatible for Editor in 5.02 ms, found 4 plugins.
Preloading 0 native plugins for Editor in 0.00 ms.
Unloading 5529 Unused Serialized files (Serialized files now loaded: 0)
Unloading 62 unused Assets / (3.5 MB). Loaded Objects now: 6204.
Memory consumption went from 203.2 MB to 199.7 MB.
Total: 8.593500 ms (FindLiveObjects: 0.977000 ms CreateObjectMapping: 0.470500 ms MarkObjects: 4.952700 ms  DeleteObjects: 2.191600 ms)

Prepare: number of updated asset objects reloaded= 0
AssetImportParameters requested are different than current active one (requested -> active):
  custom:container-demuxer-ogg: 62fdf1f143b41e24485cea50d1cbac27 -> 
  custom:video-codec-MediaFoundation-h265: 746d11721c4dcdbdad8f713fa42b33f4 -> 
  custom:video-decoder-ogg-theora: a1e56fd34408186e4bbccfd4996cb3dc -> 
  custom:scripting/monoscript/fileName/CurveParameters.cs: dbbfe4c28c12ee1af2a53a9ddf424ed8 -> 
  custom:framework-win-MediaFoundation: 216162199b28c13a410421893ffa2e32 -> 
  custom:scripting/monoscript/fileName/ExtensionMethods.cs: d562ef83db550cc6a37dd506f8fa6076 -> 
  custom:CustomObjectIndexerAttribute: 72b91833f83ae208fae7752999fa3104 -> 
  custom:container-demuxer-webm: 4f35f7cbe854078d1ac9338744f61a02 -> 
  custom:container-muxer-webm: aa71ff27fc2769a1b78a27578f13a17b -> 
  custom:scripting/monoscript/fileName/VisualCardsHandler.cs: c998ca6078f481b9bdf958030417bcab -> 
  custom:video-decoder-webm-vp8: 9c59270c3fd7afecdb556c50c9e8de78 -> 
  custom:scripting/monoscript/fileName/CardVisual.cs: a1bb4f200cddbec7d0860dba7b804694 -> 
  custom:SearchIndexIgnoredProperties: e643bd26f0fe6173181afceb89e7c659 -> 
  custom:AudioImporter_EditorPlatform: d09bf68614088b80899f8185d706f6e7 -> 
  custom:video-encoder-webm-vp8: eb34c28f22e8b96e1ab97ce403110664 -> 
  custom:audio-decoder-ogg-vorbis: bf7c407c2cedff20999df2af8eb42d56 -> 
  custom:audio-encoder-webm-vorbis: bf7c407c2cedff20999df2af8eb42d56 -> 
  custom:scripting/monoscript/fileName/HorizontalCardHolder.cs: 10ca772a871e8b939b58661390076509 -> 
  custom:scripting/precompiled-assembly-types:Assembly-CSharp: b727e012e0e53fabd27ed99beebe9708 -> 3ef234551db207cf3afdac046a4f9689
========================================================================
Received Prepare
Caller must complete domain reload
Begin MonoManager ReloadAssembly
- Loaded All Assemblies, in  0.598 seconds
Native extension for WindowsStandalone target not found
Mono: successfully reloaded assembly
- Finished resetting the current domain, in  1.284 seconds
Domain Reload Profiling: 1882ms
	BeginReloadAssembly (178ms)
		ExecutionOrderSort (0ms)
		DisableScriptedObjects (12ms)
		BackupInstance (0ms)
		ReleaseScriptingObjects (0ms)
		CreateAndSetChildDomain (46ms)
	RebuildCommonClasses (43ms)
	RebuildNativeTypeToScriptingClass (19ms)
	initialDomainReloadingComplete (37ms)
	LoadAllAssembliesAndSetupDomain (320ms)
		LoadAssemblies (376ms)
		RebuildTransferFunctionScriptingTraits (0ms)
		AnalyzeDomain (31ms)
			TypeCache.Refresh (9ms)
				TypeCache.ScanAssembly (0ms)
			ScanForSourceGeneratedMonoScriptInfo (0ms)
			ResolveRequiredComponents (20ms)
	FinalizeReload (1284ms)
		ReleaseScriptCaches (0ms)
		RebuildScriptCaches (0ms)
		SetupLoadedEditorAssemblies (459ms)
			LogAssemblyErrors (0ms)
			InitializePlatformSupportModulesInManaged (6ms)
			SetLoadedEditorAssemblies (5ms)
			RefreshPlugins (0ms)
			BeforeProcessingInitializeOnLoad (80ms)
			ProcessInitializeOnLoadAttributes (286ms)
			ProcessInitializeOnLoadMethodAttributes (79ms)
			AfterProcessingInitializeOnLoad (2ms)
			EditorAssembliesLoaded (0ms)
		ExecutionOrderSort2 (0ms)
		AwakeInstancesAfterBackupRestoration (16ms)
Refreshing native plugins compatible for Editor in 5.28 ms, found 4 plugins.
Preloading 0 native plugins for Editor in 0.00 ms.
Unloading 5529 Unused Serialized files (Serialized files now loaded: 0)
Unloading 62 unused Assets / (3.5 MB). Loaded Objects now: 6209.
Memory consumption went from 203.3 MB to 199.7 MB.
Total: 9.624100 ms (FindLiveObjects: 1.109900 ms CreateObjectMapping: 0.631000 ms MarkObjects: 5.502600 ms  DeleteObjects: 2.378200 ms)

Prepare: number of updated asset objects reloaded= 0
AssetImportParameters requested are different than current active one (requested -> active):
  custom:container-demuxer-ogg: 62fdf1f143b41e24485cea50d1cbac27 -> 
  custom:video-codec-MediaFoundation-h265: 746d11721c4dcdbdad8f713fa42b33f4 -> 
  custom:video-decoder-ogg-theora: a1e56fd34408186e4bbccfd4996cb3dc -> 
  custom:scripting/monoscript/fileName/CurveParameters.cs: dbbfe4c28c12ee1af2a53a9ddf424ed8 -> 
  custom:framework-win-MediaFoundation: 216162199b28c13a410421893ffa2e32 -> 
  custom:scripting/monoscript/fileName/ExtensionMethods.cs: d562ef83db550cc6a37dd506f8fa6076 -> 
  custom:CustomObjectIndexerAttribute: 72b91833f83ae208fae7752999fa3104 -> 
  custom:container-demuxer-webm: 4f35f7cbe854078d1ac9338744f61a02 -> 
  custom:container-muxer-webm: aa71ff27fc2769a1b78a27578f13a17b -> 
  custom:scripting/monoscript/fileName/VisualCardsHandler.cs: c998ca6078f481b9bdf958030417bcab -> 
  custom:video-decoder-webm-vp8: 9c59270c3fd7afecdb556c50c9e8de78 -> 
  custom:scripting/monoscript/fileName/CardVisual.cs: a1bb4f200cddbec7d0860dba7b804694 -> 
  custom:SearchIndexIgnoredProperties: e643bd26f0fe6173181afceb89e7c659 -> 
  custom:AudioImporter_EditorPlatform: d09bf68614088b80899f8185d706f6e7 -> 
  custom:video-encoder-webm-vp8: eb34c28f22e8b96e1ab97ce403110664 -> 
  custom:audio-decoder-ogg-vorbis: bf7c407c2cedff20999df2af8eb42d56 -> 
  custom:audio-encoder-webm-vorbis: bf7c407c2cedff20999df2af8eb42d56 -> 
  custom:scripting/monoscript/fileName/HorizontalCardHolder.cs: 10ca772a871e8b939b58661390076509 -> 
  custom:scripting/precompiled-assembly-types:Assembly-CSharp: b727e012e0e53fabd27ed99beebe9708 -> 3ef234551db207cf3afdac046a4f9689
========================================================================
Received Import Request.
  Time since last request: 220.825453 seconds.
  path: Assets/Scripts/CardVisual.cs
  artifactKey: Guid(b8ce7346ea733464baed5ec5dc4a18b4) Importer(815301076,1909f56bfc062723c751e8b465ee728b)
Start importing Assets/Scripts/CardVisual.cs using Guid(b8ce7346ea733464baed5ec5dc4a18b4) Importer(815301076,1909f56bfc062723c751e8b465ee728b) [PhysX] Initialized MultithreadedTaskDispatcher with 16 workers.
 -> (artifact id: '4d8a23f1912df5c8d22e1a171d6bef75') in 0.003970 seconds
Number of updated asset objects reloaded before import = 0
Number of asset objects unloaded after import = 0
========================================================================
Received Import Request.
  Time since last request: 3.694096 seconds.
  path: Assets/Scripts/CurveParameters.cs
  artifactKey: Guid(87e7d108b9ef2cd41b201629758b5313) Importer(815301076,1909f56bfc062723c751e8b465ee728b)
Start importing Assets/Scripts/CurveParameters.cs using Guid(87e7d108b9ef2cd41b201629758b5313) Importer(815301076,1909f56bfc062723c751e8b465ee728b) [PhysX] Initialized MultithreadedTaskDispatcher with 16 workers.
 -> (artifact id: 'bc877c6cae2e7ddfb254aca6775a45db') in 0.000695 seconds
Number of updated asset objects reloaded before import = 0
Number of asset objects unloaded after import = 0
========================================================================
Received Import Request.
  Time since last request: 3.185866 seconds.
  path: Assets/Scripts/GameManager.cs
  artifactKey: Guid(30eb5f2844b045840ac4aa98de0ea26d) Importer(815301076,1909f56bfc062723c751e8b465ee728b)
Start importing Assets/Scripts/GameManager.cs using Guid(30eb5f2844b045840ac4aa98de0ea26d) Importer(815301076,1909f56bfc062723c751e8b465ee728b) [PhysX] Initialized MultithreadedTaskDispatcher with 16 workers.
 -> (artifact id: 'de8f34eeeb1f7c6e40bf6917b762a4b6') in 0.000601 seconds
Number of updated asset objects reloaded before import = 0
Number of asset objects unloaded after import = 0
========================================================================
Received Import Request.
  Time since last request: 2.482931 seconds.
  path: Assets/Scripts/ExtensionMethods.cs
  artifactKey: Guid(b845fb07d5c1fda4c952bf79d5f86d90) Importer(815301076,1909f56bfc062723c751e8b465ee728b)
Start importing Assets/Scripts/ExtensionMethods.cs using Guid(b845fb07d5c1fda4c952bf79d5f86d90) Importer(815301076,1909f56bfc062723c751e8b465ee728b) [PhysX] Initialized MultithreadedTaskDispatcher with 16 workers.
 -> (artifact id: 'be3795dfa5b357940809f79c1d860ffe') in 0.001251 seconds
Number of updated asset objects reloaded before import = 0
Number of asset objects unloaded after import = 0
========================================================================
Received Import Request.
  Time since last request: 1.891181 seconds.
  path: Assets/Scripts/HorizontalCardHolder.cs
  artifactKey: Guid(e58958f2111470d47808d23d13a3fd80) Importer(815301076,1909f56bfc062723c751e8b465ee728b)
Start importing Assets/Scripts/HorizontalCardHolder.cs using Guid(e58958f2111470d47808d23d13a3fd80) Importer(815301076,1909f56bfc062723c751e8b465ee728b) [PhysX] Initialized MultithreadedTaskDispatcher with 16 workers.
 -> (artifact id: '5194704bd05be237bd866e836c8c8fce') in 0.000504 seconds
Number of updated asset objects reloaded before import = 0
Number of asset objects unloaded after import = 0
========================================================================
Received Prepare
Caller must complete domain reload
Begin MonoManager ReloadAssembly
- Loaded All Assemblies, in  0.416 seconds
Native extension for WindowsStandalone target not found
Mono: successfully reloaded assembly
- Finished resetting the current domain, in  1.037 seconds
Domain Reload Profiling: 1453ms
	BeginReloadAssembly (133ms)
		ExecutionOrderSort (0ms)
		DisableScriptedObjects (9ms)
		BackupInstance (0ms)
		ReleaseScriptingObjects (0ms)
		CreateAndSetChildDomain (34ms)
	RebuildCommonClasses (27ms)
	RebuildNativeTypeToScriptingClass (8ms)
	initialDomainReloadingComplete (21ms)
	LoadAllAssembliesAndSetupDomain (226ms)
		LoadAssemblies (256ms)
		RebuildTransferFunctionScriptingTraits (0ms)
		AnalyzeDomain (36ms)
			TypeCache.Refresh (8ms)
				TypeCache.ScanAssembly (0ms)
			ScanForSourceGeneratedMonoScriptInfo (18ms)
			ResolveRequiredComponents (8ms)
	FinalizeReload (1037ms)
		ReleaseScriptCaches (0ms)
		RebuildScriptCaches (0ms)
		SetupLoadedEditorAssemblies (432ms)
			LogAssemblyErrors (0ms)
			InitializePlatformSupportModulesInManaged (5ms)
			SetLoadedEditorAssemblies (5ms)
			RefreshPlugins (0ms)
			BeforeProcessingInitializeOnLoad (79ms)
			ProcessInitializeOnLoadAttributes (267ms)
			ProcessInitializeOnLoadMethodAttributes (73ms)
			AfterProcessingInitializeOnLoad (2ms)
			EditorAssembliesLoaded (0ms)
		ExecutionOrderSort2 (0ms)
		AwakeInstancesAfterBackupRestoration (18ms)
Refreshing native plugins compatible for Editor in 5.04 ms, found 4 plugins.
Preloading 0 native plugins for Editor in 0.00 ms.
Unloading 5524 Unused Serialized files (Serialized files now loaded: 0)
Unloading 67 unused Assets / (3.5 MB). Loaded Objects now: 6209.
Memory consumption went from 203.1 MB to 199.6 MB.
Total: 4.936600 ms (FindLiveObjects: 0.480000 ms CreateObjectMapping: 0.389900 ms MarkObjects: 2.588200 ms  DeleteObjects: 1.477400 ms)

Prepare: number of updated asset objects reloaded= 0
AssetImportParameters requested are different than current active one (requested -> active):
  custom:container-demuxer-ogg: 62fdf1f143b41e24485cea50d1cbac27 -> 
  custom:video-codec-MediaFoundation-h265: 746d11721c4dcdbdad8f713fa42b33f4 -> 
  custom:video-decoder-ogg-theora: a1e56fd34408186e4bbccfd4996cb3dc -> 
  custom:scripting/monoscript/fileName/CurveParameters.cs: dbbfe4c28c12ee1af2a53a9ddf424ed8 -> 
  custom:framework-win-MediaFoundation: 216162199b28c13a410421893ffa2e32 -> 
  custom:scripting/monoscript/fileName/ExtensionMethods.cs: d562ef83db550cc6a37dd506f8fa6076 -> 
  custom:CustomObjectIndexerAttribute: 72b91833f83ae208fae7752999fa3104 -> 
  custom:container-demuxer-webm: 4f35f7cbe854078d1ac9338744f61a02 -> 
  custom:container-muxer-webm: aa71ff27fc2769a1b78a27578f13a17b -> 
  custom:scripting/monoscript/fileName/VisualCardsHandler.cs: c998ca6078f481b9bdf958030417bcab -> 
  custom:video-decoder-webm-vp8: 9c59270c3fd7afecdb556c50c9e8de78 -> 
  custom:scripting/monoscript/fileName/CardVisual.cs: a1bb4f200cddbec7d0860dba7b804694 -> 
  custom:SearchIndexIgnoredProperties: e643bd26f0fe6173181afceb89e7c659 -> 
  custom:AudioImporter_EditorPlatform: d09bf68614088b80899f8185d706f6e7 -> 
  custom:video-encoder-webm-vp8: eb34c28f22e8b96e1ab97ce403110664 -> 
  custom:audio-decoder-ogg-vorbis: bf7c407c2cedff20999df2af8eb42d56 -> 
  custom:audio-encoder-webm-vorbis: bf7c407c2cedff20999df2af8eb42d56 -> 
  custom:scripting/monoscript/fileName/HorizontalCardHolder.cs: 10ca772a871e8b939b58661390076509 -> 
  custom:scripting/precompiled-assembly-types:Assembly-CSharp: e9e4459297839c51fb67700046efbd10 -> 3ef234551db207cf3afdac046a4f9689
========================================================================
Received Prepare
Caller must complete domain reload
Begin MonoManager ReloadAssembly
- Loaded All Assemblies, in  0.401 seconds
Native extension for WindowsStandalone target not found
Mono: successfully reloaded assembly
- Finished resetting the current domain, in  1.026 seconds
Domain Reload Profiling: 1426ms
	BeginReloadAssembly (128ms)
		ExecutionOrderSort (0ms)
		DisableScriptedObjects (9ms)
		BackupInstance (0ms)
		ReleaseScriptingObjects (0ms)
		CreateAndSetChildDomain (33ms)
	RebuildCommonClasses (25ms)
	RebuildNativeTypeToScriptingClass (8ms)
	initialDomainReloadingComplete (20ms)
	LoadAllAssembliesAndSetupDomain (219ms)
		LoadAssemblies (245ms)
		RebuildTransferFunctionScriptingTraits (0ms)
		AnalyzeDomain (36ms)
			TypeCache.Refresh (8ms)
				TypeCache.ScanAssembly (0ms)
			ScanForSourceGeneratedMonoScriptInfo (18ms)
			ResolveRequiredComponents (8ms)
	FinalizeReload (1026ms)
		ReleaseScriptCaches (0ms)
		RebuildScriptCaches (0ms)
		SetupLoadedEditorAssemblies (430ms)
			LogAssemblyErrors (0ms)
			InitializePlatformSupportModulesInManaged (4ms)
			SetLoadedEditorAssemblies (5ms)
			RefreshPlugins (0ms)
			BeforeProcessingInitializeOnLoad (78ms)
			ProcessInitializeOnLoadAttributes (271ms)
			ProcessInitializeOnLoadMethodAttributes (69ms)
			AfterProcessingInitializeOnLoad (2ms)
			EditorAssembliesLoaded (0ms)
		ExecutionOrderSort2 (0ms)
		AwakeInstancesAfterBackupRestoration (14ms)
Refreshing native plugins compatible for Editor in 6.22 ms, found 4 plugins.
Preloading 0 native plugins for Editor in 0.00 ms.
Unloading 5523 Unused Serialized files (Serialized files now loaded: 0)
Unloading 63 unused Assets / (3.5 MB). Loaded Objects now: 6213.
Memory consumption went from 203.1 MB to 199.6 MB.
Total: 4.837100 ms (FindLiveObjects: 0.461000 ms CreateObjectMapping: 0.198500 ms MarkObjects: 2.634000 ms  DeleteObjects: 1.542700 ms)

Prepare: number of updated asset objects reloaded= 0
AssetImportParameters requested are different than current active one (requested -> active):
  custom:container-demuxer-ogg: 62fdf1f143b41e24485cea50d1cbac27 -> 
  custom:video-codec-MediaFoundation-h265: 746d11721c4dcdbdad8f713fa42b33f4 -> 
  custom:video-decoder-ogg-theora: a1e56fd34408186e4bbccfd4996cb3dc -> 
  custom:scripting/monoscript/fileName/CurveParameters.cs: dbbfe4c28c12ee1af2a53a9ddf424ed8 -> 
  custom:framework-win-MediaFoundation: 216162199b28c13a410421893ffa2e32 -> 
  custom:scripting/monoscript/fileName/ExtensionMethods.cs: d562ef83db550cc6a37dd506f8fa6076 -> 
  custom:CustomObjectIndexerAttribute: 72b91833f83ae208fae7752999fa3104 -> 
  custom:container-demuxer-webm: 4f35f7cbe854078d1ac9338744f61a02 -> 
  custom:container-muxer-webm: aa71ff27fc2769a1b78a27578f13a17b -> 
  custom:scripting/monoscript/fileName/VisualCardsHandler.cs: c998ca6078f481b9bdf958030417bcab -> 
  custom:video-decoder-webm-vp8: 9c59270c3fd7afecdb556c50c9e8de78 -> 
  custom:scripting/monoscript/fileName/CardVisual.cs: a1bb4f200cddbec7d0860dba7b804694 -> 
  custom:SearchIndexIgnoredProperties: e643bd26f0fe6173181afceb89e7c659 -> 
  custom:AudioImporter_EditorPlatform: d09bf68614088b80899f8185d706f6e7 -> 
  custom:video-encoder-webm-vp8: eb34c28f22e8b96e1ab97ce403110664 -> 
  custom:audio-decoder-ogg-vorbis: bf7c407c2cedff20999df2af8eb42d56 -> 
  custom:audio-encoder-webm-vorbis: bf7c407c2cedff20999df2af8eb42d56 -> 
  custom:scripting/monoscript/fileName/HorizontalCardHolder.cs: 10ca772a871e8b939b58661390076509 -> 
  custom:scripting/precompiled-assembly-types:Assembly-CSharp: e8d65b96ab3ebcac039be88b3fa78f02 -> 3ef234551db207cf3afdac046a4f9689
========================================================================
Received Import Request.
  Time since last request: 12.845251 seconds.
  path: Assets/Scripts/VisualCardsHandler.cs
  artifactKey: Guid(14490483b76a47d44af2879992a59111) Importer(815301076,1909f56bfc062723c751e8b465ee728b)
Start importing Assets/Scripts/VisualCardsHandler.cs using Guid(14490483b76a47d44af2879992a59111) Importer(815301076,1909f56bfc062723c751e8b465ee728b) [PhysX] Initialized MultithreadedTaskDispatcher with 16 workers.
 -> (artifact id: 'c73e97548269550ebf592e4f42e6210f') in 0.002196 seconds
Number of updated asset objects reloaded before import = 0
Number of asset objects unloaded after import = 0
========================================================================
Received Prepare
Caller must complete domain reload
Begin MonoManager ReloadAssembly
- Loaded All Assemblies, in  0.412 seconds
Native extension for WindowsStandalone target not found
Mono: successfully reloaded assembly
- Finished resetting the current domain, in  1.054 seconds
Domain Reload Profiling: 1466ms
	BeginReloadAssembly (136ms)
		ExecutionOrderSort (0ms)
		DisableScriptedObjects (9ms)
		BackupInstance (0ms)
		ReleaseScriptingObjects (0ms)
		CreateAndSetChildDomain (35ms)
	RebuildCommonClasses (25ms)
	RebuildNativeTypeToScriptingClass (8ms)
	initialDomainReloadingComplete (20ms)
	LoadAllAssembliesAndSetupDomain (223ms)
		LoadAssemblies (253ms)
		RebuildTransferFunctionScriptingTraits (0ms)
		AnalyzeDomain (37ms)
			TypeCache.Refresh (8ms)
				TypeCache.ScanAssembly (0ms)
			ScanForSourceGeneratedMonoScriptInfo (20ms)
			ResolveRequiredComponents (8ms)
	FinalizeReload (1054ms)
		ReleaseScriptCaches (0ms)
		RebuildScriptCaches (0ms)
		SetupLoadedEditorAssemblies (436ms)
			LogAssemblyErrors (0ms)
			InitializePlatformSupportModulesInManaged (5ms)
			SetLoadedEditorAssemblies (5ms)
			RefreshPlugins (0ms)
			BeforeProcessingInitializeOnLoad (77ms)
			ProcessInitializeOnLoadAttributes (278ms)
			ProcessInitializeOnLoadMethodAttributes (70ms)
			AfterProcessingInitializeOnLoad (2ms)
			EditorAssembliesLoaded (0ms)
		ExecutionOrderSort2 (0ms)
		AwakeInstancesAfterBackupRestoration (14ms)
Refreshing native plugins compatible for Editor in 5.69 ms, found 4 plugins.
Preloading 0 native plugins for Editor in 0.00 ms.
Unloading 5522 Unused Serialized files (Serialized files now loaded: 0)
Unloading 63 unused Assets / (3.5 MB). Loaded Objects now: 6217.
Memory consumption went from 203.1 MB to 199.6 MB.
Total: 6.231700 ms (FindLiveObjects: 0.502900 ms CreateObjectMapping: 0.465200 ms MarkObjects: 3.198400 ms  DeleteObjects: 2.063700 ms)

Prepare: number of updated asset objects reloaded= 0
AssetImportParameters requested are different than current active one (requested -> active):
  custom:container-demuxer-ogg: 62fdf1f143b41e24485cea50d1cbac27 -> 
  custom:video-codec-MediaFoundation-h265: 746d11721c4dcdbdad8f713fa42b33f4 -> 
  custom:video-decoder-ogg-theora: a1e56fd34408186e4bbccfd4996cb3dc -> 
  custom:scripting/monoscript/fileName/CurveParameters.cs: dbbfe4c28c12ee1af2a53a9ddf424ed8 -> 
  custom:framework-win-MediaFoundation: 216162199b28c13a410421893ffa2e32 -> 
  custom:scripting/monoscript/fileName/ExtensionMethods.cs: d562ef83db550cc6a37dd506f8fa6076 -> 
  custom:CustomObjectIndexerAttribute: 72b91833f83ae208fae7752999fa3104 -> 
  custom:container-demuxer-webm: 4f35f7cbe854078d1ac9338744f61a02 -> 
  custom:container-muxer-webm: aa71ff27fc2769a1b78a27578f13a17b -> 
  custom:scripting/monoscript/fileName/VisualCardsHandler.cs: c998ca6078f481b9bdf958030417bcab -> 
  custom:video-decoder-webm-vp8: 9c59270c3fd7afecdb556c50c9e8de78 -> 
  custom:scripting/monoscript/fileName/CardVisual.cs: a1bb4f200cddbec7d0860dba7b804694 -> 
  custom:SearchIndexIgnoredProperties: e643bd26f0fe6173181afceb89e7c659 -> 
  custom:AudioImporter_EditorPlatform: d09bf68614088b80899f8185d706f6e7 -> 
  custom:video-encoder-webm-vp8: eb34c28f22e8b96e1ab97ce403110664 -> 
  custom:audio-decoder-ogg-vorbis: bf7c407c2cedff20999df2af8eb42d56 -> 
  custom:audio-encoder-webm-vorbis: bf7c407c2cedff20999df2af8eb42d56 -> 
  custom:scripting/monoscript/fileName/HorizontalCardHolder.cs: 10ca772a871e8b939b58661390076509 -> 
  custom:scripting/precompiled-assembly-types:Assembly-CSharp:  -> 3ef234551db207cf3afdac046a4f9689
========================================================================
Received Import Request.
  Time since last request: 8.455692 seconds.
  path: Assets/Prefabs/Card_Back.prefab
  artifactKey: Guid(71dd3942baf5c22468b63ac06cbe49ed) Importer(815301076,1909f56bfc062723c751e8b465ee728b)
Start importing Assets/Prefabs/Card_Back.prefab using Guid(71dd3942baf5c22468b63ac06cbe49ed) Importer(815301076,1909f56bfc062723c751e8b465ee728b) [PhysX] Initialized MultithreadedTaskDispatcher with 16 workers.
 -> (artifact id: '69a1f629013e11273a029b3c8ec7abdd') in 0.038361 seconds
Number of updated asset objects reloaded before import = 0
Number of asset objects unloaded after import = 12
========================================================================
Received Import Request.
  Time since last request: 9.235474 seconds.
  path: Assets/Violet Theme Ui
  artifactKey: Guid(998f9b21e6d77dd4b841bc0edd27ba94) Importer(815301076,1909f56bfc062723c751e8b465ee728b)
Start importing Assets/Violet Theme Ui using Guid(998f9b21e6d77dd4b841bc0edd27ba94) Importer(815301076,1909f56bfc062723c751e8b465ee728b) [PhysX] Initialized MultithreadedTaskDispatcher with 16 workers.
 -> (artifact id: 'cf5d6c59ecfc5f8d3804e5fdb9dbc321') in 0.000584 seconds
Number of updated asset objects reloaded before import = 0
Number of asset objects unloaded after import = 0
========================================================================
Received Import Request.
  Time since last request: 0.872080 seconds.
  path: Assets/Textures
  artifactKey: Guid(f265050b2c2862046b25261eea927183) Importer(815301076,1909f56bfc062723c751e8b465ee728b)
Start importing Assets/Textures using Guid(f265050b2c2862046b25261eea927183) Importer(815301076,1909f56bfc062723c751e8b465ee728b) [PhysX] Initialized MultithreadedTaskDispatcher with 16 workers.
 -> (artifact id: '2b4a89c4a664177a258e726b123e163e') in 0.001179 seconds
Number of updated asset objects reloaded before import = 0
Number of asset objects unloaded after import = 0
========================================================================
Received Import Request.
  Time since last request: 0.700972 seconds.
  path: Assets/TextMesh Pro
  artifactKey: Guid(f54d1bd14bd3ca042bd867b519fee8cc) Importer(815301076,1909f56bfc062723c751e8b465ee728b)
Start importing Assets/TextMesh Pro using Guid(f54d1bd14bd3ca042bd867b519fee8cc) Importer(815301076,1909f56bfc062723c751e8b465ee728b) [PhysX] Initialized MultithreadedTaskDispatcher with 16 workers.
 -> (artifact id: '40a4b48c99806b00111ac0f8214f8e68') in 0.001216 seconds
Number of updated asset objects reloaded before import = 0
Number of asset objects unloaded after import = 0
========================================================================
Received Import Request.
  Time since last request: 29.956308 seconds.
  path: Assets/Prefabs/PLayerSlot.prefab
  artifactKey: Guid(822f629888c63064daa41aba28bc48ba) Importer(815301076,1909f56bfc062723c751e8b465ee728b)
Start importing Assets/Prefabs/PLayerSlot.prefab using Guid(822f629888c63064daa41aba28bc48ba) Importer(815301076,1909f56bfc062723c751e8b465ee728b) [PhysX] Initialized MultithreadedTaskDispatcher with 16 workers.
 -> (artifact id: 'cb10b920fbb72bd01a1d381a2c8125c2') in 0.035155 seconds
Number of updated asset objects reloaded before import = 0
Number of asset objects unloaded after import = 21
========================================================================
Received Import Request.
  Time since last request: 5.078591 seconds.
  path: Assets/Prefabs/PLayerSlot.prefab
  artifactKey: Guid(822f629888c63064daa41aba28bc48ba) Importer(815301076,1909f56bfc062723c751e8b465ee728b)
Start importing Assets/Prefabs/PLayerSlot.prefab using Guid(822f629888c63064daa41aba28bc48ba) Importer(815301076,1909f56bfc062723c751e8b465ee728b) [PhysX] Initialized MultithreadedTaskDispatcher with 16 workers.
 -> (artifact id: '0355916b2813eeae6bb191c63b869608') in 0.014690 seconds
Number of updated asset objects reloaded before import = 0
Number of asset objects unloaded after import = 21
========================================================================
Received Import Request.
  Time since last request: 1.615440 seconds.
  path: Assets/Prefabs/PLayerSlot.prefab
  artifactKey: Guid(822f629888c63064daa41aba28bc48ba) Importer(815301076,1909f56bfc062723c751e8b465ee728b)
Start importing Assets/Prefabs/PLayerSlot.prefab using Guid(822f629888c63064daa41aba28bc48ba) Importer(815301076,1909f56bfc062723c751e8b465ee728b) [PhysX] Initialized MultithreadedTaskDispatcher with 16 workers.
 -> (artifact id: '76551d6695a128442d755874b8fe3f81') in 0.014888 seconds
Number of updated asset objects reloaded before import = 0
Number of asset objects unloaded after import = 21
========================================================================
Received Import Request.
  Time since last request: 1.009427 seconds.
  path: Assets/Prefabs/PLayerSlot.prefab
  artifactKey: Guid(822f629888c63064daa41aba28bc48ba) Importer(815301076,1909f56bfc062723c751e8b465ee728b)
Start importing Assets/Prefabs/PLayerSlot.prefab using Guid(822f629888c63064daa41aba28bc48ba) Importer(815301076,1909f56bfc062723c751e8b465ee728b) [PhysX] Initialized MultithreadedTaskDispatcher with 16 workers.
 -> (artifact id: 'f14d6b13b60bdc229518d3c98860a6a7') in 0.013807 seconds
Number of updated asset objects reloaded before import = 0
Number of asset objects unloaded after import = 21
========================================================================
Received Import Request.
  Time since last request: 8.912993 seconds.
  path: Assets/Prefabs/PLayerSlot.prefab
  artifactKey: Guid(822f629888c63064daa41aba28bc48ba) Importer(815301076,1909f56bfc062723c751e8b465ee728b)
Start importing Assets/Prefabs/PLayerSlot.prefab using Guid(822f629888c63064daa41aba28bc48ba) Importer(815301076,1909f56bfc062723c751e8b465ee728b) [PhysX] Initialized MultithreadedTaskDispatcher with 16 workers.
 -> (artifact id: '26ef85da65df8f700606698c71e2dcb3') in 0.014220 seconds
Number of updated asset objects reloaded before import = 0
Number of asset objects unloaded after import = 25
========================================================================
Received Import Request.
  Time since last request: 19.293903 seconds.
  path: Assets/Prefabs/PLayerSlot.prefab
  artifactKey: Guid(822f629888c63064daa41aba28bc48ba) Importer(815301076,1909f56bfc062723c751e8b465ee728b)
Start importing Assets/Prefabs/PLayerSlot.prefab using Guid(822f629888c63064daa41aba28bc48ba) Importer(815301076,1909f56bfc062723c751e8b465ee728b) [PhysX] Initialized MultithreadedTaskDispatcher with 16 workers.
 -> (artifact id: '355aa27d8f992d90c4038d635ad0623b') in 0.014422 seconds
Number of updated asset objects reloaded before import = 0
Number of asset objects unloaded after import = 25
========================================================================
Received Import Request.
  Time since last request: 7.094078 seconds.
  path: Assets/Prefabs/PLayerSlot.prefab
  artifactKey: Guid(822f629888c63064daa41aba28bc48ba) Importer(815301076,1909f56bfc062723c751e8b465ee728b)
Start importing Assets/Prefabs/PLayerSlot.prefab using Guid(822f629888c63064daa41aba28bc48ba) Importer(815301076,1909f56bfc062723c751e8b465ee728b) [PhysX] Initialized MultithreadedTaskDispatcher with 16 workers.
 -> (artifact id: '28207ee1ff4295c35c6575de73fe7e4d') in 0.013885 seconds
Number of updated asset objects reloaded before import = 0
Number of asset objects unloaded after import = 25
========================================================================
Received Import Request.
  Time since last request: 2.104469 seconds.
  path: Assets/Prefabs/PLayerSlot.prefab
  artifactKey: Guid(822f629888c63064daa41aba28bc48ba) Importer(815301076,1909f56bfc062723c751e8b465ee728b)
Start importing Assets/Prefabs/PLayerSlot.prefab using Guid(822f629888c63064daa41aba28bc48ba) Importer(815301076,1909f56bfc062723c751e8b465ee728b) [PhysX] Initialized MultithreadedTaskDispatcher with 16 workers.
 -> (artifact id: 'd4eea84f1fe2013ce1d502dae76e193d') in 0.013820 seconds
Number of updated asset objects reloaded before import = 0
Number of asset objects unloaded after import = 25
========================================================================
Received Import Request.
  Time since last request: 2.889146 seconds.
  path: Assets/Prefabs/PLayerSlot.prefab
  artifactKey: Guid(822f629888c63064daa41aba28bc48ba) Importer(815301076,1909f56bfc062723c751e8b465ee728b)
Start importing Assets/Prefabs/PLayerSlot.prefab using Guid(822f629888c63064daa41aba28bc48ba) Importer(815301076,1909f56bfc062723c751e8b465ee728b) [PhysX] Initialized MultithreadedTaskDispatcher with 16 workers.
 -> (artifact id: '868716a3260bd3509cb7f80f30a27a83') in 0.012900 seconds
Number of updated asset objects reloaded before import = 0
Number of asset objects unloaded after import = 25
========================================================================
Received Import Request.
  Time since last request: 5.119511 seconds.
  path: Assets/Prefabs/PLayerSlot.prefab
  artifactKey: Guid(822f629888c63064daa41aba28bc48ba) Importer(815301076,1909f56bfc062723c751e8b465ee728b)
Start importing Assets/Prefabs/PLayerSlot.prefab using Guid(822f629888c63064daa41aba28bc48ba) Importer(815301076,1909f56bfc062723c751e8b465ee728b) [PhysX] Initialized MultithreadedTaskDispatcher with 16 workers.
 -> (artifact id: 'd240a378aba69ed034841794b0fbf4a6') in 0.014591 seconds
Number of updated asset objects reloaded before import = 0
Number of asset objects unloaded after import = 25
========================================================================
Received Import Request.
  Time since last request: 2.250175 seconds.
  path: Assets/Prefabs/PLayerSlot.prefab
  artifactKey: Guid(822f629888c63064daa41aba28bc48ba) Importer(815301076,1909f56bfc062723c751e8b465ee728b)
Start importing Assets/Prefabs/PLayerSlot.prefab using Guid(822f629888c63064daa41aba28bc48ba) Importer(815301076,1909f56bfc062723c751e8b465ee728b) [PhysX] Initialized MultithreadedTaskDispatcher with 16 workers.
 -> (artifact id: 'c98fa088056804a64c6d0c75f11e9bd4') in 0.014115 seconds
Number of updated asset objects reloaded before import = 0
Number of asset objects unloaded after import = 25
========================================================================
Received Import Request.
  Time since last request: 3.486053 seconds.
  path: Assets/Prefabs/PLayerSlot.prefab
  artifactKey: Guid(822f629888c63064daa41aba28bc48ba) Importer(815301076,1909f56bfc062723c751e8b465ee728b)
Start importing Assets/Prefabs/PLayerSlot.prefab using Guid(822f629888c63064daa41aba28bc48ba) Importer(815301076,1909f56bfc062723c751e8b465ee728b) [PhysX] Initialized MultithreadedTaskDispatcher with 16 workers.
 -> (artifact id: '7f8b997347e28a8f5a52dd1a25cbc3ee') in 0.017118 seconds
Number of updated asset objects reloaded before import = 0
Number of asset objects unloaded after import = 25
========================================================================
Received Import Request.
  Time since last request: 12.163284 seconds.
  path: Assets/Prefabs/PLayerSlot.prefab
  artifactKey: Guid(822f629888c63064daa41aba28bc48ba) Importer(815301076,1909f56bfc062723c751e8b465ee728b)
Start importing Assets/Prefabs/PLayerSlot.prefab using Guid(822f629888c63064daa41aba28bc48ba) Importer(815301076,1909f56bfc062723c751e8b465ee728b) [PhysX] Initialized MultithreadedTaskDispatcher with 16 workers.
 -> (artifact id: '9aeb9c9fd55cbf2ada3d153bdea549be') in 0.013626 seconds
Number of updated asset objects reloaded before import = 0
Number of asset objects unloaded after import = 26
========================================================================
Received Import Request.
  Time since last request: 4.505947 seconds.
  path: Assets/Prefabs/PLayerSlot.prefab
  artifactKey: Guid(822f629888c63064daa41aba28bc48ba) Importer(815301076,1909f56bfc062723c751e8b465ee728b)
Start importing Assets/Prefabs/PLayerSlot.prefab using Guid(822f629888c63064daa41aba28bc48ba) Importer(815301076,1909f56bfc062723c751e8b465ee728b) [PhysX] Initialized MultithreadedTaskDispatcher with 16 workers.
 -> (artifact id: '75aef35e7a826ea2ac8cfb4b87789207') in 0.014417 seconds
Number of updated asset objects reloaded before import = 0
Number of asset objects unloaded after import = 26
========================================================================
Received Import Request.
  Time since last request: 4.911243 seconds.
  path: Assets/Prefabs/PLayerSlot.prefab
  artifactKey: Guid(822f629888c63064daa41aba28bc48ba) Importer(815301076,1909f56bfc062723c751e8b465ee728b)
Start importing Assets/Prefabs/PLayerSlot.prefab using Guid(822f629888c63064daa41aba28bc48ba) Importer(815301076,1909f56bfc062723c751e8b465ee728b) [PhysX] Initialized MultithreadedTaskDispatcher with 16 workers.
 -> (artifact id: '413c9c641ddf8737cf8c3be82bdb5bae') in 0.015395 seconds
Number of updated asset objects reloaded before import = 0
Number of asset objects unloaded after import = 26
========================================================================
Received Import Request.
  Time since last request: 4.111787 seconds.
  path: Assets/Prefabs/PLayerSlot.prefab
  artifactKey: Guid(822f629888c63064daa41aba28bc48ba) Importer(815301076,1909f56bfc062723c751e8b465ee728b)
Start importing Assets/Prefabs/PLayerSlot.prefab using Guid(822f629888c63064daa41aba28bc48ba) Importer(815301076,1909f56bfc062723c751e8b465ee728b) [PhysX] Initialized MultithreadedTaskDispatcher with 16 workers.
 -> (artifact id: 'b0cb86dbe9935c1ad74c827174285a78') in 0.014039 seconds
Number of updated asset objects reloaded before import = 0
Number of asset objects unloaded after import = 26
========================================================================
Received Import Request.
  Time since last request: 8.646460 seconds.
  path: Assets/Prefabs/PLayerSlot.prefab
  artifactKey: Guid(822f629888c63064daa41aba28bc48ba) Importer(815301076,1909f56bfc062723c751e8b465ee728b)
Start importing Assets/Prefabs/PLayerSlot.prefab using Guid(822f629888c63064daa41aba28bc48ba) Importer(815301076,1909f56bfc062723c751e8b465ee728b) [PhysX] Initialized MultithreadedTaskDispatcher with 16 workers.
 -> (artifact id: 'fc65f6cd8e295832de48b6e089f70119') in 0.014089 seconds
Number of updated asset objects reloaded before import = 0
Number of asset objects unloaded after import = 26
========================================================================
Received Import Request.
  Time since last request: 2.886332 seconds.
  path: Assets/Prefabs/PLayerSlot.prefab
  artifactKey: Guid(822f629888c63064daa41aba28bc48ba) Importer(815301076,1909f56bfc062723c751e8b465ee728b)
Start importing Assets/Prefabs/PLayerSlot.prefab using Guid(822f629888c63064daa41aba28bc48ba) Importer(815301076,1909f56bfc062723c751e8b465ee728b) [PhysX] Initialized MultithreadedTaskDispatcher with 16 workers.
 -> (artifact id: '5e6f62c20e94a95e8cca6c5139e10351') in 0.016031 seconds
Number of updated asset objects reloaded before import = 0
Number of asset objects unloaded after import = 26
========================================================================
Received Import Request.
  Time since last request: 16.030939 seconds.
  path: Assets/Prefabs/PLayerSlot.prefab
  artifactKey: Guid(822f629888c63064daa41aba28bc48ba) Importer(815301076,1909f56bfc062723c751e8b465ee728b)
Start importing Assets/Prefabs/PLayerSlot.prefab using Guid(822f629888c63064daa41aba28bc48ba) Importer(815301076,1909f56bfc062723c751e8b465ee728b) [PhysX] Initialized MultithreadedTaskDispatcher with 16 workers.
 -> (artifact id: '70c70f4db0efe8e7bae899fee2af1171') in 0.013726 seconds
Number of updated asset objects reloaded before import = 0
Number of asset objects unloaded after import = 26
========================================================================
Received Import Request.
  Time since last request: 3.077211 seconds.
  path: Assets/Prefabs/PLayerSlot.prefab
  artifactKey: Guid(822f629888c63064daa41aba28bc48ba) Importer(815301076,1909f56bfc062723c751e8b465ee728b)
Start importing Assets/Prefabs/PLayerSlot.prefab using Guid(822f629888c63064daa41aba28bc48ba) Importer(815301076,1909f56bfc062723c751e8b465ee728b) [PhysX] Initialized MultithreadedTaskDispatcher with 16 workers.
 -> (artifact id: '2017c15325763bc3fa81ffffeb85c869') in 0.014284 seconds
Number of updated asset objects reloaded before import = 0
Number of asset objects unloaded after import = 26
========================================================================
Received Import Request.
  Time since last request: 1.414827 seconds.
  path: Assets/Prefabs/PLayerSlot.prefab
  artifactKey: Guid(822f629888c63064daa41aba28bc48ba) Importer(815301076,1909f56bfc062723c751e8b465ee728b)
Start importing Assets/Prefabs/PLayerSlot.prefab using Guid(822f629888c63064daa41aba28bc48ba) Importer(815301076,1909f56bfc062723c751e8b465ee728b) [PhysX] Initialized MultithreadedTaskDispatcher with 16 workers.
 -> (artifact id: '7ca402ec2e3cc63c50de460cc14972d2') in 0.015016 seconds
Number of updated asset objects reloaded before import = 0
Number of asset objects unloaded after import = 26
========================================================================
Received Import Request.
  Time since last request: 1.641438 seconds.
  path: Assets/Prefabs/PLayerSlot.prefab
  artifactKey: Guid(822f629888c63064daa41aba28bc48ba) Importer(815301076,1909f56bfc062723c751e8b465ee728b)
Start importing Assets/Prefabs/PLayerSlot.prefab using Guid(822f629888c63064daa41aba28bc48ba) Importer(815301076,1909f56bfc062723c751e8b465ee728b) [PhysX] Initialized MultithreadedTaskDispatcher with 16 workers.
 -> (artifact id: 'b3580a57e7c46cf0b762f57249889baf') in 0.015875 seconds
Number of updated asset objects reloaded before import = 0
Number of asset objects unloaded after import = 26
========================================================================
Received Import Request.
  Time since last request: 1.636172 seconds.
  path: Assets/Prefabs/PLayerSlot.prefab
  artifactKey: Guid(822f629888c63064daa41aba28bc48ba) Importer(815301076,1909f56bfc062723c751e8b465ee728b)
Start importing Assets/Prefabs/PLayerSlot.prefab using Guid(822f629888c63064daa41aba28bc48ba) Importer(815301076,1909f56bfc062723c751e8b465ee728b) [PhysX] Initialized MultithreadedTaskDispatcher with 16 workers.
 -> (artifact id: '5ab0df50a15a9c9bd041120153eeb0f1') in 0.014518 seconds
Number of updated asset objects reloaded before import = 0
Number of asset objects unloaded after import = 26
========================================================================
Received Import Request.
  Time since last request: 4.120711 seconds.
  path: Assets/Prefabs/PLayerSlot.prefab
  artifactKey: Guid(822f629888c63064daa41aba28bc48ba) Importer(815301076,1909f56bfc062723c751e8b465ee728b)
Start importing Assets/Prefabs/PLayerSlot.prefab using Guid(822f629888c63064daa41aba28bc48ba) Importer(815301076,1909f56bfc062723c751e8b465ee728b) [PhysX] Initialized MultithreadedTaskDispatcher with 16 workers.
 -> (artifact id: '078678387e604f2faf6c2f0c61a0b5cf') in 0.015204 seconds
Number of updated asset objects reloaded before import = 0
Number of asset objects unloaded after import = 26
========================================================================
Received Import Request.
  Time since last request: 15.069455 seconds.
  path: Assets/Prefabs/PLayerSlot.prefab
  artifactKey: Guid(822f629888c63064daa41aba28bc48ba) Importer(815301076,1909f56bfc062723c751e8b465ee728b)
Start importing Assets/Prefabs/PLayerSlot.prefab using Guid(822f629888c63064daa41aba28bc48ba) Importer(815301076,1909f56bfc062723c751e8b465ee728b) [PhysX] Initialized MultithreadedTaskDispatcher with 16 workers.
 -> (artifact id: '5e2e82f329f5386c28b03e907634b270') in 0.016358 seconds
Number of updated asset objects reloaded before import = 0
Number of asset objects unloaded after import = 26
========================================================================
Received Import Request.
  Time since last request: 10.951646 seconds.
  path: Assets/Prefabs/PLayerSlot.prefab
  artifactKey: Guid(822f629888c63064daa41aba28bc48ba) Importer(815301076,1909f56bfc062723c751e8b465ee728b)
Start importing Assets/Prefabs/PLayerSlot.prefab using Guid(822f629888c63064daa41aba28bc48ba) Importer(815301076,1909f56bfc062723c751e8b465ee728b) [PhysX] Initialized MultithreadedTaskDispatcher with 16 workers.
 -> (artifact id: '010734c1aad7b514088000902201da25') in 0.013680 seconds
Number of updated asset objects reloaded before import = 0
Number of asset objects unloaded after import = 30
========================================================================
Received Import Request.
  Time since last request: 4.890634 seconds.
  path: Assets/Prefabs/PLayerSlot.prefab
  artifactKey: Guid(822f629888c63064daa41aba28bc48ba) Importer(815301076,1909f56bfc062723c751e8b465ee728b)
Start importing Assets/Prefabs/PLayerSlot.prefab using Guid(822f629888c63064daa41aba28bc48ba) Importer(815301076,1909f56bfc062723c751e8b465ee728b) [PhysX] Initialized MultithreadedTaskDispatcher with 16 workers.
 -> (artifact id: '6549e1edf04cb26530857da9b9257de9') in 0.014516 seconds
Number of updated asset objects reloaded before import = 0
Number of asset objects unloaded after import = 30
========================================================================
Received Import Request.
  Time since last request: 4.433008 seconds.
  path: Assets/Prefabs/PLayerSlot.prefab
  artifactKey: Guid(822f629888c63064daa41aba28bc48ba) Importer(815301076,1909f56bfc062723c751e8b465ee728b)
Start importing Assets/Prefabs/PLayerSlot.prefab using Guid(822f629888c63064daa41aba28bc48ba) Importer(815301076,1909f56bfc062723c751e8b465ee728b) [PhysX] Initialized MultithreadedTaskDispatcher with 16 workers.
 -> (artifact id: '0f85fb05b655fa58461b46f5cf66b046') in 0.014559 seconds
Number of updated asset objects reloaded before import = 0
Number of asset objects unloaded after import = 30
========================================================================
Received Import Request.
  Time since last request: 1.682965 seconds.
  path: Assets/Prefabs/PLayerSlot.prefab
  artifactKey: Guid(822f629888c63064daa41aba28bc48ba) Importer(815301076,1909f56bfc062723c751e8b465ee728b)
Start importing Assets/Prefabs/PLayerSlot.prefab using Guid(822f629888c63064daa41aba28bc48ba) Importer(815301076,1909f56bfc062723c751e8b465ee728b) [PhysX] Initialized MultithreadedTaskDispatcher with 16 workers.
 -> (artifact id: '68a8e8e23bd38fa9303c53d74f57f0c3') in 0.015277 seconds
Number of updated asset objects reloaded before import = 0
Number of asset objects unloaded after import = 30
========================================================================
Received Import Request.
  Time since last request: 3.684079 seconds.
  path: Assets/Prefabs/PLayerSlot.prefab
  artifactKey: Guid(822f629888c63064daa41aba28bc48ba) Importer(815301076,1909f56bfc062723c751e8b465ee728b)
Start importing Assets/Prefabs/PLayerSlot.prefab using Guid(822f629888c63064daa41aba28bc48ba) Importer(815301076,1909f56bfc062723c751e8b465ee728b) [PhysX] Initialized MultithreadedTaskDispatcher with 16 workers.
 -> (artifact id: '81a2ccf7f0e9f2bb2372e8079258337d') in 0.014318 seconds
Number of updated asset objects reloaded before import = 0
Number of asset objects unloaded after import = 30
========================================================================
Received Import Request.
  Time since last request: 0.797096 seconds.
  path: Assets/Prefabs/PLayerSlot.prefab
  artifactKey: Guid(822f629888c63064daa41aba28bc48ba) Importer(815301076,1909f56bfc062723c751e8b465ee728b)
Start importing Assets/Prefabs/PLayerSlot.prefab using Guid(822f629888c63064daa41aba28bc48ba) Importer(815301076,1909f56bfc062723c751e8b465ee728b) [PhysX] Initialized MultithreadedTaskDispatcher with 16 workers.
 -> (artifact id: 'ad11b6dedf9da271906243d7025bd389') in 0.014836 seconds
Number of updated asset objects reloaded before import = 0
Number of asset objects unloaded after import = 31
========================================================================
Received Import Request.
  Time since last request: 2.017205 seconds.
  path: Assets/Prefabs/PLayerSlot.prefab
  artifactKey: Guid(822f629888c63064daa41aba28bc48ba) Importer(815301076,1909f56bfc062723c751e8b465ee728b)
Start importing Assets/Prefabs/PLayerSlot.prefab using Guid(822f629888c63064daa41aba28bc48ba) Importer(815301076,1909f56bfc062723c751e8b465ee728b) [PhysX] Initialized MultithreadedTaskDispatcher with 16 workers.
 -> (artifact id: '5b566ec5c8496a87a5cba240db9e7d9e') in 0.013882 seconds
Number of updated asset objects reloaded before import = 0
Number of asset objects unloaded after import = 31
========================================================================
Received Import Request.
  Time since last request: 3.676917 seconds.
  path: Assets/Prefabs/PLayerSlot.prefab
  artifactKey: Guid(822f629888c63064daa41aba28bc48ba) Importer(815301076,1909f56bfc062723c751e8b465ee728b)
Start importing Assets/Prefabs/PLayerSlot.prefab using Guid(822f629888c63064daa41aba28bc48ba) Importer(815301076,1909f56bfc062723c751e8b465ee728b) [PhysX] Initialized MultithreadedTaskDispatcher with 16 workers.
 -> (artifact id: '67835da2350a13c4ed83f98fb281d695') in 0.014061 seconds
Number of updated asset objects reloaded before import = 0
Number of asset objects unloaded after import = 31
========================================================================
Received Import Request.
  Time since last request: 2.874191 seconds.
  path: Assets/Prefabs/PLayerSlot.prefab
  artifactKey: Guid(822f629888c63064daa41aba28bc48ba) Importer(815301076,1909f56bfc062723c751e8b465ee728b)
Start importing Assets/Prefabs/PLayerSlot.prefab using Guid(822f629888c63064daa41aba28bc48ba) Importer(815301076,1909f56bfc062723c751e8b465ee728b) [PhysX] Initialized MultithreadedTaskDispatcher with 16 workers.
 -> (artifact id: 'b5cf500aaf372449c3557429ab5e761d') in 0.014380 seconds
Number of updated asset objects reloaded before import = 0
Number of asset objects unloaded after import = 31
========================================================================
Received Import Request.
  Time since last request: 1.227793 seconds.
  path: Assets/Prefabs/PLayerSlot.prefab
  artifactKey: Guid(822f629888c63064daa41aba28bc48ba) Importer(815301076,1909f56bfc062723c751e8b465ee728b)
Start importing Assets/Prefabs/PLayerSlot.prefab using Guid(822f629888c63064daa41aba28bc48ba) Importer(815301076,1909f56bfc062723c751e8b465ee728b) [PhysX] Initialized MultithreadedTaskDispatcher with 16 workers.
 -> (artifact id: '5f949ba26f0c3ae6a29438e4dbc08810') in 0.015228 seconds
Number of updated asset objects reloaded before import = 0
Number of asset objects unloaded after import = 31
========================================================================
Received Import Request.
  Time since last request: 1.440946 seconds.
  path: Assets/Prefabs/PLayerSlot.prefab
  artifactKey: Guid(822f629888c63064daa41aba28bc48ba) Importer(815301076,1909f56bfc062723c751e8b465ee728b)
Start importing Assets/Prefabs/PLayerSlot.prefab using Guid(822f629888c63064daa41aba28bc48ba) Importer(815301076,1909f56bfc062723c751e8b465ee728b) [PhysX] Initialized MultithreadedTaskDispatcher with 16 workers.
 -> (artifact id: 'd5366885c0853cc8e2a84b6272f7c644') in 0.015151 seconds
Number of updated asset objects reloaded before import = 0
Number of asset objects unloaded after import = 31
========================================================================
Received Import Request.
  Time since last request: 1.626292 seconds.
  path: Assets/Prefabs/PLayerSlot.prefab
  artifactKey: Guid(822f629888c63064daa41aba28bc48ba) Importer(815301076,1909f56bfc062723c751e8b465ee728b)
Start importing Assets/Prefabs/PLayerSlot.prefab using Guid(822f629888c63064daa41aba28bc48ba) Importer(815301076,1909f56bfc062723c751e8b465ee728b) [PhysX] Initialized MultithreadedTaskDispatcher with 16 workers.
 -> (artifact id: '9de976b758456dacae952bc183cd80fd') in 0.014655 seconds
Number of updated asset objects reloaded before import = 0
Number of asset objects unloaded after import = 31
========================================================================
Received Import Request.
  Time since last request: 8.220049 seconds.
  path: Assets/Prefabs/PLayerSlot.prefab
  artifactKey: Guid(822f629888c63064daa41aba28bc48ba) Importer(815301076,1909f56bfc062723c751e8b465ee728b)
Start importing Assets/Prefabs/PLayerSlot.prefab using Guid(822f629888c63064daa41aba28bc48ba) Importer(815301076,1909f56bfc062723c751e8b465ee728b) [PhysX] Initialized MultithreadedTaskDispatcher with 16 workers.
 -> (artifact id: '8b3a0ca83acc21ec141c5c0f1bfb25d4') in 0.016848 seconds
Number of updated asset objects reloaded before import = 0
Number of asset objects unloaded after import = 31
========================================================================
Received Import Request.
  Time since last request: 6.978067 seconds.
  path: Assets/Prefabs/PLayerSlot.prefab
  artifactKey: Guid(822f629888c63064daa41aba28bc48ba) Importer(815301076,1909f56bfc062723c751e8b465ee728b)
Start importing Assets/Prefabs/PLayerSlot.prefab using Guid(822f629888c63064daa41aba28bc48ba) Importer(815301076,1909f56bfc062723c751e8b465ee728b) [PhysX] Initialized MultithreadedTaskDispatcher with 16 workers.
 -> (artifact id: 'c0ae0ab7a4ae34dedaefb0b0ea41ab3c') in 0.014494 seconds
Number of updated asset objects reloaded before import = 0
Number of asset objects unloaded after import = 31
========================================================================
Received Import Request.
  Time since last request: 1.409589 seconds.
  path: Assets/Prefabs/PLayerSlot.prefab
  artifactKey: Guid(822f629888c63064daa41aba28bc48ba) Importer(815301076,1909f56bfc062723c751e8b465ee728b)
Start importing Assets/Prefabs/PLayerSlot.prefab using Guid(822f629888c63064daa41aba28bc48ba) Importer(815301076,1909f56bfc062723c751e8b465ee728b) [PhysX] Initialized MultithreadedTaskDispatcher with 16 workers.
 -> (artifact id: 'b644b1ca2ec1ef26f81f67af126add64') in 0.015418 seconds
Number of updated asset objects reloaded before import = 0
Number of asset objects unloaded after import = 31
========================================================================
Received Import Request.
  Time since last request: 1.617468 seconds.
  path: Assets/Prefabs/PLayerSlot.prefab
  artifactKey: Guid(822f629888c63064daa41aba28bc48ba) Importer(815301076,1909f56bfc062723c751e8b465ee728b)
Start importing Assets/Prefabs/PLayerSlot.prefab using Guid(822f629888c63064daa41aba28bc48ba) Importer(815301076,1909f56bfc062723c751e8b465ee728b) [PhysX] Initialized MultithreadedTaskDispatcher with 16 workers.
 -> (artifact id: '1e0da1ad8776db448f0e961ef8b07ba3') in 0.014406 seconds
Number of updated asset objects reloaded before import = 0
Number of asset objects unloaded after import = 31
========================================================================
Received Import Request.
  Time since last request: 1.018876 seconds.
  path: Assets/Prefabs/PLayerSlot.prefab
  artifactKey: Guid(822f629888c63064daa41aba28bc48ba) Importer(815301076,1909f56bfc062723c751e8b465ee728b)
Start importing Assets/Prefabs/PLayerSlot.prefab using Guid(822f629888c63064daa41aba28bc48ba) Importer(815301076,1909f56bfc062723c751e8b465ee728b) [PhysX] Initialized MultithreadedTaskDispatcher with 16 workers.
 -> (artifact id: '1b6f7d1d9f7994feef50ff99a91e13ee') in 0.015767 seconds
Number of updated asset objects reloaded before import = 0
Number of asset objects unloaded after import = 31
========================================================================
Received Import Request.
  Time since last request: 1.038584 seconds.
  path: Assets/Prefabs/PLayerSlot.prefab
  artifactKey: Guid(822f629888c63064daa41aba28bc48ba) Importer(815301076,1909f56bfc062723c751e8b465ee728b)
Start importing Assets/Prefabs/PLayerSlot.prefab using Guid(822f629888c63064daa41aba28bc48ba) Importer(815301076,1909f56bfc062723c751e8b465ee728b) [PhysX] Initialized MultithreadedTaskDispatcher with 16 workers.
 -> (artifact id: 'ce1bf7797f5f48b7aa6ec982a6ceae7d') in 0.014702 seconds
Number of updated asset objects reloaded before import = 0
Number of asset objects unloaded after import = 31
========================================================================
Received Import Request.
  Time since last request: 1.836057 seconds.
  path: Assets/Prefabs/PLayerSlot.prefab
  artifactKey: Guid(822f629888c63064daa41aba28bc48ba) Importer(815301076,1909f56bfc062723c751e8b465ee728b)
Start importing Assets/Prefabs/PLayerSlot.prefab using Guid(822f629888c63064daa41aba28bc48ba) Importer(815301076,1909f56bfc062723c751e8b465ee728b) [PhysX] Initialized MultithreadedTaskDispatcher with 16 workers.
 -> (artifact id: '5502b4fa4ffb714264fe1752f9ce424e') in 0.014045 seconds
Number of updated asset objects reloaded before import = 0
Number of asset objects unloaded after import = 31
========================================================================
Received Import Request.
  Time since last request: 2.244220 seconds.
  path: Assets/Prefabs/PLayerSlot.prefab
  artifactKey: Guid(822f629888c63064daa41aba28bc48ba) Importer(815301076,1909f56bfc062723c751e8b465ee728b)
Start importing Assets/Prefabs/PLayerSlot.prefab using Guid(822f629888c63064daa41aba28bc48ba) Importer(815301076,1909f56bfc062723c751e8b465ee728b) [PhysX] Initialized MultithreadedTaskDispatcher with 16 workers.
 -> (artifact id: 'b4437e427d6e617c819aedb9ded565d5') in 0.015767 seconds
Number of updated asset objects reloaded before import = 0
Number of asset objects unloaded after import = 31
========================================================================
Received Import Request.
  Time since last request: 2.481557 seconds.
  path: Assets/Prefabs/PLayerSlot.prefab
  artifactKey: Guid(822f629888c63064daa41aba28bc48ba) Importer(815301076,1909f56bfc062723c751e8b465ee728b)
Start importing Assets/Prefabs/PLayerSlot.prefab using Guid(822f629888c63064daa41aba28bc48ba) Importer(815301076,1909f56bfc062723c751e8b465ee728b) [PhysX] Initialized MultithreadedTaskDispatcher with 16 workers.
 -> (artifact id: '195bd7e61b4879f50ac1e5e8fbf03269') in 0.014539 seconds
Number of updated asset objects reloaded before import = 0
Number of asset objects unloaded after import = 31
========================================================================
Received Import Request.
  Time since last request: 11.952804 seconds.
  path: Assets/Prefabs/PLayerSlot.prefab
  artifactKey: Guid(822f629888c63064daa41aba28bc48ba) Importer(815301076,1909f56bfc062723c751e8b465ee728b)
Start importing Assets/Prefabs/PLayerSlot.prefab using Guid(822f629888c63064daa41aba28bc48ba) Importer(815301076,1909f56bfc062723c751e8b465ee728b) [PhysX] Initialized MultithreadedTaskDispatcher with 16 workers.
 -> (artifact id: 'd0cb34cec0a7037d11ba74bf20148370') in 0.014463 seconds
Number of updated asset objects reloaded before import = 0
Number of asset objects unloaded after import = 31
========================================================================
Received Import Request.
  Time since last request: 2.241206 seconds.
  path: Assets/Prefabs/PLayerSlot.prefab
  artifactKey: Guid(822f629888c63064daa41aba28bc48ba) Importer(815301076,1909f56bfc062723c751e8b465ee728b)
Start importing Assets/Prefabs/PLayerSlot.prefab using Guid(822f629888c63064daa41aba28bc48ba) Importer(815301076,1909f56bfc062723c751e8b465ee728b) [PhysX] Initialized MultithreadedTaskDispatcher with 16 workers.
 -> (artifact id: '401706580071b9a625c4b919037f97ee') in 0.015632 seconds
Number of updated asset objects reloaded before import = 0
Number of asset objects unloaded after import = 31
========================================================================
Received Import Request.
  Time since last request: 5.016437 seconds.
  path: Assets/Prefabs/PLayerSlot.prefab
  artifactKey: Guid(822f629888c63064daa41aba28bc48ba) Importer(815301076,1909f56bfc062723c751e8b465ee728b)
Start importing Assets/Prefabs/PLayerSlot.prefab using Guid(822f629888c63064daa41aba28bc48ba) Importer(815301076,1909f56bfc062723c751e8b465ee728b) [PhysX] Initialized MultithreadedTaskDispatcher with 16 workers.
 -> (artifact id: '38170c7a15529a6f6983ff6e659ef70f') in 0.014091 seconds
Number of updated asset objects reloaded before import = 0
Number of asset objects unloaded after import = 32
========================================================================
Received Import Request.
  Time since last request: 2.419853 seconds.
  path: Assets/Prefabs/PLayerSlot.prefab
  artifactKey: Guid(822f629888c63064daa41aba28bc48ba) Importer(815301076,1909f56bfc062723c751e8b465ee728b)
Start importing Assets/Prefabs/PLayerSlot.prefab using Guid(822f629888c63064daa41aba28bc48ba) Importer(815301076,1909f56bfc062723c751e8b465ee728b) [PhysX] Initialized MultithreadedTaskDispatcher with 16 workers.
 -> (artifact id: 'bdcd419fa6c0318349d99908facdd65a') in 0.014755 seconds
Number of updated asset objects reloaded before import = 0
Number of asset objects unloaded after import = 32
========================================================================
Received Import Request.
  Time since last request: 11.847385 seconds.
  path: Assets/Prefabs/PLayerSlot.prefab
  artifactKey: Guid(822f629888c63064daa41aba28bc48ba) Importer(815301076,1909f56bfc062723c751e8b465ee728b)
Start importing Assets/Prefabs/PLayerSlot.prefab using Guid(822f629888c63064daa41aba28bc48ba) Importer(815301076,1909f56bfc062723c751e8b465ee728b) [PhysX] Initialized MultithreadedTaskDispatcher with 16 workers.
 -> (artifact id: '7068e54d8998c758e06ec8515f71915d') in 0.015678 seconds
Number of updated asset objects reloaded before import = 0
Number of asset objects unloaded after import = 32
========================================================================
Received Import Request.
  Time since last request: 1.645430 seconds.
  path: Assets/Prefabs/PLayerSlot.prefab
  artifactKey: Guid(822f629888c63064daa41aba28bc48ba) Importer(815301076,1909f56bfc062723c751e8b465ee728b)
Start importing Assets/Prefabs/PLayerSlot.prefab using Guid(822f629888c63064daa41aba28bc48ba) Importer(815301076,1909f56bfc062723c751e8b465ee728b) [PhysX] Initialized MultithreadedTaskDispatcher with 16 workers.
 -> (artifact id: '65bb8c9e621588cd9898972b58ce6836') in 0.017440 seconds
Number of updated asset objects reloaded before import = 0
Number of asset objects unloaded after import = 32
========================================================================
Received Import Request.
  Time since last request: 1.831925 seconds.
  path: Assets/Prefabs/PLayerSlot.prefab
  artifactKey: Guid(822f629888c63064daa41aba28bc48ba) Importer(815301076,1909f56bfc062723c751e8b465ee728b)
Start importing Assets/Prefabs/PLayerSlot.prefab using Guid(822f629888c63064daa41aba28bc48ba) Importer(815301076,1909f56bfc062723c751e8b465ee728b) [PhysX] Initialized MultithreadedTaskDispatcher with 16 workers.
 -> (artifact id: '13ede7164ad26b5066e561dd34fa1f11') in 0.014774 seconds
Number of updated asset objects reloaded before import = 0
Number of asset objects unloaded after import = 32
========================================================================
Received Import Request.
  Time since last request: 4.106181 seconds.
  path: Assets/Prefabs/PLayerSlot.prefab
  artifactKey: Guid(822f629888c63064daa41aba28bc48ba) Importer(815301076,1909f56bfc062723c751e8b465ee728b)
Start importing Assets/Prefabs/PLayerSlot.prefab using Guid(822f629888c63064daa41aba28bc48ba) Importer(815301076,1909f56bfc062723c751e8b465ee728b) [PhysX] Initialized MultithreadedTaskDispatcher with 16 workers.
 -> (artifact id: '2706320ffe19a063b109974df5111742') in 0.014745 seconds
Number of updated asset objects reloaded before import = 0
Number of asset objects unloaded after import = 32
========================================================================
Received Import Request.
  Time since last request: 1.648242 seconds.
  path: Assets/Prefabs/PLayerSlot.prefab
  artifactKey: Guid(822f629888c63064daa41aba28bc48ba) Importer(815301076,1909f56bfc062723c751e8b465ee728b)
Start importing Assets/Prefabs/PLayerSlot.prefab using Guid(822f629888c63064daa41aba28bc48ba) Importer(815301076,1909f56bfc062723c751e8b465ee728b) [PhysX] Initialized MultithreadedTaskDispatcher with 16 workers.
 -> (artifact id: '1d6ea3847b3b14e1721c8bc0951e1dd2') in 0.015003 seconds
Number of updated asset objects reloaded before import = 0
Number of asset objects unloaded after import = 32
========================================================================
Received Import Request.
  Time since last request: 10.255824 seconds.
  path: Assets/Prefabs/PLayerSlot.prefab
  artifactKey: Guid(822f629888c63064daa41aba28bc48ba) Importer(815301076,1909f56bfc062723c751e8b465ee728b)
Start importing Assets/Prefabs/PLayerSlot.prefab using Guid(822f629888c63064daa41aba28bc48ba) Importer(815301076,1909f56bfc062723c751e8b465ee728b) [PhysX] Initialized MultithreadedTaskDispatcher with 16 workers.
 -> (artifact id: 'd1c19906dbb339f69d0223fd1afed368') in 0.016665 seconds
Number of updated asset objects reloaded before import = 0
Number of asset objects unloaded after import = 32
========================================================================
Received Import Request.
  Time since last request: 2.230688 seconds.
  path: Assets/Prefabs/PLayerSlot.prefab
  artifactKey: Guid(822f629888c63064daa41aba28bc48ba) Importer(815301076,1909f56bfc062723c751e8b465ee728b)
Start importing Assets/Prefabs/PLayerSlot.prefab using Guid(822f629888c63064daa41aba28bc48ba) Importer(815301076,1909f56bfc062723c751e8b465ee728b) [PhysX] Initialized MultithreadedTaskDispatcher with 16 workers.
 -> (artifact id: 'c2122b54530337279eabcee3c0ba9db9') in 0.015842 seconds
Number of updated asset objects reloaded before import = 0
Number of asset objects unloaded after import = 32
========================================================================
Received Import Request.
  Time since last request: 10.751067 seconds.
  path: Assets/Prefabs/PLayerSlot.prefab
  artifactKey: Guid(822f629888c63064daa41aba28bc48ba) Importer(815301076,1909f56bfc062723c751e8b465ee728b)
Start importing Assets/Prefabs/PLayerSlot.prefab using Guid(822f629888c63064daa41aba28bc48ba) Importer(815301076,1909f56bfc062723c751e8b465ee728b) [PhysX] Initialized MultithreadedTaskDispatcher with 16 workers.
 -> (artifact id: '42abff16e1c53a93dc0cbf2ef04c0901') in 0.016070 seconds
Number of updated asset objects reloaded before import = 0
Number of asset objects unloaded after import = 32
========================================================================
Received Import Request.
  Time since last request: 8.481921 seconds.
  path: Assets/Prefabs/PLayerSlot.prefab
  artifactKey: Guid(822f629888c63064daa41aba28bc48ba) Importer(815301076,1909f56bfc062723c751e8b465ee728b)
Start importing Assets/Prefabs/PLayerSlot.prefab using Guid(822f629888c63064daa41aba28bc48ba) Importer(815301076,1909f56bfc062723c751e8b465ee728b) [PhysX] Initialized MultithreadedTaskDispatcher with 16 workers.
 -> (artifact id: 'fd770c2cc32f690223c98673c1559fe4') in 0.015477 seconds
Number of updated asset objects reloaded before import = 0
Number of asset objects unloaded after import = 32
========================================================================
Received Import Request.
  Time since last request: 1.851297 seconds.
  path: Assets/Prefabs/PLayerSlot.prefab
  artifactKey: Guid(822f629888c63064daa41aba28bc48ba) Importer(815301076,1909f56bfc062723c751e8b465ee728b)
Start importing Assets/Prefabs/PLayerSlot.prefab using Guid(822f629888c63064daa41aba28bc48ba) Importer(815301076,1909f56bfc062723c751e8b465ee728b) [PhysX] Initialized MultithreadedTaskDispatcher with 16 workers.
 -> (artifact id: '4db4a753f8f112540e5d8315555531b1') in 0.016171 seconds
Number of updated asset objects reloaded before import = 0
Number of asset objects unloaded after import = 32
========================================================================
Received Import Request.
  Time since last request: 1.408672 seconds.
  path: Assets/Prefabs/PLayerSlot.prefab
  artifactKey: Guid(822f629888c63064daa41aba28bc48ba) Importer(815301076,1909f56bfc062723c751e8b465ee728b)
Start importing Assets/Prefabs/PLayerSlot.prefab using Guid(822f629888c63064daa41aba28bc48ba) Importer(815301076,1909f56bfc062723c751e8b465ee728b) [PhysX] Initialized MultithreadedTaskDispatcher with 16 workers.
 -> (artifact id: '37952cac6db64885b186a5326212ca56') in 0.014069 seconds
Number of updated asset objects reloaded before import = 0
Number of asset objects unloaded after import = 32
========================================================================
Received Import Request.
  Time since last request: 2.657101 seconds.
  path: Assets/Prefabs/PLayerSlot.prefab
  artifactKey: Guid(822f629888c63064daa41aba28bc48ba) Importer(815301076,1909f56bfc062723c751e8b465ee728b)
Start importing Assets/Prefabs/PLayerSlot.prefab using Guid(822f629888c63064daa41aba28bc48ba) Importer(815301076,1909f56bfc062723c751e8b465ee728b) [PhysX] Initialized MultithreadedTaskDispatcher with 16 workers.
 -> (artifact id: '7a27c6601e0f97f19acfa3634870a623') in 0.015364 seconds
Number of updated asset objects reloaded before import = 0
Number of asset objects unloaded after import = 32
========================================================================
Received Import Request.
  Time since last request: 1.001823 seconds.
  path: Assets/Prefabs/PLayerSlot.prefab
  artifactKey: Guid(822f629888c63064daa41aba28bc48ba) Importer(815301076,1909f56bfc062723c751e8b465ee728b)
Start importing Assets/Prefabs/PLayerSlot.prefab using Guid(822f629888c63064daa41aba28bc48ba) Importer(815301076,1909f56bfc062723c751e8b465ee728b) [PhysX] Initialized MultithreadedTaskDispatcher with 16 workers.
 -> (artifact id: 'd295af75f5e7bc995f0e535c3975d90d') in 0.015261 seconds
Number of updated asset objects reloaded before import = 0
Number of asset objects unloaded after import = 32
========================================================================
Received Import Request.
  Time since last request: 2.271305 seconds.
  path: Assets/Prefabs/PLayerSlot.prefab
  artifactKey: Guid(822f629888c63064daa41aba28bc48ba) Importer(815301076,1909f56bfc062723c751e8b465ee728b)
Start importing Assets/Prefabs/PLayerSlot.prefab using Guid(822f629888c63064daa41aba28bc48ba) Importer(815301076,1909f56bfc062723c751e8b465ee728b) [PhysX] Initialized MultithreadedTaskDispatcher with 16 workers.
 -> (artifact id: 'c0cc8a190e8f4683c913f0fe341c7bfd') in 0.016176 seconds
Number of updated asset objects reloaded before import = 0
Number of asset objects unloaded after import = 32
========================================================================
Received Import Request.
  Time since last request: 2.672208 seconds.
  path: Assets/Prefabs/PLayerSlot.prefab
  artifactKey: Guid(822f629888c63064daa41aba28bc48ba) Importer(815301076,1909f56bfc062723c751e8b465ee728b)
Start importing Assets/Prefabs/PLayerSlot.prefab using Guid(822f629888c63064daa41aba28bc48ba) Importer(815301076,1909f56bfc062723c751e8b465ee728b) [PhysX] Initialized MultithreadedTaskDispatcher with 16 workers.
 -> (artifact id: 'ecb07fa601840eb6f730df98e3cfeb44') in 0.014067 seconds
Number of updated asset objects reloaded before import = 0
Number of asset objects unloaded after import = 32
========================================================================
Received Import Request.
  Time since last request: 2.466877 seconds.
  path: Assets/Prefabs/PLayerSlot.prefab
  artifactKey: Guid(822f629888c63064daa41aba28bc48ba) Importer(815301076,1909f56bfc062723c751e8b465ee728b)
Start importing Assets/Prefabs/PLayerSlot.prefab using Guid(822f629888c63064daa41aba28bc48ba) Importer(815301076,1909f56bfc062723c751e8b465ee728b) [PhysX] Initialized MultithreadedTaskDispatcher with 16 workers.
 -> (artifact id: 'a3b011fbbd64237134d5884301d260d0') in 0.017169 seconds
Number of updated asset objects reloaded before import = 0
Number of asset objects unloaded after import = 32
========================================================================
Received Import Request.
  Time since last request: 4.491293 seconds.
  path: Assets/Prefabs/PLayerSlot.prefab
  artifactKey: Guid(822f629888c63064daa41aba28bc48ba) Importer(815301076,1909f56bfc062723c751e8b465ee728b)
Start importing Assets/Prefabs/PLayerSlot.prefab using Guid(822f629888c63064daa41aba28bc48ba) Importer(815301076,1909f56bfc062723c751e8b465ee728b) [PhysX] Initialized MultithreadedTaskDispatcher with 16 workers.
 -> (artifact id: '5ecc146ef007b2333e76f489f8949ca8') in 0.015678 seconds
Number of updated asset objects reloaded before import = 0
Number of asset objects unloaded after import = 32
========================================================================
Received Import Request.
  Time since last request: 1.829451 seconds.
  path: Assets/Prefabs/PLayerSlot.prefab
  artifactKey: Guid(822f629888c63064daa41aba28bc48ba) Importer(815301076,1909f56bfc062723c751e8b465ee728b)
Start importing Assets/Prefabs/PLayerSlot.prefab using Guid(822f629888c63064daa41aba28bc48ba) Importer(815301076,1909f56bfc062723c751e8b465ee728b) [PhysX] Initialized MultithreadedTaskDispatcher with 16 workers.
 -> (artifact id: '96474a031fc8d1e45e4181f734a3ed7c') in 0.015874 seconds
Number of updated asset objects reloaded before import = 0
Number of asset objects unloaded after import = 32
========================================================================
Received Import Request.
  Time since last request: 3.085096 seconds.
  path: Assets/Prefabs/PLayerSlot.prefab
  artifactKey: Guid(822f629888c63064daa41aba28bc48ba) Importer(815301076,1909f56bfc062723c751e8b465ee728b)
Start importing Assets/Prefabs/PLayerSlot.prefab using Guid(822f629888c63064daa41aba28bc48ba) Importer(815301076,1909f56bfc062723c751e8b465ee728b) [PhysX] Initialized MultithreadedTaskDispatcher with 16 workers.
 -> (artifact id: '6b5676d44a8d787a746c2fa1ea331813') in 0.015177 seconds
Number of updated asset objects reloaded before import = 0
Number of asset objects unloaded after import = 32
========================================================================
Received Import Request.
  Time since last request: 3.062979 seconds.
  path: Assets/Prefabs/PLayerSlot.prefab
  artifactKey: Guid(822f629888c63064daa41aba28bc48ba) Importer(815301076,1909f56bfc062723c751e8b465ee728b)
Start importing Assets/Prefabs/PLayerSlot.prefab using Guid(822f629888c63064daa41aba28bc48ba) Importer(815301076,1909f56bfc062723c751e8b465ee728b) [PhysX] Initialized MultithreadedTaskDispatcher with 16 workers.
 -> (artifact id: '277d5404769e9469957c5da4ee87ee57') in 0.014328 seconds
Number of updated asset objects reloaded before import = 0
Number of asset objects unloaded after import = 32
========================================================================
Received Import Request.
  Time since last request: 3.065799 seconds.
  path: Assets/Prefabs/PLayerSlot.prefab
  artifactKey: Guid(822f629888c63064daa41aba28bc48ba) Importer(815301076,1909f56bfc062723c751e8b465ee728b)
Start importing Assets/Prefabs/PLayerSlot.prefab using Guid(822f629888c63064daa41aba28bc48ba) Importer(815301076,1909f56bfc062723c751e8b465ee728b) [PhysX] Initialized MultithreadedTaskDispatcher with 16 workers.
 -> (artifact id: '77f90df2c348a6ab3266869da2dee41e') in 0.014632 seconds
Number of updated asset objects reloaded before import = 0
Number of asset objects unloaded after import = 32
========================================================================
Received Import Request.
  Time since last request: 8.865871 seconds.
  path: Assets/Prefabs/PLayerSlot.prefab
  artifactKey: Guid(822f629888c63064daa41aba28bc48ba) Importer(815301076,1909f56bfc062723c751e8b465ee728b)
Start importing Assets/Prefabs/PLayerSlot.prefab using Guid(822f629888c63064daa41aba28bc48ba) Importer(815301076,1909f56bfc062723c751e8b465ee728b) [PhysX] Initialized MultithreadedTaskDispatcher with 16 workers.
 -> (artifact id: '8d4a57c2350195627d2fe938f5684f28') in 0.015738 seconds
Number of updated asset objects reloaded before import = 0
Number of asset objects unloaded after import = 32
========================================================================
Received Import Request.
  Time since last request: 67.179819 seconds.
  path: Assets/Prefabs/PLayerSlot.prefab
  artifactKey: Guid(822f629888c63064daa41aba28bc48ba) Importer(815301076,1909f56bfc062723c751e8b465ee728b)
Start importing Assets/Prefabs/PLayerSlot.prefab using Guid(822f629888c63064daa41aba28bc48ba) Importer(815301076,1909f56bfc062723c751e8b465ee728b) [PhysX] Initialized MultithreadedTaskDispatcher with 16 workers.
 -> (artifact id: '0712501f86e465b4e8812fd01fc3fe40') in 0.015923 seconds
Number of updated asset objects reloaded before import = 0
Number of asset objects unloaded after import = 32
========================================================================
Received Import Request.
  Time since last request: 6.424880 seconds.
  path: Assets/Prefabs/PLayerSlot.prefab
  artifactKey: Guid(822f629888c63064daa41aba28bc48ba) Importer(815301076,1909f56bfc062723c751e8b465ee728b)
Start importing Assets/Prefabs/PLayerSlot.prefab using Guid(822f629888c63064daa41aba28bc48ba) Importer(815301076,1909f56bfc062723c751e8b465ee728b) [PhysX] Initialized MultithreadedTaskDispatcher with 16 workers.
 -> (artifact id: '0d5aa3dce318651ad79df7b75ac63674') in 0.013607 seconds
Number of updated asset objects reloaded before import = 0
Number of asset objects unloaded after import = 32
========================================================================
Received Import Request.
  Time since last request: 1.016018 seconds.
  path: Assets/Prefabs/PLayerSlot.prefab
  artifactKey: Guid(822f629888c63064daa41aba28bc48ba) Importer(815301076,1909f56bfc062723c751e8b465ee728b)
Start importing Assets/Prefabs/PLayerSlot.prefab using Guid(822f629888c63064daa41aba28bc48ba) Importer(815301076,1909f56bfc062723c751e8b465ee728b) [PhysX] Initialized MultithreadedTaskDispatcher with 16 workers.
 -> (artifact id: 'a8d2def13a9f98cdb9d7b7d778840552') in 0.014285 seconds
Number of updated asset objects reloaded before import = 0
Number of asset objects unloaded after import = 32
========================================================================
Received Import Request.
  Time since last request: 0.598637 seconds.
  path: Assets/Prefabs/PLayerSlot.prefab
  artifactKey: Guid(822f629888c63064daa41aba28bc48ba) Importer(815301076,1909f56bfc062723c751e8b465ee728b)
Start importing Assets/Prefabs/PLayerSlot.prefab using Guid(822f629888c63064daa41aba28bc48ba) Importer(815301076,1909f56bfc062723c751e8b465ee728b) [PhysX] Initialized MultithreadedTaskDispatcher with 16 workers.
 -> (artifact id: 'c6945b13e55ffd43c97fe9c28fa49bff') in 0.016719 seconds
Number of updated asset objects reloaded before import = 0
Number of asset objects unloaded after import = 32
========================================================================
Received Import Request.
  Time since last request: 0.398902 seconds.
  path: Assets/Prefabs/PLayerSlot.prefab
  artifactKey: Guid(822f629888c63064daa41aba28bc48ba) Importer(815301076,1909f56bfc062723c751e8b465ee728b)
Start importing Assets/Prefabs/PLayerSlot.prefab using Guid(822f629888c63064daa41aba28bc48ba) Importer(815301076,1909f56bfc062723c751e8b465ee728b) [PhysX] Initialized MultithreadedTaskDispatcher with 16 workers.
 -> (artifact id: '83a9d723a695c2d9e18649c88804c075') in 0.014927 seconds
Number of updated asset objects reloaded before import = 0
Number of asset objects unloaded after import = 32
========================================================================
Received Import Request.
  Time since last request: 1.415796 seconds.
  path: Assets/Prefabs/PLayerSlot.prefab
  artifactKey: Guid(822f629888c63064daa41aba28bc48ba) Importer(815301076,1909f56bfc062723c751e8b465ee728b)
Start importing Assets/Prefabs/PLayerSlot.prefab using Guid(822f629888c63064daa41aba28bc48ba) Importer(815301076,1909f56bfc062723c751e8b465ee728b) [PhysX] Initialized MultithreadedTaskDispatcher with 16 workers.
 -> (artifact id: 'b20bca5be451c959985d08cadd97b86b') in 0.015654 seconds
Number of updated asset objects reloaded before import = 0
Number of asset objects unloaded after import = 32
========================================================================
Received Import Request.
  Time since last request: 0.996646 seconds.
  path: Assets/Prefabs/PLayerSlot.prefab
  artifactKey: Guid(822f629888c63064daa41aba28bc48ba) Importer(815301076,1909f56bfc062723c751e8b465ee728b)
Start importing Assets/Prefabs/PLayerSlot.prefab using Guid(822f629888c63064daa41aba28bc48ba) Importer(815301076,1909f56bfc062723c751e8b465ee728b) [PhysX] Initialized MultithreadedTaskDispatcher with 16 workers.
 -> (artifact id: 'd00aa3eb5c8a053046cbb6eee78155ee') in 0.014735 seconds
Number of updated asset objects reloaded before import = 0
Number of asset objects unloaded after import = 32
========================================================================
Received Import Request.
  Time since last request: 0.185288 seconds.
  path: Assets/Prefabs/PLayerSlot.prefab
  artifactKey: Guid(822f629888c63064daa41aba28bc48ba) Importer(815301076,1909f56bfc062723c751e8b465ee728b)
Start importing Assets/Prefabs/PLayerSlot.prefab using Guid(822f629888c63064daa41aba28bc48ba) Importer(815301076,1909f56bfc062723c751e8b465ee728b) [PhysX] Initialized MultithreadedTaskDispatcher with 16 workers.
 -> (artifact id: 'fc70e42cffa3f3edeba4bf83802b3572') in 0.015027 seconds
Number of updated asset objects reloaded before import = 0
Number of asset objects unloaded after import = 32
========================================================================
Received Import Request.
  Time since last request: 2.053379 seconds.
  path: Assets/Prefabs/PLayerSlot.prefab
  artifactKey: Guid(822f629888c63064daa41aba28bc48ba) Importer(815301076,1909f56bfc062723c751e8b465ee728b)
Start importing Assets/Prefabs/PLayerSlot.prefab using Guid(822f629888c63064daa41aba28bc48ba) Importer(815301076,1909f56bfc062723c751e8b465ee728b) [PhysX] Initialized MultithreadedTaskDispatcher with 16 workers.
 -> (artifact id: 'fc4a8290022cdaac02fb562c42901ca2') in 0.014769 seconds
Number of updated asset objects reloaded before import = 0
Number of asset objects unloaded after import = 32
========================================================================
Received Import Request.
  Time since last request: 0.394082 seconds.
  path: Assets/Prefabs/PLayerSlot.prefab
  artifactKey: Guid(822f629888c63064daa41aba28bc48ba) Importer(815301076,1909f56bfc062723c751e8b465ee728b)
Start importing Assets/Prefabs/PLayerSlot.prefab using Guid(822f629888c63064daa41aba28bc48ba) Importer(815301076,1909f56bfc062723c751e8b465ee728b) [PhysX] Initialized MultithreadedTaskDispatcher with 16 workers.
 -> (artifact id: 'fa1e80dbeb94283575cb22dd1f38ab31') in 0.013560 seconds
Number of updated asset objects reloaded before import = 0
Number of asset objects unloaded after import = 32
========================================================================
Received Import Request.
  Time since last request: 4.423400 seconds.
  path: Assets/Violet Theme Ui/White Icons/White Axe 2.png
  artifactKey: Guid(8185f3757a8a496458bf5b9e2b48ccf8) Importer(815301076,1909f56bfc062723c751e8b465ee728b)
Start importing Assets/Violet Theme Ui/White Icons/White Axe 2.png using Guid(8185f3757a8a496458bf5b9e2b48ccf8) Importer(815301076,1909f56bfc062723c751e8b465ee728b) [PhysX] Initialized MultithreadedTaskDispatcher with 16 workers.
[PhysX] Initialized MultithreadedTaskDispatcher with 16 workers.
 -> (artifact id: '1f11d0abddbe18a0a082f60ab6819d0d') in 0.060137 seconds
Number of updated asset objects reloaded before import = 0
Number of asset objects unloaded after import = 6
========================================================================
Received Import Request.
  Time since last request: 0.003536 seconds.
  path: Assets/Violet Theme Ui/White Icons/White Backward.png
  artifactKey: Guid(7b1fc72ce1c2e774fae4dc31adce7ebf) Importer(815301076,1909f56bfc062723c751e8b465ee728b)
Start importing Assets/Violet Theme Ui/White Icons/White Backward.png using Guid(7b1fc72ce1c2e774fae4dc31adce7ebf) Importer(815301076,1909f56bfc062723c751e8b465ee728b) [PhysX] Initialized MultithreadedTaskDispatcher with 16 workers.
[PhysX] Initialized MultithreadedTaskDispatcher with 16 workers.
 -> (artifact id: '8b62901854aa0c7b5a7bdb506be2a778') in 0.017193 seconds
Number of updated asset objects reloaded before import = 0
Number of asset objects unloaded after import = 3
========================================================================
Received Import Request.
  Time since last request: 0.000019 seconds.
  path: Assets/Violet Theme Ui/White Icons/White Bag 2.png
  artifactKey: Guid(f7490f85e5d705040a645c70dfc50673) Importer(815301076,1909f56bfc062723c751e8b465ee728b)
Start importing Assets/Violet Theme Ui/White Icons/White Bag 2.png using Guid(f7490f85e5d705040a645c70dfc50673) Importer(815301076,1909f56bfc062723c751e8b465ee728b) [PhysX] Initialized MultithreadedTaskDispatcher with 16 workers.
[PhysX] Initialized MultithreadedTaskDispatcher with 16 workers.
 -> (artifact id: 'b70cdd2a7666a97c17e89edb0ea8dc59') in 0.055301 seconds
Number of updated asset objects reloaded before import = 0
Number of asset objects unloaded after import = 6
========================================================================
Received Import Request.
  Time since last request: 0.000020 seconds.
  path: Assets/Violet Theme Ui/White Icons/White Backward 2.png
  artifactKey: Guid(c962ddd9b0a42d3418bf5991eb64eeb8) Importer(815301076,1909f56bfc062723c751e8b465ee728b)
Start importing Assets/Violet Theme Ui/White Icons/White Backward 2.png using Guid(c962ddd9b0a42d3418bf5991eb64eeb8) Importer(815301076,1909f56bfc062723c751e8b465ee728b) [PhysX] Initialized MultithreadedTaskDispatcher with 16 workers.
[PhysX] Initialized MultithreadedTaskDispatcher with 16 workers.
 -> (artifact id: '41440a7ecd0086deae553af34761668e') in 0.020662 seconds
Number of updated asset objects reloaded before import = 0
Number of asset objects unloaded after import = 3
========================================================================
Received Import Request.
  Time since last request: 0.000024 seconds.
  path: Assets/Violet Theme Ui/White Icons/White Axe.png
  artifactKey: Guid(1211324f0927fc540afd33686434a913) Importer(815301076,1909f56bfc062723c751e8b465ee728b)
Start importing Assets/Violet Theme Ui/White Icons/White Axe.png using Guid(1211324f0927fc540afd33686434a913) Importer(815301076,1909f56bfc062723c751e8b465ee728b) [PhysX] Initialized MultithreadedTaskDispatcher with 16 workers.
[PhysX] Initialized MultithreadedTaskDispatcher with 16 workers.
 -> (artifact id: 'ca24e47bbdac7c209f2696f0d6b1e519') in 0.032365 seconds
Number of updated asset objects reloaded before import = 0
Number of asset objects unloaded after import = 6
========================================================================
Received Import Request.
  Time since last request: 0.296020 seconds.
  path: Assets/Violet Theme Ui/White Icons/White Battery Empty.png
  artifactKey: Guid(8d9f54261b21bc6408119d9e04cc974f) Importer(815301076,1909f56bfc062723c751e8b465ee728b)
Start importing Assets/Violet Theme Ui/White Icons/White Battery Empty.png using Guid(8d9f54261b21bc6408119d9e04cc974f) Importer(815301076,1909f56bfc062723c751e8b465ee728b) [PhysX] Initialized MultithreadedTaskDispatcher with 16 workers.
[PhysX] Initialized MultithreadedTaskDispatcher with 16 workers.
 -> (artifact id: '51787af48e04da7b65c69d4725ed0c7c') in 0.021030 seconds
Number of updated asset objects reloaded before import = 0
Number of asset objects unloaded after import = 4
========================================================================
Received Import Request.
  Time since last request: 0.000095 seconds.
  path: Assets/Violet Theme Ui/White Icons/White Battery Half.png
  artifactKey: Guid(b8c37e2574275e84aa76ff34202f1b2c) Importer(815301076,1909f56bfc062723c751e8b465ee728b)
Start importing Assets/Violet Theme Ui/White Icons/White Battery Half.png using Guid(b8c37e2574275e84aa76ff34202f1b2c) Importer(815301076,1909f56bfc062723c751e8b465ee728b) [PhysX] Initialized MultithreadedTaskDispatcher with 16 workers.
[PhysX] Initialized MultithreadedTaskDispatcher with 16 workers.
 -> (artifact id: '2b1486151c338c8c6e559576d4d9a28a') in 0.019954 seconds
Number of updated asset objects reloaded before import = 0
Number of asset objects unloaded after import = 4
========================================================================
Received Import Request.
  Time since last request: 0.018577 seconds.
  path: Assets/Violet Theme Ui/White Icons/White Bishop.png
  artifactKey: Guid(4355aa8f6e41f3449bfb6c19933598e8) Importer(815301076,1909f56bfc062723c751e8b465ee728b)
Start importing Assets/Violet Theme Ui/White Icons/White Bishop.png using Guid(4355aa8f6e41f3449bfb6c19933598e8) Importer(815301076,1909f56bfc062723c751e8b465ee728b) [PhysX] Initialized MultithreadedTaskDispatcher with 16 workers.
[PhysX] Initialized MultithreadedTaskDispatcher with 16 workers.
 -> (artifact id: '24d668dda006dc8deb2188f683434fb9') in 0.018530 seconds
Number of updated asset objects reloaded before import = 0
Number of asset objects unloaded after import = 4
========================================================================
Received Import Request.
  Time since last request: 0.000019 seconds.
  path: Assets/Violet Theme Ui/White Icons/White Blade 1.png
  artifactKey: Guid(c68838cd724d5cc4a89b38f46c68a7d1) Importer(815301076,1909f56bfc062723c751e8b465ee728b)
Start importing Assets/Violet Theme Ui/White Icons/White Blade 1.png using Guid(c68838cd724d5cc4a89b38f46c68a7d1) Importer(815301076,1909f56bfc062723c751e8b465ee728b) [PhysX] Initialized MultithreadedTaskDispatcher with 16 workers.
[PhysX] Initialized MultithreadedTaskDispatcher with 16 workers.
 -> (artifact id: 'b360f125cb1f34ec0753bdb6c8b9b09f') in 0.023147 seconds
Number of updated asset objects reloaded before import = 0
Number of asset objects unloaded after import = 5
========================================================================
Received Import Request.
  Time since last request: 0.000026 seconds.
  path: Assets/Violet Theme Ui/White Icons/White Blade 3.png
  artifactKey: Guid(75b002f5320d0204fbb110edd8b21bbd) Importer(815301076,1909f56bfc062723c751e8b465ee728b)
Start importing Assets/Violet Theme Ui/White Icons/White Blade 3.png using Guid(75b002f5320d0204fbb110edd8b21bbd) Importer(815301076,1909f56bfc062723c751e8b465ee728b) [PhysX] Initialized MultithreadedTaskDispatcher with 16 workers.
[PhysX] Initialized MultithreadedTaskDispatcher with 16 workers.
 -> (artifact id: '71fd40a9de98d724904e181c26bf0610') in 0.021446 seconds
Number of updated asset objects reloaded before import = 0
Number of asset objects unloaded after import = 4
========================================================================
Received Import Request.
  Time since last request: 0.277642 seconds.
  path: Assets/Violet Theme Ui/White Icons/White Bluetooth Off.png
  artifactKey: Guid(f791f4cb3fbccc1419eaca61ce79eae5) Importer(815301076,1909f56bfc062723c751e8b465ee728b)
Start importing Assets/Violet Theme Ui/White Icons/White Bluetooth Off.png using Guid(f791f4cb3fbccc1419eaca61ce79eae5) Importer(815301076,1909f56bfc062723c751e8b465ee728b) [PhysX] Initialized MultithreadedTaskDispatcher with 16 workers.
[PhysX] Initialized MultithreadedTaskDispatcher with 16 workers.
 -> (artifact id: '51ab780f52f00426f8c516c632ff3b05') in 0.019808 seconds
Number of updated asset objects reloaded before import = 0
Number of asset objects unloaded after import = 5
========================================================================
Received Import Request.
  Time since last request: 0.000018 seconds.
  path: Assets/Violet Theme Ui/White Icons/White Bomb 2.png
  artifactKey: Guid(76f33d4497c53394b9151dc09e67064c) Importer(815301076,1909f56bfc062723c751e8b465ee728b)
Start importing Assets/Violet Theme Ui/White Icons/White Bomb 2.png using Guid(76f33d4497c53394b9151dc09e67064c) Importer(815301076,1909f56bfc062723c751e8b465ee728b) [PhysX] Initialized MultithreadedTaskDispatcher with 16 workers.
[PhysX] Initialized MultithreadedTaskDispatcher with 16 workers.
 -> (artifact id: 'a8faa74b52424efc5885e8b5fa4d3ccc') in 0.021142 seconds
Number of updated asset objects reloaded before import = 0
Number of asset objects unloaded after import = 4
========================================================================
Received Import Request.
  Time since last request: 0.000022 seconds.
  path: Assets/Violet Theme Ui/White Icons/White Bomb.png
  artifactKey: Guid(976d40449908b1c439451ba6b1fadb9e) Importer(815301076,1909f56bfc062723c751e8b465ee728b)
Start importing Assets/Violet Theme Ui/White Icons/White Bomb.png using Guid(976d40449908b1c439451ba6b1fadb9e) Importer(815301076,1909f56bfc062723c751e8b465ee728b) [PhysX] Initialized MultithreadedTaskDispatcher with 16 workers.
[PhysX] Initialized MultithreadedTaskDispatcher with 16 workers.
 -> (artifact id: '29721735735cd74100a7a712941a0049') in 0.018013 seconds
Number of updated asset objects reloaded before import = 0
Number of asset objects unloaded after import = 3
========================================================================
Received Import Request.
  Time since last request: 0.001874 seconds.
  path: Assets/Violet Theme Ui/White Icons/White Book 2.png
  artifactKey: Guid(c481e9467be21884f91a1ee7aa1cf73b) Importer(815301076,1909f56bfc062723c751e8b465ee728b)
Start importing Assets/Violet Theme Ui/White Icons/White Book 2.png using Guid(c481e9467be21884f91a1ee7aa1cf73b) Importer(815301076,1909f56bfc062723c751e8b465ee728b) [PhysX] Initialized MultithreadedTaskDispatcher with 16 workers.
[PhysX] Initialized MultithreadedTaskDispatcher with 16 workers.
 -> (artifact id: '8f8a85d237a8c5a992adff7ed4d1929d') in 0.018367 seconds
Number of updated asset objects reloaded before import = 0
Number of asset objects unloaded after import = 4
========================================================================
Received Import Request.
  Time since last request: 0.000020 seconds.
  path: Assets/Violet Theme Ui/White Icons/White Boots 1.png
  artifactKey: Guid(b3176559611ec2a439a40524ddf69c26) Importer(815301076,1909f56bfc062723c751e8b465ee728b)
Start importing Assets/Violet Theme Ui/White Icons/White Boots 1.png using Guid(b3176559611ec2a439a40524ddf69c26) Importer(815301076,1909f56bfc062723c751e8b465ee728b) [PhysX] Initialized MultithreadedTaskDispatcher with 16 workers.
[PhysX] Initialized MultithreadedTaskDispatcher with 16 workers.
 -> (artifact id: '0fdd3482db8ba15bc2e11c85f5bfd76c') in 0.030922 seconds
Number of updated asset objects reloaded before import = 0
Number of asset objects unloaded after import = 6
========================================================================
Received Import Request.
  Time since last request: 0.010657 seconds.
  path: Assets/Violet Theme Ui/White Icons/White Bow.png
  artifactKey: Guid(139896ae9c7105140bf96a66f05e1c40) Importer(815301076,1909f56bfc062723c751e8b465ee728b)
Start importing Assets/Violet Theme Ui/White Icons/White Bow.png using Guid(139896ae9c7105140bf96a66f05e1c40) Importer(815301076,1909f56bfc062723c751e8b465ee728b) [PhysX] Initialized MultithreadedTaskDispatcher with 16 workers.
[PhysX] Initialized MultithreadedTaskDispatcher with 16 workers.
 -> (artifact id: 'b5c0adb55df8bfa54174ef439e945c93') in 0.017759 seconds
Number of updated asset objects reloaded before import = 0
Number of asset objects unloaded after import = 3
========================================================================
Received Import Request.
  Time since last request: 0.000023 seconds.
  path: Assets/Violet Theme Ui/White Icons/White Bug 2.png
  artifactKey: Guid(4be13b6c09b7e124f9a37a39c92ce8ab) Importer(815301076,1909f56bfc062723c751e8b465ee728b)
Start importing Assets/Violet Theme Ui/White Icons/White Bug 2.png using Guid(4be13b6c09b7e124f9a37a39c92ce8ab) Importer(815301076,1909f56bfc062723c751e8b465ee728b) [PhysX] Initialized MultithreadedTaskDispatcher with 16 workers.
[PhysX] Initialized MultithreadedTaskDispatcher with 16 workers.
 -> (artifact id: '2036751f749b6ed12f94ea245fd7340d') in 0.018443 seconds
Number of updated asset objects reloaded before import = 0
Number of asset objects unloaded after import = 3
========================================================================
Received Import Request.
  Time since last request: 0.000030 seconds.
  path: Assets/Violet Theme Ui/White Icons/White Bug.png
  artifactKey: Guid(a4bb7f1b97a31ca46839863d6e8750f2) Importer(815301076,1909f56bfc062723c751e8b465ee728b)
Start importing Assets/Violet Theme Ui/White Icons/White Bug.png using Guid(a4bb7f1b97a31ca46839863d6e8750f2) Importer(815301076,1909f56bfc062723c751e8b465ee728b) [PhysX] Initialized MultithreadedTaskDispatcher with 16 workers.
[PhysX] Initialized MultithreadedTaskDispatcher with 16 workers.
 -> (artifact id: 'f3fc1407e825e5254a7ed2f3e612a908') in 0.020754 seconds
Number of updated asset objects reloaded before import = 0
Number of asset objects unloaded after import = 4
========================================================================
Received Import Request.
  Time since last request: 0.246253 seconds.
  path: Assets/Violet Theme Ui/White Icons/White Building.png
  artifactKey: Guid(3580e3b3da4859240ac7a3e3c6cedc81) Importer(815301076,1909f56bfc062723c751e8b465ee728b)
Start importing Assets/Violet Theme Ui/White Icons/White Building.png using Guid(3580e3b3da4859240ac7a3e3c6cedc81) Importer(815301076,1909f56bfc062723c751e8b465ee728b) [PhysX] Initialized MultithreadedTaskDispatcher with 16 workers.
[PhysX] Initialized MultithreadedTaskDispatcher with 16 workers.
 -> (artifact id: '12bebccc13f1d7c93f0668e3f9a4dd03') in 0.017986 seconds
Number of updated asset objects reloaded before import = 0
Number of asset objects unloaded after import = 3
========================================================================
Received Import Request.
  Time since last request: 0.000019 seconds.
  path: Assets/Violet Theme Ui/White Icons/White Calendar 1.png
  artifactKey: Guid(ab407958ffd2d24488672753a7f7fb93) Importer(815301076,1909f56bfc062723c751e8b465ee728b)
Start importing Assets/Violet Theme Ui/White Icons/White Calendar 1.png using Guid(ab407958ffd2d24488672753a7f7fb93) Importer(815301076,1909f56bfc062723c751e8b465ee728b) [PhysX] Initialized MultithreadedTaskDispatcher with 16 workers.
[PhysX] Initialized MultithreadedTaskDispatcher with 16 workers.
 -> (artifact id: '3b0123eec1bfb6dd5f3c17f85cb4915a') in 0.020425 seconds
Number of updated asset objects reloaded before import = 0
Number of asset objects unloaded after import = 4
========================================================================
Received Import Request.
  Time since last request: 0.000018 seconds.
  path: Assets/Violet Theme Ui/White Icons/White Calendar 3.png
  artifactKey: Guid(12eb67918fb8c0540950ec4de2d608b3) Importer(815301076,1909f56bfc062723c751e8b465ee728b)
Start importing Assets/Violet Theme Ui/White Icons/White Calendar 3.png using Guid(12eb67918fb8c0540950ec4de2d608b3) Importer(815301076,1909f56bfc062723c751e8b465ee728b) [PhysX] Initialized MultithreadedTaskDispatcher with 16 workers.
[PhysX] Initialized MultithreadedTaskDispatcher with 16 workers.
 -> (artifact id: '483ef79e6671ff4ea9c3a833918a62b8') in 0.021188 seconds
Number of updated asset objects reloaded before import = 0
Number of asset objects unloaded after import = 4
========================================================================
Received Import Request.
  Time since last request: 0.007050 seconds.
  path: Assets/Violet Theme Ui/White Icons/White Camera 2.png
  artifactKey: Guid(4c2d4bf8450af0145aebbf3e58351d75) Importer(815301076,1909f56bfc062723c751e8b465ee728b)
Start importing Assets/Violet Theme Ui/White Icons/White Camera 2.png using Guid(4c2d4bf8450af0145aebbf3e58351d75) Importer(815301076,1909f56bfc062723c751e8b465ee728b) [PhysX] Initialized MultithreadedTaskDispatcher with 16 workers.
[PhysX] Initialized MultithreadedTaskDispatcher with 16 workers.
 -> (artifact id: '014be812776261de6b28b26d6e956e67') in 0.019726 seconds
Number of updated asset objects reloaded before import = 0
Number of asset objects unloaded after import = 4
========================================================================
Received Import Request.
  Time since last request: 0.000022 seconds.
  path: Assets/Violet Theme Ui/White Icons/White Cart.png
  artifactKey: Guid(cfdbd5242e19eb8438226557819869a0) Importer(815301076,1909f56bfc062723c751e8b465ee728b)
Start importing Assets/Violet Theme Ui/White Icons/White Cart.png using Guid(cfdbd5242e19eb8438226557819869a0) Importer(815301076,1909f56bfc062723c751e8b465ee728b) [PhysX] Initialized MultithreadedTaskDispatcher with 16 workers.
[PhysX] Initialized MultithreadedTaskDispatcher with 16 workers.
 -> (artifact id: '60412e49c5aa3649c7f67e2d4c6d96c9') in 0.023132 seconds
Number of updated asset objects reloaded before import = 0
Number of asset objects unloaded after import = 5
========================================================================
Received Import Request.
  Time since last request: 0.248594 seconds.
  path: Assets/Violet Theme Ui/White Icons/White Castle 1.png
  artifactKey: Guid(7750fcabc27e4464c94dd37eabcdb89d) Importer(815301076,1909f56bfc062723c751e8b465ee728b)
Start importing Assets/Violet Theme Ui/White Icons/White Castle 1.png using Guid(7750fcabc27e4464c94dd37eabcdb89d) Importer(815301076,1909f56bfc062723c751e8b465ee728b) [PhysX] Initialized MultithreadedTaskDispatcher with 16 workers.
[PhysX] Initialized MultithreadedTaskDispatcher with 16 workers.
 -> (artifact id: 'd737c8ca372dbd1f7c6b0370253d1d5a') in 0.023178 seconds
Number of updated asset objects reloaded before import = 0
Number of asset objects unloaded after import = 7
========================================================================
Received Import Request.
  Time since last request: 0.000023 seconds.
  path: Assets/Violet Theme Ui/White Icons/White Cauldron.png
  artifactKey: Guid(62438af6038e9c94abedcde3d87bb764) Importer(815301076,1909f56bfc062723c751e8b465ee728b)
Start importing Assets/Violet Theme Ui/White Icons/White Cauldron.png using Guid(62438af6038e9c94abedcde3d87bb764) Importer(815301076,1909f56bfc062723c751e8b465ee728b) [PhysX] Initialized MultithreadedTaskDispatcher with 16 workers.
[PhysX] Initialized MultithreadedTaskDispatcher with 16 workers.
 -> (artifact id: '1181425744bccff8b46dd08161029f22') in 0.020929 seconds
Number of updated asset objects reloaded before import = 0
Number of asset objects unloaded after import = 4
========================================================================
Received Import Request.
  Time since last request: 0.000019 seconds.
  path: Assets/Violet Theme Ui/White Icons/White Chat 2.png
  artifactKey: Guid(b87089d14f7860c41984539bdf4bb177) Importer(815301076,1909f56bfc062723c751e8b465ee728b)
Start importing Assets/Violet Theme Ui/White Icons/White Chat 2.png using Guid(b87089d14f7860c41984539bdf4bb177) Importer(815301076,1909f56bfc062723c751e8b465ee728b) [PhysX] Initialized MultithreadedTaskDispatcher with 16 workers.
[PhysX] Initialized MultithreadedTaskDispatcher with 16 workers.
 -> (artifact id: 'ce754361686d85dd796fe8ae586f1920') in 0.018457 seconds
Number of updated asset objects reloaded before import = 0
Number of asset objects unloaded after import = 3
========================================================================
Received Import Request.
  Time since last request: 0.007079 seconds.
  path: Assets/Violet Theme Ui/White Icons/White Chat.png
  artifactKey: Guid(e0e00ede350534947bddc09603379697) Importer(815301076,1909f56bfc062723c751e8b465ee728b)
Start importing Assets/Violet Theme Ui/White Icons/White Chat.png using Guid(e0e00ede350534947bddc09603379697) Importer(815301076,1909f56bfc062723c751e8b465ee728b) [PhysX] Initialized MultithreadedTaskDispatcher with 16 workers.
[PhysX] Initialized MultithreadedTaskDispatcher with 16 workers.
 -> (artifact id: 'ec1910f343b1347262df1988c2abb5ab') in 0.015743 seconds
Number of updated asset objects reloaded before import = 0
Number of asset objects unloaded after import = 3
========================================================================
Received Import Request.
  Time since last request: 0.000022 seconds.
  path: Assets/Violet Theme Ui/White Icons/White Check.png
  artifactKey: Guid(cfd28c4685f7c504c8541bb8903d4ec8) Importer(815301076,1909f56bfc062723c751e8b465ee728b)
Start importing Assets/Violet Theme Ui/White Icons/White Check.png using Guid(cfd28c4685f7c504c8541bb8903d4ec8) Importer(815301076,1909f56bfc062723c751e8b465ee728b) [PhysX] Initialized MultithreadedTaskDispatcher with 16 workers.
[PhysX] Initialized MultithreadedTaskDispatcher with 16 workers.
 -> (artifact id: '608b204002bf2b54e0d90d99a045d1b1') in 0.019653 seconds
Number of updated asset objects reloaded before import = 0
Number of asset objects unloaded after import = 3
========================================================================
Received Import Request.
  Time since last request: 0.000018 seconds.
  path: Assets/Violet Theme Ui/White Icons/White Clip 2.png
  artifactKey: Guid(561d273ce3106574a897bafb257128ca) Importer(815301076,1909f56bfc062723c751e8b465ee728b)
Start importing Assets/Violet Theme Ui/White Icons/White Clip 2.png using Guid(561d273ce3106574a897bafb257128ca) Importer(815301076,1909f56bfc062723c751e8b465ee728b) [PhysX] Initialized MultithreadedTaskDispatcher with 16 workers.
[PhysX] Initialized MultithreadedTaskDispatcher with 16 workers.
 -> (artifact id: '8c6338f1024d1a8095da9e5435f4de86') in 0.015341 seconds
Number of updated asset objects reloaded before import = 0
Number of asset objects unloaded after import = 3
========================================================================
Received Import Request.
  Time since last request: 0.000019 seconds.
  path: Assets/Violet Theme Ui/White Icons/White Chest.png
  artifactKey: Guid(062478d802b535644af9b437b81a8bec) Importer(815301076,1909f56bfc062723c751e8b465ee728b)
Start importing Assets/Violet Theme Ui/White Icons/White Chest.png using Guid(062478d802b535644af9b437b81a8bec) Importer(815301076,1909f56bfc062723c751e8b465ee728b) [PhysX] Initialized MultithreadedTaskDispatcher with 16 workers.
[PhysX] Initialized MultithreadedTaskDispatcher with 16 workers.
 -> (artifact id: 'cd994969985d347e79a35407c785b611') in 0.024647 seconds
Number of updated asset objects reloaded before import = 0
Number of asset objects unloaded after import = 6
========================================================================
Received Import Request.
  Time since last request: 0.000023 seconds.
  path: Assets/Violet Theme Ui/White Icons/White Cloud 2.png
  artifactKey: Guid(fa97c0870713ae74b9f6c5d293e516c8) Importer(815301076,1909f56bfc062723c751e8b465ee728b)
Start importing Assets/Violet Theme Ui/White Icons/White Cloud 2.png using Guid(fa97c0870713ae74b9f6c5d293e516c8) Importer(815301076,1909f56bfc062723c751e8b465ee728b) [PhysX] Initialized MultithreadedTaskDispatcher with 16 workers.
[PhysX] Initialized MultithreadedTaskDispatcher with 16 workers.
 -> (artifact id: 'af798189321239b5c59c32a2cf4174e1') in 0.018958 seconds
Number of updated asset objects reloaded before import = 0
Number of asset objects unloaded after import = 3
========================================================================
Received Import Request.
  Time since last request: 0.000030 seconds.
  path: Assets/Violet Theme Ui/White Icons/White Clock.png
  artifactKey: Guid(963e3ccea09488348a07e88fcbefd958) Importer(815301076,1909f56bfc062723c751e8b465ee728b)
Start importing Assets/Violet Theme Ui/White Icons/White Clock.png using Guid(963e3ccea09488348a07e88fcbefd958) Importer(815301076,1909f56bfc062723c751e8b465ee728b) [PhysX] Initialized MultithreadedTaskDispatcher with 16 workers.
[PhysX] Initialized MultithreadedTaskDispatcher with 16 workers.
 -> (artifact id: '54f75e60a17f03bf988291ac629c394c') in 0.021194 seconds
Number of updated asset objects reloaded before import = 0
Number of asset objects unloaded after import = 3
========================================================================
Received Import Request.
  Time since last request: 0.000022 seconds.
  path: Assets/Violet Theme Ui/White Icons/White Close 2.png
  artifactKey: Guid(578fc686cfcf7b848b77f202915a9e02) Importer(815301076,1909f56bfc062723c751e8b465ee728b)
Start importing Assets/Violet Theme Ui/White Icons/White Close 2.png using Guid(578fc686cfcf7b848b77f202915a9e02) Importer(815301076,1909f56bfc062723c751e8b465ee728b) [PhysX] Initialized MultithreadedTaskDispatcher with 16 workers.
[PhysX] Initialized MultithreadedTaskDispatcher with 16 workers.
 -> (artifact id: '59c0982533622dc5325566b4be76ea6a') in 0.019435 seconds
Number of updated asset objects reloaded before import = 0
Number of asset objects unloaded after import = 3
========================================================================
Received Import Request.
  Time since last request: 0.268958 seconds.
  path: Assets/Violet Theme Ui/White Icons/White Clover.png
  artifactKey: Guid(26b0346682aa5034886a3155ddd4fd88) Importer(815301076,1909f56bfc062723c751e8b465ee728b)
Start importing Assets/Violet Theme Ui/White Icons/White Clover.png using Guid(26b0346682aa5034886a3155ddd4fd88) Importer(815301076,1909f56bfc062723c751e8b465ee728b) [PhysX] Initialized MultithreadedTaskDispatcher with 16 workers.
[PhysX] Initialized MultithreadedTaskDispatcher with 16 workers.
 -> (artifact id: '5687d0f7f00944dc1b410e2b6bf5c148') in 0.020688 seconds
Number of updated asset objects reloaded before import = 0
Number of asset objects unloaded after import = 3
========================================================================
Received Import Request.
  Time since last request: 0.000021 seconds.
  path: Assets/Violet Theme Ui/White Icons/White Compress.png
  artifactKey: Guid(3133d4ad30dcfce4c8c365055d6645c7) Importer(815301076,1909f56bfc062723c751e8b465ee728b)
Start importing Assets/Violet Theme Ui/White Icons/White Compress.png using Guid(3133d4ad30dcfce4c8c365055d6645c7) Importer(815301076,1909f56bfc062723c751e8b465ee728b) [PhysX] Initialized MultithreadedTaskDispatcher with 16 workers.
[PhysX] Initialized MultithreadedTaskDispatcher with 16 workers.
 -> (artifact id: '31da554f098b7b2b473dee9143e3941f') in 0.028195 seconds
Number of updated asset objects reloaded before import = 0
Number of asset objects unloaded after import = 6
========================================================================
Received Import Request.
  Time since last request: 0.000022 seconds.
  path: Assets/Violet Theme Ui/White Icons/White Controls.png
  artifactKey: Guid(984423f0a5bc0be4f982eef9255f71a9) Importer(815301076,1909f56bfc062723c751e8b465ee728b)
Start importing Assets/Violet Theme Ui/White Icons/White Controls.png using Guid(984423f0a5bc0be4f982eef9255f71a9) Importer(815301076,1909f56bfc062723c751e8b465ee728b) [PhysX] Initialized MultithreadedTaskDispatcher with 16 workers.
[PhysX] Initialized MultithreadedTaskDispatcher with 16 workers.
 -> (artifact id: 'fbed500e4aa6821fab54311cdeebd0e3') in 0.026059 seconds
Number of updated asset objects reloaded before import = 0
Number of asset objects unloaded after import = 4
========================================================================
Received Import Request.
  Time since last request: 0.008797 seconds.
  path: Assets/Violet Theme Ui/White Icons/White Cross Swords.png
  artifactKey: Guid(64105460c44937a4c9f1e3e1d6ed595d) Importer(815301076,1909f56bfc062723c751e8b465ee728b)
Start importing Assets/Violet Theme Ui/White Icons/White Cross Swords.png using Guid(64105460c44937a4c9f1e3e1d6ed595d) Importer(815301076,1909f56bfc062723c751e8b465ee728b) [PhysX] Initialized MultithreadedTaskDispatcher with 16 workers.
[PhysX] Initialized MultithreadedTaskDispatcher with 16 workers.
 -> (artifact id: '7c20f9340aabbfc05ce4b9d591490e27') in 0.022355 seconds
Number of updated asset objects reloaded before import = 0
Number of asset objects unloaded after import = 4
========================================================================
Received Import Request.
  Time since last request: 0.000027 seconds.
  path: Assets/Violet Theme Ui/White Icons/White Crown 2.png
  artifactKey: Guid(97a7a415fdd23b046a9d12ddb2e073c2) Importer(815301076,1909f56bfc062723c751e8b465ee728b)
Start importing Assets/Violet Theme Ui/White Icons/White Crown 2.png using Guid(97a7a415fdd23b046a9d12ddb2e073c2) Importer(815301076,1909f56bfc062723c751e8b465ee728b) [PhysX] Initialized MultithreadedTaskDispatcher with 16 workers.
[PhysX] Initialized MultithreadedTaskDispatcher with 16 workers.
 -> (artifact id: 'e8115e1a377c20d9da39f4d582de656d') in 0.017504 seconds
Number of updated asset objects reloaded before import = 0
Number of asset objects unloaded after import = 3
========================================================================
Received Import Request.
  Time since last request: 0.000031 seconds.
  path: Assets/Violet Theme Ui/White Icons/White Device Vibration.png
  artifactKey: Guid(14313135a6a46094cbdcab0e01c6e628) Importer(815301076,1909f56bfc062723c751e8b465ee728b)
Start importing Assets/Violet Theme Ui/White Icons/White Device Vibration.png using Guid(14313135a6a46094cbdcab0e01c6e628) Importer(815301076,1909f56bfc062723c751e8b465ee728b) [PhysX] Initialized MultithreadedTaskDispatcher with 16 workers.
[PhysX] Initialized MultithreadedTaskDispatcher with 16 workers.
 -> (artifact id: 'd8e63ccf25159a31e12f2091cd2e9f22') in 0.023855 seconds
Number of updated asset objects reloaded before import = 0
Number of asset objects unloaded after import = 5
========================================================================
Received Import Request.
  Time since last request: 0.000024 seconds.
  path: Assets/Violet Theme Ui/White Icons/White Dollar Sign.png
  artifactKey: Guid(e90101c24802e674ab7f6c4baa5772bc) Importer(815301076,1909f56bfc062723c751e8b465ee728b)
Start importing Assets/Violet Theme Ui/White Icons/White Dollar Sign.png using Guid(e90101c24802e674ab7f6c4baa5772bc) Importer(815301076,1909f56bfc062723c751e8b465ee728b) [PhysX] Initialized MultithreadedTaskDispatcher with 16 workers.
[PhysX] Initialized MultithreadedTaskDispatcher with 16 workers.
 -> (artifact id: 'b2810c138be9595356bc96465842ff82') in 0.020540 seconds
Number of updated asset objects reloaded before import = 0
Number of asset objects unloaded after import = 3
========================================================================
Received Import Request.
  Time since last request: 0.000023 seconds.
  path: Assets/Violet Theme Ui/White Icons/White Dollar.png
  artifactKey: Guid(e5088364c4bd4314281121fc691fc2e1) Importer(815301076,1909f56bfc062723c751e8b465ee728b)
Start importing Assets/Violet Theme Ui/White Icons/White Dollar.png using Guid(e5088364c4bd4314281121fc691fc2e1) Importer(815301076,1909f56bfc062723c751e8b465ee728b) [PhysX] Initialized MultithreadedTaskDispatcher with 16 workers.
[PhysX] Initialized MultithreadedTaskDispatcher with 16 workers.
 -> (artifact id: '1107ed0722087841ea9b2b2d663ac7e2') in 0.022162 seconds
Number of updated asset objects reloaded before import = 0
Number of asset objects unloaded after import = 3
========================================================================
Received Import Request.
  Time since last request: 0.000030 seconds.
  path: Assets/Violet Theme Ui/White Icons/White Disc.png
  artifactKey: Guid(2c248267db061ba4ebd1526d75220aec) Importer(815301076,1909f56bfc062723c751e8b465ee728b)
Start importing Assets/Violet Theme Ui/White Icons/White Disc.png using Guid(2c248267db061ba4ebd1526d75220aec) Importer(815301076,1909f56bfc062723c751e8b465ee728b) [PhysX] Initialized MultithreadedTaskDispatcher with 16 workers.
[PhysX] Initialized MultithreadedTaskDispatcher with 16 workers.
 -> (artifact id: '7ea2bb5199eaefcfba9c5cba01d465f5') in 0.020943 seconds
Number of updated asset objects reloaded before import = 0
Number of asset objects unloaded after import = 3
========================================================================
Received Import Request.
  Time since last request: 0.002594 seconds.
  path: Assets/Violet Theme Ui/White Icons/White DropDown.png
  artifactKey: Guid(9fa25d7ba9e486a49bd18911151230d7) Importer(815301076,1909f56bfc062723c751e8b465ee728b)
Start importing Assets/Violet Theme Ui/White Icons/White DropDown.png using Guid(9fa25d7ba9e486a49bd18911151230d7) Importer(815301076,1909f56bfc062723c751e8b465ee728b) [PhysX] Initialized MultithreadedTaskDispatcher with 16 workers.
[PhysX] Initialized MultithreadedTaskDispatcher with 16 workers.
 -> (artifact id: 'b84737fdcfb3190a99ad5e049a004a43') in 0.031534 seconds
Number of updated asset objects reloaded before import = 0
Number of asset objects unloaded after import = 8
========================================================================
Received Import Request.
  Time since last request: 0.000026 seconds.
  path: Assets/Violet Theme Ui/White Icons/White Energy.png
  artifactKey: Guid(11627667c4ccf3f499c7661a8781abba) Importer(815301076,1909f56bfc062723c751e8b465ee728b)
Start importing Assets/Violet Theme Ui/White Icons/White Energy.png using Guid(11627667c4ccf3f499c7661a8781abba) Importer(815301076,1909f56bfc062723c751e8b465ee728b) [PhysX] Initialized MultithreadedTaskDispatcher with 16 workers.
[PhysX] Initialized MultithreadedTaskDispatcher with 16 workers.
 -> (artifact id: '611ed02be1b2851da5468eec578d3ed4') in 0.022742 seconds
Number of updated asset objects reloaded before import = 0
Number of asset objects unloaded after import = 3
========================================================================
Received Import Request.
  Time since last request: 0.000028 seconds.
  path: Assets/Violet Theme Ui/White Icons/White Expand.png
  artifactKey: Guid(dcaf568f4227a954bb38a1f968381054) Importer(815301076,1909f56bfc062723c751e8b465ee728b)
Start importing Assets/Violet Theme Ui/White Icons/White Expand.png using Guid(dcaf568f4227a954bb38a1f968381054) Importer(815301076,1909f56bfc062723c751e8b465ee728b) [PhysX] Initialized MultithreadedTaskDispatcher with 16 workers.
[PhysX] Initialized MultithreadedTaskDispatcher with 16 workers.
 -> (artifact id: 'dfdb8802ecba01c5b2b616d2a5c65c1f') in 0.031958 seconds
Number of updated asset objects reloaded before import = 0
Number of asset objects unloaded after import = 6
========================================================================
Received Import Request.
  Time since last request: 0.493182 seconds.
  path: Assets/Violet Theme Ui/White Icons/White Explosion 2.png
  artifactKey: Guid(044c09bcaef1acb42aaf0be97aba2cf1) Importer(815301076,1909f56bfc062723c751e8b465ee728b)
Start importing Assets/Violet Theme Ui/White Icons/White Explosion 2.png using Guid(044c09bcaef1acb42aaf0be97aba2cf1) Importer(815301076,1909f56bfc062723c751e8b465ee728b) [PhysX] Initialized MultithreadedTaskDispatcher with 16 workers.
[PhysX] Initialized MultithreadedTaskDispatcher with 16 workers.
 -> (artifact id: '1bacba5c9e46fbb630620d4e265a7186') in 0.021170 seconds
Number of updated asset objects reloaded before import = 0
Number of asset objects unloaded after import = 3
========================================================================
Received Import Request.
  Time since last request: 0.000024 seconds.
  path: Assets/Violet Theme Ui/White Icons/White Fan.png
  artifactKey: Guid(83c3b7682f149604e8ca948a8de4387e) Importer(815301076,1909f56bfc062723c751e8b465ee728b)
Start importing Assets/Violet Theme Ui/White Icons/White Fan.png using Guid(83c3b7682f149604e8ca948a8de4387e) Importer(815301076,1909f56bfc062723c751e8b465ee728b) [PhysX] Initialized MultithreadedTaskDispatcher with 16 workers.
[PhysX] Initialized MultithreadedTaskDispatcher with 16 workers.
 -> (artifact id: '6efb5592cbb2e35ed7a044d853145ac5') in 0.027966 seconds
Number of updated asset objects reloaded before import = 0
Number of asset objects unloaded after import = 6
========================================================================
Received Import Request.
  Time since last request: 0.020648 seconds.
  path: Assets/Violet Theme Ui/White Icons/White FastFordward.png
  artifactKey: Guid(33b75b278d79d0c40941250c42d16e69) Importer(815301076,1909f56bfc062723c751e8b465ee728b)
Start importing Assets/Violet Theme Ui/White Icons/White FastFordward.png using Guid(33b75b278d79d0c40941250c42d16e69) Importer(815301076,1909f56bfc062723c751e8b465ee728b) [PhysX] Initialized MultithreadedTaskDispatcher with 16 workers.
[PhysX] Initialized MultithreadedTaskDispatcher with 16 workers.
 -> (artifact id: '3ff5325a00825f14dc437eb0e787f686') in 0.017606 seconds
Number of updated asset objects reloaded before import = 0
Number of asset objects unloaded after import = 3
========================================================================
Received Import Request.
  Time since last request: 0.000020 seconds.
  path: Assets/Violet Theme Ui/White Icons/White Feather.png
  artifactKey: Guid(0bb8db23543b17041b98ba7917c926c0) Importer(815301076,1909f56bfc062723c751e8b465ee728b)
Start importing Assets/Violet Theme Ui/White Icons/White Feather.png using Guid(0bb8db23543b17041b98ba7917c926c0) Importer(815301076,1909f56bfc062723c751e8b465ee728b) [PhysX] Initialized MultithreadedTaskDispatcher with 16 workers.
[PhysX] Initialized MultithreadedTaskDispatcher with 16 workers.
 -> (artifact id: '48f4e4d00aebdcb46d17a4adbf983104') in 0.018191 seconds
Number of updated asset objects reloaded before import = 0
Number of asset objects unloaded after import = 3
========================================================================
Received Import Request.
  Time since last request: 0.000020 seconds.
  path: Assets/Violet Theme Ui/White Icons/White Files.png
  artifactKey: Guid(d9af747b46e353d4fba5fda3cba7b90e) Importer(815301076,1909f56bfc062723c751e8b465ee728b)
Start importing Assets/Violet Theme Ui/White Icons/White Files.png using Guid(d9af747b46e353d4fba5fda3cba7b90e) Importer(815301076,1909f56bfc062723c751e8b465ee728b) [PhysX] Initialized MultithreadedTaskDispatcher with 16 workers.
[PhysX] Initialized MultithreadedTaskDispatcher with 16 workers.
 -> (artifact id: 'c2e9c681717077ece5141b7861077ea7') in 0.019034 seconds
Number of updated asset objects reloaded before import = 0
Number of asset objects unloaded after import = 4
========================================================================
Received Import Request.
  Time since last request: 0.000021 seconds.
  path: Assets/Violet Theme Ui/White Icons/White Fish 1.png
  artifactKey: Guid(e9f5ffbfecb772241b4a237e6f94e80d) Importer(815301076,1909f56bfc062723c751e8b465ee728b)
Start importing Assets/Violet Theme Ui/White Icons/White Fish 1.png using Guid(e9f5ffbfecb772241b4a237e6f94e80d) Importer(815301076,1909f56bfc062723c751e8b465ee728b) [PhysX] Initialized MultithreadedTaskDispatcher with 16 workers.
[PhysX] Initialized MultithreadedTaskDispatcher with 16 workers.
 -> (artifact id: '5ce26a2552fb8ab0759330046bdcb882') in 0.018371 seconds
Number of updated asset objects reloaded before import = 0
Number of asset objects unloaded after import = 4
========================================================================
Received Import Request.
  Time since last request: 0.000036 seconds.
  path: Assets/Violet Theme Ui/White Icons/White Fish 2.png
  artifactKey: Guid(12a2b2176d386a94ba6b5099811eecea) Importer(815301076,1909f56bfc062723c751e8b465ee728b)
Start importing Assets/Violet Theme Ui/White Icons/White Fish 2.png using Guid(12a2b2176d386a94ba6b5099811eecea) Importer(815301076,1909f56bfc062723c751e8b465ee728b) [PhysX] Initialized MultithreadedTaskDispatcher with 16 workers.
[PhysX] Initialized MultithreadedTaskDispatcher with 16 workers.
 -> (artifact id: '26226a2daa233fe1cbbadb35b68107c6') in 0.017129 seconds
Number of updated asset objects reloaded before import = 0
Number of asset objects unloaded after import = 3
========================================================================
Received Import Request.
  Time since last request: 0.000022 seconds.
  path: Assets/Violet Theme Ui/White Icons/White Flow Sysmbol.png
  artifactKey: Guid(70c65ba3b34a4f6499559447c9afa07d) Importer(815301076,1909f56bfc062723c751e8b465ee728b)
Start importing Assets/Violet Theme Ui/White Icons/White Flow Sysmbol.png using Guid(70c65ba3b34a4f6499559447c9afa07d) Importer(815301076,1909f56bfc062723c751e8b465ee728b) [PhysX] Initialized MultithreadedTaskDispatcher with 16 workers.
[PhysX] Initialized MultithreadedTaskDispatcher with 16 workers.
 -> (artifact id: '0ac3bca5e60af32558cd55ac2df19330') in 0.018995 seconds
Number of updated asset objects reloaded before import = 0
Number of asset objects unloaded after import = 3
========================================================================
Received Import Request.
  Time since last request: 0.000019 seconds.
  path: Assets/Violet Theme Ui/White Icons/White Forward 2.png
  artifactKey: Guid(a7c255899314dbd40a7d17a78c90c216) Importer(815301076,1909f56bfc062723c751e8b465ee728b)
Start importing Assets/Violet Theme Ui/White Icons/White Forward 2.png using Guid(a7c255899314dbd40a7d17a78c90c216) Importer(815301076,1909f56bfc062723c751e8b465ee728b) [PhysX] Initialized MultithreadedTaskDispatcher with 16 workers.
[PhysX] Initialized MultithreadedTaskDispatcher with 16 workers.
 -> (artifact id: 'c46d711f2d6940810c551b507682df3f') in 0.022974 seconds
Number of updated asset objects reloaded before import = 0
Number of asset objects unloaded after import = 3
========================================================================
Received Import Request.
  Time since last request: 0.179676 seconds.
  path: Assets/Violet Theme Ui/White Icons/White Forward.png
  artifactKey: Guid(52901ca2290ff9a4f8fe6db407064ab0) Importer(815301076,1909f56bfc062723c751e8b465ee728b)
Start importing Assets/Violet Theme Ui/White Icons/White Forward.png using Guid(52901ca2290ff9a4f8fe6db407064ab0) Importer(815301076,1909f56bfc062723c751e8b465ee728b) [PhysX] Initialized MultithreadedTaskDispatcher with 16 workers.
[PhysX] Initialized MultithreadedTaskDispatcher with 16 workers.
 -> (artifact id: 'f842bdab453ffe30b65e85006ad2ffc5') in 0.020999 seconds
Number of updated asset objects reloaded before import = 0
Number of asset objects unloaded after import = 3
========================================================================
Received Import Request.
  Time since last request: 0.000022 seconds.
  path: Assets/Violet Theme Ui/White Icons/White Gasoline.png
  artifactKey: Guid(fa98f68033093494b860119b50d067b4) Importer(815301076,1909f56bfc062723c751e8b465ee728b)
Start importing Assets/Violet Theme Ui/White Icons/White Gasoline.png using Guid(fa98f68033093494b860119b50d067b4) Importer(815301076,1909f56bfc062723c751e8b465ee728b) [PhysX] Initialized MultithreadedTaskDispatcher with 16 workers.
[PhysX] Initialized MultithreadedTaskDispatcher with 16 workers.
 -> (artifact id: '623ded8472a0a18f046b46f175d87dfc') in 0.020114 seconds
Number of updated asset objects reloaded before import = 0
Number of asset objects unloaded after import = 3
========================================================================
Received Import Request.
  Time since last request: 0.000022 seconds.
  path: Assets/Violet Theme Ui/White Icons/White Gem 1.png
  artifactKey: Guid(8cfc8996f86100140ba35ba4c4db25a3) Importer(815301076,1909f56bfc062723c751e8b465ee728b)
Start importing Assets/Violet Theme Ui/White Icons/White Gem 1.png using Guid(8cfc8996f86100140ba35ba4c4db25a3) Importer(815301076,1909f56bfc062723c751e8b465ee728b) [PhysX] Initialized MultithreadedTaskDispatcher with 16 workers.
[PhysX] Initialized MultithreadedTaskDispatcher with 16 workers.
 -> (artifact id: '6e3fa794a7971675cf90c4f5778a7062') in 0.037802 seconds
Number of updated asset objects reloaded before import = 0
Number of asset objects unloaded after import = 11
========================================================================
Received Import Request.
  Time since last request: 0.000027 seconds.
  path: Assets/Violet Theme Ui/White Icons/White Gem 2.png
  artifactKey: Guid(37d7ae99dc83d1d4887fb685af0baea7) Importer(815301076,1909f56bfc062723c751e8b465ee728b)
Start importing Assets/Violet Theme Ui/White Icons/White Gem 2.png using Guid(37d7ae99dc83d1d4887fb685af0baea7) Importer(815301076,1909f56bfc062723c751e8b465ee728b) [PhysX] Initialized MultithreadedTaskDispatcher with 16 workers.
[PhysX] Initialized MultithreadedTaskDispatcher with 16 workers.
 -> (artifact id: '9f2f978763d869ddc60882c7ed85989f') in 0.035452 seconds
Number of updated asset objects reloaded before import = 0
Number of asset objects unloaded after import = 10
========================================================================
Received Import Request.
  Time since last request: 0.457511 seconds.
  path: Assets/Violet Theme Ui/White Icons/White Google.png
  artifactKey: Guid(9378ca643c0815e47b5a52ea94f78f9b) Importer(815301076,1909f56bfc062723c751e8b465ee728b)
Start importing Assets/Violet Theme Ui/White Icons/White Google.png using Guid(9378ca643c0815e47b5a52ea94f78f9b) Importer(815301076,1909f56bfc062723c751e8b465ee728b) [PhysX] Initialized MultithreadedTaskDispatcher with 16 workers.
[PhysX] Initialized MultithreadedTaskDispatcher with 16 workers.
 -> (artifact id: 'cefd7bf578efca4d06560d6aa427cb31') in 0.018845 seconds
Number of updated asset objects reloaded before import = 0
Number of asset objects unloaded after import = 3
========================================================================
Received Import Request.
  Time since last request: 0.000020 seconds.
  path: Assets/Violet Theme Ui/White Icons/White Grenade.png
  artifactKey: Guid(13ac418459006ce48a3ce1fb7ca60c10) Importer(815301076,1909f56bfc062723c751e8b465ee728b)
Start importing Assets/Violet Theme Ui/White Icons/White Grenade.png using Guid(13ac418459006ce48a3ce1fb7ca60c10) Importer(815301076,1909f56bfc062723c751e8b465ee728b) [PhysX] Initialized MultithreadedTaskDispatcher with 16 workers.
[PhysX] Initialized MultithreadedTaskDispatcher with 16 workers.
 -> (artifact id: '8a5ecaf710ce907f3406133c29e87652') in 0.023822 seconds
Number of updated asset objects reloaded before import = 0
Number of asset objects unloaded after import = 5
========================================================================
Received Import Request.
  Time since last request: 0.000032 seconds.
  path: Assets/Violet Theme Ui/White Icons/White Gun.png
  artifactKey: Guid(9ce1a11ff7aa36e4b9ad5dacd8c016f8) Importer(815301076,1909f56bfc062723c751e8b465ee728b)
Start importing Assets/Violet Theme Ui/White Icons/White Gun.png using Guid(9ce1a11ff7aa36e4b9ad5dacd8c016f8) Importer(815301076,1909f56bfc062723c751e8b465ee728b) [PhysX] Initialized MultithreadedTaskDispatcher with 16 workers.
[PhysX] Initialized MultithreadedTaskDispatcher with 16 workers.
 -> (artifact id: '9bccffb88959658679cc56f8ea1a5b3c') in 0.070258 seconds
Number of updated asset objects reloaded before import = 0
Number of asset objects unloaded after import = 3
========================================================================
Received Import Request.
  Time since last request: 0.000021 seconds.
  path: Assets/Violet Theme Ui/White Icons/White Headphones.png
  artifactKey: Guid(9113aaade7275c84e8db8940dba1186a) Importer(815301076,1909f56bfc062723c751e8b465ee728b)
Start importing Assets/Violet Theme Ui/White Icons/White Headphones.png using Guid(9113aaade7275c84e8db8940dba1186a) Importer(815301076,1909f56bfc062723c751e8b465ee728b) [PhysX] Initialized MultithreadedTaskDispatcher with 16 workers.
[PhysX] Initialized MultithreadedTaskDispatcher with 16 workers.
 -> (artifact id: 'faea5194c7092ca05bd9d9c8b70d32ff') in 0.020413 seconds
Number of updated asset objects reloaded before import = 0
Number of asset objects unloaded after import = 5
========================================================================
Received Import Request.
  Time since last request: 0.000018 seconds.
  path: Assets/Violet Theme Ui/White Icons/White Heart 3.png
  artifactKey: Guid(bf639a8b395e4244fa65b8b12a3dd8f5) Importer(815301076,1909f56bfc062723c751e8b465ee728b)
Start importing Assets/Violet Theme Ui/White Icons/White Heart 3.png using Guid(bf639a8b395e4244fa65b8b12a3dd8f5) Importer(815301076,1909f56bfc062723c751e8b465ee728b) [PhysX] Initialized MultithreadedTaskDispatcher with 16 workers.
[PhysX] Initialized MultithreadedTaskDispatcher with 16 workers.
 -> (artifact id: '1d954365fe299278be5c354b882fc76b') in 0.023550 seconds
Number of updated asset objects reloaded before import = 0
Number of asset objects unloaded after import = 3
========================================================================
Received Import Request.
  Time since last request: 0.000020 seconds.
  path: Assets/Violet Theme Ui/White Icons/White Helmet.png
  artifactKey: Guid(182c0bef1c06ce94ba376bb88f2fa968) Importer(815301076,1909f56bfc062723c751e8b465ee728b)
Start importing Assets/Violet Theme Ui/White Icons/White Helmet.png using Guid(182c0bef1c06ce94ba376bb88f2fa968) Importer(815301076,1909f56bfc062723c751e8b465ee728b) [PhysX] Initialized MultithreadedTaskDispatcher with 16 workers.
[PhysX] Initialized MultithreadedTaskDispatcher with 16 workers.
 -> (artifact id: '00185e765f0530a57ff0e5f63ed1bb64') in 0.018752 seconds
Number of updated asset objects reloaded before import = 0
Number of asset objects unloaded after import = 3
========================================================================
Received Import Request.
  Time since last request: 0.000031 seconds.
  path: Assets/Violet Theme Ui/White Icons/White Home 3.png
  artifactKey: Guid(14b98b7c72e2b9c45bdedc8ad103da84) Importer(815301076,1909f56bfc062723c751e8b465ee728b)
Start importing Assets/Violet Theme Ui/White Icons/White Home 3.png using Guid(14b98b7c72e2b9c45bdedc8ad103da84) Importer(815301076,1909f56bfc062723c751e8b465ee728b) [PhysX] Initialized MultithreadedTaskDispatcher with 16 workers.
[PhysX] Initialized MultithreadedTaskDispatcher with 16 workers.
 -> (artifact id: '1232695ce739374fba35cc0d0c8f8721') in 0.020649 seconds
Number of updated asset objects reloaded before import = 0
Number of asset objects unloaded after import = 3
========================================================================
Received Import Request.
  Time since last request: 1.936480 seconds.
  path: Assets/Violet Theme Ui/White Icons/White ID.png
  artifactKey: Guid(3c2f0d6381150ac409a8a545cbf26ed4) Importer(815301076,1909f56bfc062723c751e8b465ee728b)
Start importing Assets/Violet Theme Ui/White Icons/White ID.png using Guid(3c2f0d6381150ac409a8a545cbf26ed4) Importer(815301076,1909f56bfc062723c751e8b465ee728b) [PhysX] Initialized MultithreadedTaskDispatcher with 16 workers.
[PhysX] Initialized MultithreadedTaskDispatcher with 16 workers.
 -> (artifact id: 'f427fe60785fc232ceb1877e6d065c6f') in 0.025428 seconds
Number of updated asset objects reloaded before import = 0
Number of asset objects unloaded after import = 3
========================================================================
Received Import Request.
  Time since last request: 0.000021 seconds.
  path: Assets/Violet Theme Ui/White Icons/White Information.png
  artifactKey: Guid(7ed4c93d3afd02545b55f22fda5c1a6b) Importer(815301076,1909f56bfc062723c751e8b465ee728b)
Start importing Assets/Violet Theme Ui/White Icons/White Information.png using Guid(7ed4c93d3afd02545b55f22fda5c1a6b) Importer(815301076,1909f56bfc062723c751e8b465ee728b) [PhysX] Initialized MultithreadedTaskDispatcher with 16 workers.
[PhysX] Initialized MultithreadedTaskDispatcher with 16 workers.
 -> (artifact id: '0a62a030677979838d4a09cb07c0b0e8') in 0.023577 seconds
Number of updated asset objects reloaded before import = 0
Number of asset objects unloaded after import = 4
========================================================================
Received Import Request.
  Time since last request: 0.044909 seconds.
  path: Assets/Violet Theme Ui/White Icons/White Leaf.png
  artifactKey: Guid(ef1d324cdfb2c7c45bd0608627a53812) Importer(815301076,1909f56bfc062723c751e8b465ee728b)
Start importing Assets/Violet Theme Ui/White Icons/White Leaf.png using Guid(ef1d324cdfb2c7c45bd0608627a53812) Importer(815301076,1909f56bfc062723c751e8b465ee728b) [PhysX] Initialized MultithreadedTaskDispatcher with 16 workers.
[PhysX] Initialized MultithreadedTaskDispatcher with 16 workers.
 -> (artifact id: 'b03492d181cfd2c4a8d1497e5292da27') in 0.017017 seconds
Number of updated asset objects reloaded before import = 0
Number of asset objects unloaded after import = 3
========================================================================
Received Import Request.
  Time since last request: 0.061972 seconds.
  path: Assets/Violet Theme Ui/White Icons/White Link.png
  artifactKey: Guid(163d8191d078f444c8bf993f6dd66b3b) Importer(815301076,1909f56bfc062723c751e8b465ee728b)
Start importing Assets/Violet Theme Ui/White Icons/White Link.png using Guid(163d8191d078f444c8bf993f6dd66b3b) Importer(815301076,1909f56bfc062723c751e8b465ee728b) [PhysX] Initialized MultithreadedTaskDispatcher with 16 workers.
[PhysX] Initialized MultithreadedTaskDispatcher with 16 workers.
 -> (artifact id: 'aed168ae704d495316052c1a3baa3e92') in 0.048298 seconds
Number of updated asset objects reloaded before import = 0
Number of asset objects unloaded after import = 4
========================================================================
Received Import Request.
  Time since last request: 0.239363 seconds.
  path: Assets/Violet Theme Ui/White Icons/White Magnet.png
  artifactKey: Guid(8cfada4c89eaa6c4685c523b514b7796) Importer(815301076,1909f56bfc062723c751e8b465ee728b)
Start importing Assets/Violet Theme Ui/White Icons/White Magnet.png using Guid(8cfada4c89eaa6c4685c523b514b7796) Importer(815301076,1909f56bfc062723c751e8b465ee728b) [PhysX] Initialized MultithreadedTaskDispatcher with 16 workers.
[PhysX] Initialized MultithreadedTaskDispatcher with 16 workers.
 -> (artifact id: '1e07c71e9ad55b11d056665b8f57418e') in 0.025043 seconds
Number of updated asset objects reloaded before import = 0
Number of asset objects unloaded after import = 5
========================================================================
Received Import Request.
  Time since last request: 0.025809 seconds.
  path: Assets/Violet Theme Ui/White Icons/White Media Folder.png
  artifactKey: Guid(bf78ce1422e4ea34e836ecc1fee84291) Importer(815301076,1909f56bfc062723c751e8b465ee728b)
Start importing Assets/Violet Theme Ui/White Icons/White Media Folder.png using Guid(bf78ce1422e4ea34e836ecc1fee84291) Importer(815301076,1909f56bfc062723c751e8b465ee728b) [PhysX] Initialized MultithreadedTaskDispatcher with 16 workers.
[PhysX] Initialized MultithreadedTaskDispatcher with 16 workers.
 -> (artifact id: 'd6b06765ed42ed536e4c97810c3a93d2') in 0.017100 seconds
Number of updated asset objects reloaded before import = 0
Number of asset objects unloaded after import = 3
========================================================================
Received Import Request.
  Time since last request: 0.363085 seconds.
  path: Assets/Violet Theme Ui/White Icons/White Message.png
  artifactKey: Guid(d032ff88ecf591b4cbf3e791f3769181) Importer(815301076,1909f56bfc062723c751e8b465ee728b)
Start importing Assets/Violet Theme Ui/White Icons/White Message.png using Guid(d032ff88ecf591b4cbf3e791f3769181) Importer(815301076,1909f56bfc062723c751e8b465ee728b) [PhysX] Initialized MultithreadedTaskDispatcher with 16 workers.
[PhysX] Initialized MultithreadedTaskDispatcher with 16 workers.
 -> (artifact id: '1bd075bd664b09546264990d93adedf7') in 0.017246 seconds
Number of updated asset objects reloaded before import = 0
Number of asset objects unloaded after import = 3
========================================================================
Received Import Request.
  Time since last request: 0.054060 seconds.
  path: Assets/Violet Theme Ui/White Icons/White Moon.png
  artifactKey: Guid(6afb8f05a36f1864a81cc7ca47557978) Importer(815301076,1909f56bfc062723c751e8b465ee728b)
Start importing Assets/Violet Theme Ui/White Icons/White Moon.png using Guid(6afb8f05a36f1864a81cc7ca47557978) Importer(815301076,1909f56bfc062723c751e8b465ee728b) [PhysX] Initialized MultithreadedTaskDispatcher with 16 workers.
[PhysX] Initialized MultithreadedTaskDispatcher with 16 workers.
 -> (artifact id: 'fab3725c0bf456ed42ae7b7dfd9c3e4d') in 0.017433 seconds
Number of updated asset objects reloaded before import = 0
Number of asset objects unloaded after import = 3
========================================================================
Received Import Request.
  Time since last request: 0.012059 seconds.
  path: Assets/Violet Theme Ui/White Icons/White Move LeftRight.png
  artifactKey: Guid(2e885d607179f424baafbef88f29e8cb) Importer(815301076,1909f56bfc062723c751e8b465ee728b)
Start importing Assets/Violet Theme Ui/White Icons/White Move LeftRight.png using Guid(2e885d607179f424baafbef88f29e8cb) Importer(815301076,1909f56bfc062723c751e8b465ee728b) [PhysX] Initialized MultithreadedTaskDispatcher with 16 workers.
[PhysX] Initialized MultithreadedTaskDispatcher with 16 workers.
 -> (artifact id: '3ec1eaa2efca0e213c87713cd2ae0689') in 0.021249 seconds
Number of updated asset objects reloaded before import = 0
Number of asset objects unloaded after import = 4
========================================================================
Received Import Request.
  Time since last request: 0.008644 seconds.
  path: Assets/Violet Theme Ui/White Icons/White Music Note.png
  artifactKey: Guid(aafe206e453ce574c8cd57550e98da0c) Importer(815301076,1909f56bfc062723c751e8b465ee728b)
Start importing Assets/Violet Theme Ui/White Icons/White Music Note.png using Guid(aafe206e453ce574c8cd57550e98da0c) Importer(815301076,1909f56bfc062723c751e8b465ee728b) [PhysX] Initialized MultithreadedTaskDispatcher with 16 workers.
[PhysX] Initialized MultithreadedTaskDispatcher with 16 workers.
 -> (artifact id: '6aaa4152be3afcc2b5ff889e8e157676') in 0.018217 seconds
Number of updated asset objects reloaded before import = 0
Number of asset objects unloaded after import = 3
========================================================================
Received Import Request.
  Time since last request: 0.049795 seconds.
  path: Assets/Violet Theme Ui/White Icons/White Number Sign.png
  artifactKey: Guid(8d4e5c67b99afd5449e950322516ba1c) Importer(815301076,1909f56bfc062723c751e8b465ee728b)
Start importing Assets/Violet Theme Ui/White Icons/White Number Sign.png using Guid(8d4e5c67b99afd5449e950322516ba1c) Importer(815301076,1909f56bfc062723c751e8b465ee728b) [PhysX] Initialized MultithreadedTaskDispatcher with 16 workers.
[PhysX] Initialized MultithreadedTaskDispatcher with 16 workers.
 -> (artifact id: '2bb00f20555cdde1f68b91337fb70ca1') in 0.017632 seconds
Number of updated asset objects reloaded before import = 0
Number of asset objects unloaded after import = 3
========================================================================
Received Import Request.
  Time since last request: 0.002666 seconds.
  path: Assets/Violet Theme Ui/Panels/White Panel Blue.png
  artifactKey: Guid(1a0826b925ea56842b7027ed1df8df4b) Importer(815301076,1909f56bfc062723c751e8b465ee728b)
Start importing Assets/Violet Theme Ui/Panels/White Panel Blue.png using Guid(1a0826b925ea56842b7027ed1df8df4b) Importer(815301076,1909f56bfc062723c751e8b465ee728b) [PhysX] Initialized MultithreadedTaskDispatcher with 16 workers.
[PhysX] Initialized MultithreadedTaskDispatcher with 16 workers.
 -> (artifact id: 'dd2179e0e99c4f12256d39195caf78e3') in 0.032825 seconds
Number of updated asset objects reloaded before import = 0
Number of asset objects unloaded after import = 3
========================================================================
Received Import Request.
  Time since last request: 0.170632 seconds.
  path: Assets/Violet Theme Ui/Panels/White Panel Red.png
  artifactKey: Guid(a9af6f756a1fd544cb3e5fa671ffc232) Importer(815301076,1909f56bfc062723c751e8b465ee728b)
Start importing Assets/Violet Theme Ui/Panels/White Panel Red.png using Guid(a9af6f756a1fd544cb3e5fa671ffc232) Importer(815301076,1909f56bfc062723c751e8b465ee728b) [PhysX] Initialized MultithreadedTaskDispatcher with 16 workers.
[PhysX] Initialized MultithreadedTaskDispatcher with 16 workers.
 -> (artifact id: 'f916c07f23c6335d10a12f914a661d0e') in 0.030953 seconds
Number of updated asset objects reloaded before import = 0
Number of asset objects unloaded after import = 3
========================================================================
Received Import Request.
  Time since last request: 0.000681 seconds.
  path: Assets/Violet Theme Ui/Panels/White Panel Style 2 purple.png
  artifactKey: Guid(c5442373b3b85274aab549187ebb01b5) Importer(815301076,1909f56bfc062723c751e8b465ee728b)
Start importing Assets/Violet Theme Ui/Panels/White Panel Style 2 purple.png using Guid(c5442373b3b85274aab549187ebb01b5) Importer(815301076,1909f56bfc062723c751e8b465ee728b) [PhysX] Initialized MultithreadedTaskDispatcher with 16 workers.
[PhysX] Initialized MultithreadedTaskDispatcher with 16 workers.
 -> (artifact id: '37fc947d7f3823a35d4d0d505b03539e') in 0.030312 seconds
Number of updated asset objects reloaded before import = 0
Number of asset objects unloaded after import = 3
========================================================================
Received Import Request.
  Time since last request: 0.000022 seconds.
  path: Assets/Violet Theme Ui/Panels/White Panel Style 2 Yellow.png
  artifactKey: Guid(5e96e999e9b00ad47b822255c5a34ab5) Importer(815301076,1909f56bfc062723c751e8b465ee728b)
Start importing Assets/Violet Theme Ui/Panels/White Panel Style 2 Yellow.png using Guid(5e96e999e9b00ad47b822255c5a34ab5) Importer(815301076,1909f56bfc062723c751e8b465ee728b) [PhysX] Initialized MultithreadedTaskDispatcher with 16 workers.
[PhysX] Initialized MultithreadedTaskDispatcher with 16 workers.
 -> (artifact id: '368ff892fbdf6fb7049e48e7254ab88f') in 0.027628 seconds
Number of updated asset objects reloaded before import = 0
Number of asset objects unloaded after import = 3
========================================================================
Received Import Request.
  Time since last request: 0.015411 seconds.
  path: Assets/Violet Theme Ui/Panels/White Panel Yellow.png
  artifactKey: Guid(8881b55d27a421e40912e51f02f4791f) Importer(815301076,1909f56bfc062723c751e8b465ee728b)
Start importing Assets/Violet Theme Ui/Panels/White Panel Yellow.png using Guid(8881b55d27a421e40912e51f02f4791f) Importer(815301076,1909f56bfc062723c751e8b465ee728b) [PhysX] Initialized MultithreadedTaskDispatcher with 16 workers.
[PhysX] Initialized MultithreadedTaskDispatcher with 16 workers.
 -> (artifact id: 'db064080e920710f7b79f72017ea3baa') in 0.022984 seconds
Number of updated asset objects reloaded before import = 0
Number of asset objects unloaded after import = 3
========================================================================
Received Import Request.
  Time since last request: 0.010060 seconds.
  path: Assets/Violet Theme Ui/White Icons/White Paws.png
  artifactKey: Guid(84405b5e66bad994594325963d83e9b5) Importer(815301076,1909f56bfc062723c751e8b465ee728b)
Start importing Assets/Violet Theme Ui/White Icons/White Paws.png using Guid(84405b5e66bad994594325963d83e9b5) Importer(815301076,1909f56bfc062723c751e8b465ee728b) [PhysX] Initialized MultithreadedTaskDispatcher with 16 workers.
[PhysX] Initialized MultithreadedTaskDispatcher with 16 workers.
 -> (artifact id: 'bf11cd3f309375256b5d6e68b30f78fd') in 0.029801 seconds
Number of updated asset objects reloaded before import = 0
Number of asset objects unloaded after import = 7
========================================================================
Received Import Request.
  Time since last request: 0.772285 seconds.
  path: Assets/Violet Theme Ui/White Icons/White Pen.png
  artifactKey: Guid(936e454885c3e2145b35d3f1288d05aa) Importer(815301076,1909f56bfc062723c751e8b465ee728b)
Start importing Assets/Violet Theme Ui/White Icons/White Pen.png using Guid(936e454885c3e2145b35d3f1288d05aa) Importer(815301076,1909f56bfc062723c751e8b465ee728b) [PhysX] Initialized MultithreadedTaskDispatcher with 16 workers.
[PhysX] Initialized MultithreadedTaskDispatcher with 16 workers.
 -> (artifact id: '5ba8337f164dff38b077ee96e37db704') in 0.018707 seconds
Number of updated asset objects reloaded before import = 0
Number of asset objects unloaded after import = 4
========================================================================
Received Import Request.
  Time since last request: 0.007718 seconds.
  path: Assets/Violet Theme Ui/White Icons/White Phone.png
  artifactKey: Guid(b07719375d8868648971f3df7c96b6bc) Importer(815301076,1909f56bfc062723c751e8b465ee728b)
Start importing Assets/Violet Theme Ui/White Icons/White Phone.png using Guid(b07719375d8868648971f3df7c96b6bc) Importer(815301076,1909f56bfc062723c751e8b465ee728b) [PhysX] Initialized MultithreadedTaskDispatcher with 16 workers.
[PhysX] Initialized MultithreadedTaskDispatcher with 16 workers.
 -> (artifact id: '743a68d78c0f54aa7fde8109b7fcb48b') in 0.016698 seconds
Number of updated asset objects reloaded before import = 0
Number of asset objects unloaded after import = 3
========================================================================
Received Import Request.
  Time since last request: 1.814459 seconds.
  path: Assets/Violet Theme Ui/White Icons/White Planet.png
  artifactKey: Guid(a6ee27f83200c8c42b308dd9b14ab21a) Importer(815301076,1909f56bfc062723c751e8b465ee728b)
Start importing Assets/Violet Theme Ui/White Icons/White Planet.png using Guid(a6ee27f83200c8c42b308dd9b14ab21a) Importer(815301076,1909f56bfc062723c751e8b465ee728b) [PhysX] Initialized MultithreadedTaskDispatcher with 16 workers.
[PhysX] Initialized MultithreadedTaskDispatcher with 16 workers.
 -> (artifact id: '7dfd08dca792485afdd7aae1821b97e8') in 0.022828 seconds
Number of updated asset objects reloaded before import = 0
Number of asset objects unloaded after import = 5
========================================================================
Received Import Request.
  Time since last request: 0.038903 seconds.
  path: Assets/Violet Theme Ui/White Icons/White Plus 2.png
  artifactKey: Guid(a134bef9b57e6a041956476f631a3856) Importer(815301076,1909f56bfc062723c751e8b465ee728b)
Start importing Assets/Violet Theme Ui/White Icons/White Plus 2.png using Guid(a134bef9b57e6a041956476f631a3856) Importer(815301076,1909f56bfc062723c751e8b465ee728b) [PhysX] Initialized MultithreadedTaskDispatcher with 16 workers.
[PhysX] Initialized MultithreadedTaskDispatcher with 16 workers.
 -> (artifact id: '142434ee5666934a5dee6a5a7722ee23') in 0.016518 seconds
Number of updated asset objects reloaded before import = 0
Number of asset objects unloaded after import = 3
========================================================================
Received Import Request.
  Time since last request: 0.011282 seconds.
  path: Assets/Violet Theme Ui/White Icons/White Potion 1.png
  artifactKey: Guid(0f4822a250166e94aaf8a8daaaa7c170) Importer(815301076,1909f56bfc062723c751e8b465ee728b)
Start importing Assets/Violet Theme Ui/White Icons/White Potion 1.png using Guid(0f4822a250166e94aaf8a8daaaa7c170) Importer(815301076,1909f56bfc062723c751e8b465ee728b) [PhysX] Initialized MultithreadedTaskDispatcher with 16 workers.
[PhysX] Initialized MultithreadedTaskDispatcher with 16 workers.
 -> (artifact id: '64d43c5d4d23842761f6764d61459bdd') in 0.019706 seconds
Number of updated asset objects reloaded before import = 0
Number of asset objects unloaded after import = 4
========================================================================
Received Import Request.
  Time since last request: 0.060130 seconds.
  path: Assets/Violet Theme Ui/White Icons/White Power Button.png
  artifactKey: Guid(e3f607666c913c045844df458b85726a) Importer(815301076,1909f56bfc062723c751e8b465ee728b)
Start importing Assets/Violet Theme Ui/White Icons/White Power Button.png using Guid(e3f607666c913c045844df458b85726a) Importer(815301076,1909f56bfc062723c751e8b465ee728b) [PhysX] Initialized MultithreadedTaskDispatcher with 16 workers.
[PhysX] Initialized MultithreadedTaskDispatcher with 16 workers.
 -> (artifact id: '2c2a3ef1ded03d1c6837bc0e9a8301b1') in 0.022330 seconds
Number of updated asset objects reloaded before import = 0
Number of asset objects unloaded after import = 4
========================================================================
Received Import Request.
  Time since last request: 0.193946 seconds.
  path: Assets/Violet Theme Ui/White Icons/White Queen.png
  artifactKey: Guid(e37d5fd01420f654a8b821953b2d053b) Importer(815301076,1909f56bfc062723c751e8b465ee728b)
Start importing Assets/Violet Theme Ui/White Icons/White Queen.png using Guid(e37d5fd01420f654a8b821953b2d053b) Importer(815301076,1909f56bfc062723c751e8b465ee728b) [PhysX] Initialized MultithreadedTaskDispatcher with 16 workers.
[PhysX] Initialized MultithreadedTaskDispatcher with 16 workers.
 -> (artifact id: '9e649bccdadbafca55475d5643668e6d') in 0.022078 seconds
Number of updated asset objects reloaded before import = 0
Number of asset objects unloaded after import = 5
========================================================================
Received Import Request.
  Time since last request: 0.051419 seconds.
  path: Assets/Violet Theme Ui/White Icons/White Ranking.png
  artifactKey: Guid(2d80ca6083f79244da972b17fdd5ec52) Importer(815301076,1909f56bfc062723c751e8b465ee728b)
Start importing Assets/Violet Theme Ui/White Icons/White Ranking.png using Guid(2d80ca6083f79244da972b17fdd5ec52) Importer(815301076,1909f56bfc062723c751e8b465ee728b) [PhysX] Initialized MultithreadedTaskDispatcher with 16 workers.
[PhysX] Initialized MultithreadedTaskDispatcher with 16 workers.
 -> (artifact id: 'cf78da2e346d21593856f36ca4aa61d1') in 0.018201 seconds
Number of updated asset objects reloaded before import = 0
Number of asset objects unloaded after import = 3
========================================================================
Received Import Request.
  Time since last request: 0.009573 seconds.
  path: Assets/Violet Theme Ui/White Icons/White Ribbon 3.png
  artifactKey: Guid(6e8fe1c11cb1c8848a9d7b02b1cfe3c7) Importer(815301076,1909f56bfc062723c751e8b465ee728b)
Start importing Assets/Violet Theme Ui/White Icons/White Ribbon 3.png using Guid(6e8fe1c11cb1c8848a9d7b02b1cfe3c7) Importer(815301076,1909f56bfc062723c751e8b465ee728b) [PhysX] Initialized MultithreadedTaskDispatcher with 16 workers.
[PhysX] Initialized MultithreadedTaskDispatcher with 16 workers.
 -> (artifact id: 'f89fca30a119b5871cfbe3f5326948c7') in 0.030223 seconds
Number of updated asset objects reloaded before import = 0
Number of asset objects unloaded after import = 6
========================================================================
Received Import Request.
  Time since last request: 0.261921 seconds.
  path: Assets/Violet Theme Ui/White Icons/White Sad 1.png
  artifactKey: Guid(568350414cfbb984bb3baec6a1d2e48a) Importer(815301076,1909f56bfc062723c751e8b465ee728b)
Start importing Assets/Violet Theme Ui/White Icons/White Sad 1.png using Guid(568350414cfbb984bb3baec6a1d2e48a) Importer(815301076,1909f56bfc062723c751e8b465ee728b) [PhysX] Initialized MultithreadedTaskDispatcher with 16 workers.
[PhysX] Initialized MultithreadedTaskDispatcher with 16 workers.
 -> (artifact id: 'abf62320bcdd414b5cecea5f416381af') in 0.016664 seconds
Number of updated asset objects reloaded before import = 0
Number of asset objects unloaded after import = 3
========================================================================
Received Import Request.
  Time since last request: 0.009174 seconds.
  path: Assets/Violet Theme Ui/White Icons/White ScrewDriver.png
  artifactKey: Guid(37d42bdd4ef2cf646834aec0bdc1609b) Importer(815301076,1909f56bfc062723c751e8b465ee728b)
Start importing Assets/Violet Theme Ui/White Icons/White ScrewDriver.png using Guid(37d42bdd4ef2cf646834aec0bdc1609b) Importer(815301076,1909f56bfc062723c751e8b465ee728b) [PhysX] Initialized MultithreadedTaskDispatcher with 16 workers.
[PhysX] Initialized MultithreadedTaskDispatcher with 16 workers.
 -> (artifact id: '7ceba0e9caa99b6885a7b93537eac90b') in 0.018649 seconds
Number of updated asset objects reloaded before import = 0
Number of asset objects unloaded after import = 3
========================================================================
Received Import Request.
  Time since last request: 0.038582 seconds.
  path: Assets/Violet Theme Ui/White Icons/White Select 3.png
  artifactKey: Guid(bba1829bfb698e5498c4c891bb8cf9a4) Importer(815301076,1909f56bfc062723c751e8b465ee728b)
Start importing Assets/Violet Theme Ui/White Icons/White Select 3.png using Guid(bba1829bfb698e5498c4c891bb8cf9a4) Importer(815301076,1909f56bfc062723c751e8b465ee728b) [PhysX] Initialized MultithreadedTaskDispatcher with 16 workers.
[PhysX] Initialized MultithreadedTaskDispatcher with 16 workers.
 -> (artifact id: 'b366fb6b17d95f1e948fd234cb3b5a12') in 0.036305 seconds
Number of updated asset objects reloaded before import = 0
Number of asset objects unloaded after import = 11
========================================================================
Received Import Request.
  Time since last request: 0.274352 seconds.
  path: Assets/Violet Theme Ui/White Icons/White Shield 1.png
  artifactKey: Guid(247317e5e362b92489f2c513aa2657d2) Importer(815301076,1909f56bfc062723c751e8b465ee728b)
Start importing Assets/Violet Theme Ui/White Icons/White Shield 1.png using Guid(247317e5e362b92489f2c513aa2657d2) Importer(815301076,1909f56bfc062723c751e8b465ee728b) [PhysX] Initialized MultithreadedTaskDispatcher with 16 workers.
[PhysX] Initialized MultithreadedTaskDispatcher with 16 workers.
 -> (artifact id: '3468ffd4dac477126d8cdaa635da37ea') in 0.018599 seconds
Number of updated asset objects reloaded before import = 0
Number of asset objects unloaded after import = 3
========================================================================
Received Import Request.
  Time since last request: 0.057118 seconds.
  path: Assets/Violet Theme Ui/White Icons/White Site On.png
  artifactKey: Guid(b91b68e88242f584d937d37a18407e46) Importer(815301076,1909f56bfc062723c751e8b465ee728b)
Start importing Assets/Violet Theme Ui/White Icons/White Site On.png using Guid(b91b68e88242f584d937d37a18407e46) Importer(815301076,1909f56bfc062723c751e8b465ee728b) [PhysX] Initialized MultithreadedTaskDispatcher with 16 workers.
[PhysX] Initialized MultithreadedTaskDispatcher with 16 workers.
 -> (artifact id: 'afc11b73b0230aeb3d0ca17ffbc45acd') in 0.016939 seconds
Number of updated asset objects reloaded before import = 0
Number of asset objects unloaded after import = 3
========================================================================
Received Import Request.
  Time since last request: 0.010707 seconds.
  path: Assets/Violet Theme Ui/White Icons/White Sleep.png
  artifactKey: Guid(21971abefc33c5640808902ba497b6d7) Importer(815301076,1909f56bfc062723c751e8b465ee728b)
Start importing Assets/Violet Theme Ui/White Icons/White Sleep.png using Guid(21971abefc33c5640808902ba497b6d7) Importer(815301076,1909f56bfc062723c751e8b465ee728b) [PhysX] Initialized MultithreadedTaskDispatcher with 16 workers.
[PhysX] Initialized MultithreadedTaskDispatcher with 16 workers.
 -> (artifact id: 'abca4dbb66d04df19a9102a706ec600f') in 0.024301 seconds
Number of updated asset objects reloaded before import = 0
Number of asset objects unloaded after import = 5
========================================================================
Received Import Request.
  Time since last request: 0.326069 seconds.
  path: Assets/Violet Theme Ui/White Icons/White Smiley.png
  artifactKey: Guid(90739a27925bee2468e4a7d50c6dfea7) Importer(815301076,1909f56bfc062723c751e8b465ee728b)
Start importing Assets/Violet Theme Ui/White Icons/White Smiley.png using Guid(90739a27925bee2468e4a7d50c6dfea7) Importer(815301076,1909f56bfc062723c751e8b465ee728b) [PhysX] Initialized MultithreadedTaskDispatcher with 16 workers.
[PhysX] Initialized MultithreadedTaskDispatcher with 16 workers.
 -> (artifact id: '369dc4f70a0be0c05a7ce87371c870a6') in 0.017549 seconds
Number of updated asset objects reloaded before import = 0
Number of asset objects unloaded after import = 3
========================================================================
Received Import Request.
  Time since last request: 0.002731 seconds.
  path: Assets/Violet Theme Ui/White Icons/White Snow.png
  artifactKey: Guid(4ca4131db50a5f042aab2fb63aa1a2c4) Importer(815301076,1909f56bfc062723c751e8b465ee728b)
Start importing Assets/Violet Theme Ui/White Icons/White Snow.png using Guid(4ca4131db50a5f042aab2fb63aa1a2c4) Importer(815301076,1909f56bfc062723c751e8b465ee728b) [PhysX] Initialized MultithreadedTaskDispatcher with 16 workers.
[PhysX] Initialized MultithreadedTaskDispatcher with 16 workers.
 -> (artifact id: 'c025b7227f5c6b4f16d28eaac68a9733') in 0.019035 seconds
Number of updated asset objects reloaded before import = 0
Number of asset objects unloaded after import = 3
========================================================================
Received Import Request.
  Time since last request: 0.035115 seconds.
  path: Assets/Violet Theme Ui/White Icons/White Sound Off 2.png
  artifactKey: Guid(623df017cd9375c49946605e46d06755) Importer(815301076,1909f56bfc062723c751e8b465ee728b)
Start importing Assets/Violet Theme Ui/White Icons/White Sound Off 2.png using Guid(623df017cd9375c49946605e46d06755) Importer(815301076,1909f56bfc062723c751e8b465ee728b) [PhysX] Initialized MultithreadedTaskDispatcher with 16 workers.
[PhysX] Initialized MultithreadedTaskDispatcher with 16 workers.
 -> (artifact id: '073f9e8436e1e9e226025ffb2c81a568') in 0.025931 seconds
Number of updated asset objects reloaded before import = 0
Number of asset objects unloaded after import = 5
========================================================================
Received Import Request.
  Time since last request: 0.265472 seconds.
  path: Assets/Violet Theme Ui/White Icons/White Speed Boost.png
  artifactKey: Guid(ddfd377d8ac37ba42bae81d835ec4a37) Importer(815301076,1909f56bfc062723c751e8b465ee728b)
Start importing Assets/Violet Theme Ui/White Icons/White Speed Boost.png using Guid(ddfd377d8ac37ba42bae81d835ec4a37) Importer(815301076,1909f56bfc062723c751e8b465ee728b) [PhysX] Initialized MultithreadedTaskDispatcher with 16 workers.
[PhysX] Initialized MultithreadedTaskDispatcher with 16 workers.
 -> (artifact id: '3e061269c668b9c113b6f10b37258554') in 0.036941 seconds
Number of updated asset objects reloaded before import = 0
Number of asset objects unloaded after import = 11
========================================================================
Received Import Request.
  Time since last request: 0.000018 seconds.
  path: Assets/Violet Theme Ui/White Icons/White Star Hollow.png
  artifactKey: Guid(18a6346ad00e33e449b41c4e27c46ff0) Importer(815301076,1909f56bfc062723c751e8b465ee728b)
Start importing Assets/Violet Theme Ui/White Icons/White Star Hollow.png using Guid(18a6346ad00e33e449b41c4e27c46ff0) Importer(815301076,1909f56bfc062723c751e8b465ee728b) [PhysX] Initialized MultithreadedTaskDispatcher with 16 workers.
[PhysX] Initialized MultithreadedTaskDispatcher with 16 workers.
 -> (artifact id: 'a39560c55031ef77f8748451870f608a') in 0.017677 seconds
Number of updated asset objects reloaded before import = 0
Number of asset objects unloaded after import = 3
========================================================================
Received Import Request.
  Time since last request: 0.047135 seconds.
  path: Assets/Violet Theme Ui/White Icons/White Strength Up.png
  artifactKey: Guid(c7f7e48003ef85848ac21f69ee4d7af0) Importer(815301076,1909f56bfc062723c751e8b465ee728b)
Start importing Assets/Violet Theme Ui/White Icons/White Strength Up.png using Guid(c7f7e48003ef85848ac21f69ee4d7af0) Importer(815301076,1909f56bfc062723c751e8b465ee728b) [PhysX] Initialized MultithreadedTaskDispatcher with 16 workers.
[PhysX] Initialized MultithreadedTaskDispatcher with 16 workers.
 -> (artifact id: 'd80cd6d37dc3dcbcd45d15bcf1d86bb0') in 0.016927 seconds
Number of updated asset objects reloaded before import = 0
Number of asset objects unloaded after import = 3
========================================================================
Received Import Request.
  Time since last request: 0.047679 seconds.
  path: Assets/Violet Theme Ui/White Icons/White Symbol 1.png
  artifactKey: Guid(476be7b2ecf6108439f4edbc952a7eab) Importer(815301076,1909f56bfc062723c751e8b465ee728b)
Start importing Assets/Violet Theme Ui/White Icons/White Symbol 1.png using Guid(476be7b2ecf6108439f4edbc952a7eab) Importer(815301076,1909f56bfc062723c751e8b465ee728b) [PhysX] Initialized MultithreadedTaskDispatcher with 16 workers.
[PhysX] Initialized MultithreadedTaskDispatcher with 16 workers.
 -> (artifact id: '8bffd921f388c4ef7dfadaa226bb9962') in 0.041002 seconds
Number of updated asset objects reloaded before import = 0
Number of asset objects unloaded after import = 11
========================================================================
Received Prepare
Caller must complete domain reload
Begin MonoManager ReloadAssembly
- Loaded All Assemblies, in  0.377 seconds
Native extension for WindowsStandalone target not found
Mono: successfully reloaded assembly
- Finished resetting the current domain, in  1.039 seconds
Domain Reload Profiling: 1416ms
	BeginReloadAssembly (129ms)
		ExecutionOrderSort (0ms)
		DisableScriptedObjects (9ms)
		BackupInstance (0ms)
		ReleaseScriptingObjects (0ms)
		CreateAndSetChildDomain (36ms)
	RebuildCommonClasses (24ms)
	RebuildNativeTypeToScriptingClass (8ms)
	initialDomainReloadingComplete (20ms)
	LoadAllAssembliesAndSetupDomain (195ms)
		LoadAssemblies (239ms)
		RebuildTransferFunctionScriptingTraits (0ms)
		AnalyzeDomain (16ms)
			TypeCache.Refresh (5ms)
				TypeCache.ScanAssembly (0ms)
			ScanForSourceGeneratedMonoScriptInfo (0ms)
			ResolveRequiredComponents (9ms)
	FinalizeReload (1040ms)
		ReleaseScriptCaches (0ms)
		RebuildScriptCaches (0ms)
		SetupLoadedEditorAssemblies (453ms)
			LogAssemblyErrors (0ms)
			InitializePlatformSupportModulesInManaged (4ms)
			SetLoadedEditorAssemblies (4ms)
			RefreshPlugins (0ms)
			BeforeProcessingInitializeOnLoad (77ms)
			ProcessInitializeOnLoadAttributes (289ms)
			ProcessInitializeOnLoadMethodAttributes (77ms)
			AfterProcessingInitializeOnLoad (2ms)
			EditorAssembliesLoaded (0ms)
		ExecutionOrderSort2 (0ms)
		AwakeInstancesAfterBackupRestoration (17ms)
Refreshing native plugins compatible for Editor in 5.30 ms, found 4 plugins.
Preloading 0 native plugins for Editor in 0.00 ms.
Unloading 5522 Unused Serialized files (Serialized files now loaded: 0)
Unloading 62 unused Assets / (3.6 MB). Loaded Objects now: 6387.
Memory consumption went from 203.8 MB to 200.2 MB.
Total: 6.306900 ms (FindLiveObjects: 0.534700 ms CreateObjectMapping: 0.458400 ms MarkObjects: 3.198600 ms  DeleteObjects: 2.113600 ms)

Prepare: number of updated asset objects reloaded= 0
AssetImportParameters requested are different than current active one (requested -> active):
  custom:container-demuxer-ogg: 62fdf1f143b41e24485cea50d1cbac27 -> 
  custom:video-codec-MediaFoundation-h265: 746d11721c4dcdbdad8f713fa42b33f4 -> 
  custom:video-decoder-ogg-theora: a1e56fd34408186e4bbccfd4996cb3dc -> 
  custom:scripting/monoscript/fileName/CurveParameters.cs: dbbfe4c28c12ee1af2a53a9ddf424ed8 -> 
  custom:framework-win-MediaFoundation: 216162199b28c13a410421893ffa2e32 -> 
  custom:scripting/monoscript/fileName/ExtensionMethods.cs: d562ef83db550cc6a37dd506f8fa6076 -> 
  custom:CustomObjectIndexerAttribute: 72b91833f83ae208fae7752999fa3104 -> 
  custom:container-demuxer-webm: 4f35f7cbe854078d1ac9338744f61a02 -> 
  custom:container-muxer-webm: aa71ff27fc2769a1b78a27578f13a17b -> 
  custom:scripting/monoscript/fileName/VisualCardsHandler.cs: c998ca6078f481b9bdf958030417bcab -> 
  custom:video-decoder-webm-vp8: 9c59270c3fd7afecdb556c50c9e8de78 -> 
  custom:scripting/monoscript/fileName/CardVisual.cs: a1bb4f200cddbec7d0860dba7b804694 -> 
  custom:SearchIndexIgnoredProperties: e643bd26f0fe6173181afceb89e7c659 -> 
  custom:AudioImporter_EditorPlatform: d09bf68614088b80899f8185d706f6e7 -> 
  custom:video-encoder-webm-vp8: eb34c28f22e8b96e1ab97ce403110664 -> 
  custom:audio-decoder-ogg-vorbis: bf7c407c2cedff20999df2af8eb42d56 -> 
  custom:audio-encoder-webm-vorbis: bf7c407c2cedff20999df2af8eb42d56 -> 
  custom:scripting/monoscript/fileName/HorizontalCardHolder.cs: 10ca772a871e8b939b58661390076509 -> 
  custom:scripting/precompiled-assembly-types:Assembly-CSharp:  -> 3ef234551db207cf3afdac046a4f9689
========================================================================
Received Prepare
Caller must complete domain reload
Begin MonoManager ReloadAssembly
- Loaded All Assemblies, in  0.380 seconds
Native extension for WindowsStandalone target not found
Mono: successfully reloaded assembly
- Finished resetting the current domain, in  1.025 seconds
Domain Reload Profiling: 1405ms
	BeginReloadAssembly (126ms)
		ExecutionOrderSort (0ms)
		DisableScriptedObjects (9ms)
		BackupInstance (0ms)
		ReleaseScriptingObjects (0ms)
		CreateAndSetChildDomain (34ms)
	RebuildCommonClasses (24ms)
	RebuildNativeTypeToScriptingClass (8ms)
	initialDomainReloadingComplete (20ms)
	LoadAllAssembliesAndSetupDomain (201ms)
		LoadAssemblies (244ms)
		RebuildTransferFunctionScriptingTraits (0ms)
		AnalyzeDomain (16ms)
			TypeCache.Refresh (5ms)
				TypeCache.ScanAssembly (0ms)
			ScanForSourceGeneratedMonoScriptInfo (0ms)
			ResolveRequiredComponents (9ms)
	FinalizeReload (1025ms)
		ReleaseScriptCaches (0ms)
		RebuildScriptCaches (0ms)
		SetupLoadedEditorAssemblies (443ms)
			LogAssemblyErrors (0ms)
			InitializePlatformSupportModulesInManaged (4ms)
			SetLoadedEditorAssemblies (4ms)
			RefreshPlugins (0ms)
			BeforeProcessingInitializeOnLoad (78ms)
			ProcessInitializeOnLoadAttributes (283ms)
			ProcessInitializeOnLoadMethodAttributes (71ms)
			AfterProcessingInitializeOnLoad (2ms)
			EditorAssembliesLoaded (0ms)
		ExecutionOrderSort2 (0ms)
		AwakeInstancesAfterBackupRestoration (16ms)
Refreshing native plugins compatible for Editor in 5.21 ms, found 4 plugins.
Preloading 0 native plugins for Editor in 0.00 ms.
Unloading 5522 Unused Serialized files (Serialized files now loaded: 0)
Unloading 62 unused Assets / (3.4 MB). Loaded Objects now: 6392.
Memory consumption went from 203.6 MB to 200.2 MB.
Total: 6.501700 ms (FindLiveObjects: 0.575800 ms CreateObjectMapping: 0.403400 ms MarkObjects: 3.456200 ms  DeleteObjects: 2.065400 ms)

Prepare: number of updated asset objects reloaded= 0
AssetImportParameters requested are different than current active one (requested -> active):
  custom:container-demuxer-ogg: 62fdf1f143b41e24485cea50d1cbac27 -> 
  custom:video-codec-MediaFoundation-h265: 746d11721c4dcdbdad8f713fa42b33f4 -> 
  custom:video-decoder-ogg-theora: a1e56fd34408186e4bbccfd4996cb3dc -> 
  custom:scripting/monoscript/fileName/CurveParameters.cs: dbbfe4c28c12ee1af2a53a9ddf424ed8 -> 
  custom:framework-win-MediaFoundation: 216162199b28c13a410421893ffa2e32 -> 
  custom:scripting/monoscript/fileName/ExtensionMethods.cs: d562ef83db550cc6a37dd506f8fa6076 -> 
  custom:CustomObjectIndexerAttribute: 72b91833f83ae208fae7752999fa3104 -> 
  custom:container-demuxer-webm: 4f35f7cbe854078d1ac9338744f61a02 -> 
  custom:container-muxer-webm: aa71ff27fc2769a1b78a27578f13a17b -> 
  custom:scripting/monoscript/fileName/VisualCardsHandler.cs: c998ca6078f481b9bdf958030417bcab -> 
  custom:video-decoder-webm-vp8: 9c59270c3fd7afecdb556c50c9e8de78 -> 
  custom:scripting/monoscript/fileName/CardVisual.cs: a1bb4f200cddbec7d0860dba7b804694 -> 
  custom:SearchIndexIgnoredProperties: e643bd26f0fe6173181afceb89e7c659 -> 
  custom:AudioImporter_EditorPlatform: d09bf68614088b80899f8185d706f6e7 -> 
  custom:video-encoder-webm-vp8: eb34c28f22e8b96e1ab97ce403110664 -> 
  custom:audio-decoder-ogg-vorbis: bf7c407c2cedff20999df2af8eb42d56 -> 
  custom:audio-encoder-webm-vorbis: bf7c407c2cedff20999df2af8eb42d56 -> 
  custom:scripting/monoscript/fileName/HorizontalCardHolder.cs: 10ca772a871e8b939b58661390076509 -> 
  custom:scripting/precompiled-assembly-types:Assembly-CSharp:  -> 3ef234551db207cf3afdac046a4f9689
========================================================================
Received Prepare
Caller must complete domain reload
Begin MonoManager ReloadAssembly
- Loaded All Assemblies, in  0.384 seconds
Native extension for WindowsStandalone target not found
Mono: successfully reloaded assembly
- Finished resetting the current domain, in  1.008 seconds
Domain Reload Profiling: 1391ms
	BeginReloadAssembly (128ms)
		ExecutionOrderSort (0ms)
		DisableScriptedObjects (9ms)
		BackupInstance (0ms)
		ReleaseScriptingObjects (0ms)
		CreateAndSetChildDomain (36ms)
	RebuildCommonClasses (24ms)
	RebuildNativeTypeToScriptingClass (8ms)
	initialDomainReloadingComplete (24ms)
	LoadAllAssembliesAndSetupDomain (199ms)
		LoadAssemblies (240ms)
		RebuildTransferFunctionScriptingTraits (0ms)
		AnalyzeDomain (17ms)
			TypeCache.Refresh (6ms)
				TypeCache.ScanAssembly (0ms)
			ScanForSourceGeneratedMonoScriptInfo (0ms)
			ResolveRequiredComponents (9ms)
	FinalizeReload (1008ms)
		ReleaseScriptCaches (0ms)
		RebuildScriptCaches (0ms)
		SetupLoadedEditorAssemblies (441ms)
			LogAssemblyErrors (0ms)
			InitializePlatformSupportModulesInManaged (5ms)
			SetLoadedEditorAssemblies (5ms)
			RefreshPlugins (0ms)
			BeforeProcessingInitializeOnLoad (75ms)
			ProcessInitializeOnLoadAttributes (279ms)
			ProcessInitializeOnLoadMethodAttributes (74ms)
			AfterProcessingInitializeOnLoad (3ms)
			EditorAssembliesLoaded (0ms)
		ExecutionOrderSort2 (0ms)
		AwakeInstancesAfterBackupRestoration (15ms)
Refreshing native plugins compatible for Editor in 5.04 ms, found 4 plugins.
Preloading 0 native plugins for Editor in 0.00 ms.
Unloading 5522 Unused Serialized files (Serialized files now loaded: 0)
Unloading 62 unused Assets / (3.5 MB). Loaded Objects now: 6397.
Memory consumption went from 203.6 MB to 200.1 MB.
Total: 5.792200 ms (FindLiveObjects: 0.438800 ms CreateObjectMapping: 0.384300 ms MarkObjects: 3.143000 ms  DeleteObjects: 1.825100 ms)

Prepare: number of updated asset objects reloaded= 0
AssetImportParameters requested are different than current active one (requested -> active):
  custom:container-demuxer-ogg: 62fdf1f143b41e24485cea50d1cbac27 -> 
  custom:video-codec-MediaFoundation-h265: 746d11721c4dcdbdad8f713fa42b33f4 -> 
  custom:video-decoder-ogg-theora: a1e56fd34408186e4bbccfd4996cb3dc -> 
  custom:scripting/monoscript/fileName/CurveParameters.cs: dbbfe4c28c12ee1af2a53a9ddf424ed8 -> 
  custom:framework-win-MediaFoundation: 216162199b28c13a410421893ffa2e32 -> 
  custom:scripting/monoscript/fileName/ExtensionMethods.cs: d562ef83db550cc6a37dd506f8fa6076 -> 
  custom:CustomObjectIndexerAttribute: 72b91833f83ae208fae7752999fa3104 -> 
  custom:container-demuxer-webm: 4f35f7cbe854078d1ac9338744f61a02 -> 
  custom:container-muxer-webm: aa71ff27fc2769a1b78a27578f13a17b -> 
  custom:scripting/monoscript/fileName/VisualCardsHandler.cs: c998ca6078f481b9bdf958030417bcab -> 
  custom:video-decoder-webm-vp8: 9c59270c3fd7afecdb556c50c9e8de78 -> 
  custom:scripting/monoscript/fileName/CardVisual.cs: a1bb4f200cddbec7d0860dba7b804694 -> 
  custom:SearchIndexIgnoredProperties: e643bd26f0fe6173181afceb89e7c659 -> 
  custom:AudioImporter_EditorPlatform: d09bf68614088b80899f8185d706f6e7 -> 
  custom:video-encoder-webm-vp8: eb34c28f22e8b96e1ab97ce403110664 -> 
  custom:audio-decoder-ogg-vorbis: bf7c407c2cedff20999df2af8eb42d56 -> 
  custom:audio-encoder-webm-vorbis: bf7c407c2cedff20999df2af8eb42d56 -> 
  custom:scripting/monoscript/fileName/HorizontalCardHolder.cs: 10ca772a871e8b939b58661390076509 -> 
  custom:scripting/precompiled-assembly-types:Assembly-CSharp:  -> 3ef234551db207cf3afdac046a4f9689
========================================================================
Received Prepare
Caller must complete domain reload
Begin MonoManager ReloadAssembly
- Loaded All Assemblies, in  0.369 seconds
Native extension for WindowsStandalone target not found
Mono: successfully reloaded assembly
- Finished resetting the current domain, in  0.991 seconds
Domain Reload Profiling: 1360ms
	BeginReloadAssembly (126ms)
		ExecutionOrderSort (0ms)
		DisableScriptedObjects (9ms)
		BackupInstance (0ms)
		ReleaseScriptingObjects (0ms)
		CreateAndSetChildDomain (34ms)
	RebuildCommonClasses (24ms)
	RebuildNativeTypeToScriptingClass (8ms)
	initialDomainReloadingComplete (19ms)
	LoadAllAssembliesAndSetupDomain (191ms)
		LoadAssemblies (234ms)
		RebuildTransferFunctionScriptingTraits (0ms)
		AnalyzeDomain (16ms)
			TypeCache.Refresh (5ms)
				TypeCache.ScanAssembly (0ms)
			ScanForSourceGeneratedMonoScriptInfo (0ms)
			ResolveRequiredComponents (9ms)
	FinalizeReload (992ms)
		ReleaseScriptCaches (0ms)
		RebuildScriptCaches (0ms)
		SetupLoadedEditorAssemblies (438ms)
			LogAssemblyErrors (0ms)
			InitializePlatformSupportModulesInManaged (4ms)
			SetLoadedEditorAssemblies (5ms)
			RefreshPlugins (0ms)
			BeforeProcessingInitializeOnLoad (74ms)
			ProcessInitializeOnLoadAttributes (278ms)
			ProcessInitializeOnLoadMethodAttributes (75ms)
			AfterProcessingInitializeOnLoad (2ms)
			EditorAssembliesLoaded (0ms)
		ExecutionOrderSort2 (0ms)
		AwakeInstancesAfterBackupRestoration (16ms)
Refreshing native plugins compatible for Editor in 4.65 ms, found 4 plugins.
Preloading 0 native plugins for Editor in 0.00 ms.
Unloading 5522 Unused Serialized files (Serialized files now loaded: 0)
Unloading 62 unused Assets / (3.6 MB). Loaded Objects now: 6402.
Memory consumption went from 203.8 MB to 200.2 MB.
Total: 6.069900 ms (FindLiveObjects: 0.537600 ms CreateObjectMapping: 0.431000 ms MarkObjects: 3.244300 ms  DeleteObjects: 1.855800 ms)

Prepare: number of updated asset objects reloaded= 0
AssetImportParameters requested are different than current active one (requested -> active):
  custom:container-demuxer-ogg: 62fdf1f143b41e24485cea50d1cbac27 -> 
  custom:video-codec-MediaFoundation-h265: 746d11721c4dcdbdad8f713fa42b33f4 -> 
  custom:video-decoder-ogg-theora: a1e56fd34408186e4bbccfd4996cb3dc -> 
  custom:scripting/monoscript/fileName/CurveParameters.cs: dbbfe4c28c12ee1af2a53a9ddf424ed8 -> 
  custom:framework-win-MediaFoundation: 216162199b28c13a410421893ffa2e32 -> 
  custom:scripting/monoscript/fileName/ExtensionMethods.cs: d562ef83db550cc6a37dd506f8fa6076 -> 
  custom:CustomObjectIndexerAttribute: 72b91833f83ae208fae7752999fa3104 -> 
  custom:container-demuxer-webm: 4f35f7cbe854078d1ac9338744f61a02 -> 
  custom:container-muxer-webm: aa71ff27fc2769a1b78a27578f13a17b -> 
  custom:scripting/monoscript/fileName/VisualCardsHandler.cs: c998ca6078f481b9bdf958030417bcab -> 
  custom:video-decoder-webm-vp8: 9c59270c3fd7afecdb556c50c9e8de78 -> 
  custom:scripting/monoscript/fileName/CardVisual.cs: a1bb4f200cddbec7d0860dba7b804694 -> 
  custom:SearchIndexIgnoredProperties: e643bd26f0fe6173181afceb89e7c659 -> 
  custom:AudioImporter_EditorPlatform: d09bf68614088b80899f8185d706f6e7 -> 
  custom:video-encoder-webm-vp8: eb34c28f22e8b96e1ab97ce403110664 -> 
  custom:audio-decoder-ogg-vorbis: bf7c407c2cedff20999df2af8eb42d56 -> 
  custom:audio-encoder-webm-vorbis: bf7c407c2cedff20999df2af8eb42d56 -> 
  custom:scripting/monoscript/fileName/HorizontalCardHolder.cs: 10ca772a871e8b939b58661390076509 -> 
  custom:scripting/precompiled-assembly-types:Assembly-CSharp:  -> 3ef234551db207cf3afdac046a4f9689
