Using pre-set license
Built from '2022.3/staging' branch; Version is '2022.3.60f1 (5f63fdee6d95) revision 6251517'; Using compiler version '192829333'; Build Type 'Release'
OS: 'Windows 11  (10.0.26100) 64bit CoreSingleLanguage' Language: 'en' Physical Memory: 15610 MB
BatchMode: 1, IsHumanControllingUs: 0, StartBugReporterOnCrash: 0, Is64bit: 1, IsPro: 1

COMMAND LINE ARGUMENTS:
D:\Apps\Editor\2022.3.60f1\Editor\Unity.exe
-adb2
-batchMode
-noUpm
-name
AssetImportWorker4
-projectPath
D:/Study/Code/Projects/DA_LTMCB/ExplodingKittens
-logFile
Logs/AssetImportWorker4.log
-srvPort
51983
Successfully changed project path to: D:/Study/Code/Projects/DA_LTMCB/ExplodingKittens
D:/Study/Code/Projects/DA_LTMCB/ExplodingKittens
[UnityMemory] Configuration Parameters - Can be set up in boot.config
    "memorysetup-bucket-allocator-granularity=16"
    "memorysetup-bucket-allocator-bucket-count=8"
    "memorysetup-bucket-allocator-block-size=33554432"
    "memorysetup-bucket-allocator-block-count=8"
    "memorysetup-main-allocator-block-size=16777216"
    "memorysetup-thread-allocator-block-size=16777216"
    "memorysetup-gfx-main-allocator-block-size=16777216"
    "memorysetup-gfx-thread-allocator-block-size=16777216"
    "memorysetup-cache-allocator-block-size=4194304"
    "memorysetup-typetree-allocator-block-size=2097152"
    "memorysetup-profiler-bucket-allocator-granularity=16"
    "memorysetup-profiler-bucket-allocator-bucket-count=8"
    "memorysetup-profiler-bucket-allocator-block-size=33554432"
    "memorysetup-profiler-bucket-allocator-block-count=8"
    "memorysetup-profiler-allocator-block-size=16777216"
    "memorysetup-profiler-editor-allocator-block-size=1048576"
    "memorysetup-temp-allocator-size-main=16777216"
    "memorysetup-job-temp-allocator-block-size=2097152"
    "memorysetup-job-temp-allocator-block-size-background=1048576"
    "memorysetup-job-temp-allocator-reduction-small-platforms=262144"
    "memorysetup-allocator-temp-initial-block-size-main=262144"
    "memorysetup-allocator-temp-initial-block-size-worker=262144"
    "memorysetup-temp-allocator-size-background-worker=32768"
    "memorysetup-temp-allocator-size-job-worker=262144"
    "memorysetup-temp-allocator-size-preload-manager=33554432"
    "memorysetup-temp-allocator-size-nav-mesh-worker=65536"
    "memorysetup-temp-allocator-size-audio-worker=65536"
    "memorysetup-temp-allocator-size-cloud-worker=32768"
    "memorysetup-temp-allocator-size-gi-baking-worker=262144"
    "memorysetup-temp-allocator-size-gfx=262144"
Player connection [9004]  Target information:

Player connection [9004]  * "[IP] 192.168.56.1 [Port] 0 [Flags] 2 [Guid] 1390886545 [EditorId] 1390886545 [Version] 1048832 [Id] WindowsEditor(7,TUFA15) [Debug] 1 [PackageName] WindowsEditor [ProjectName] Editor" 

Player connection [9004]  * "[IP] 192.168.1.13 [Port] 0 [Flags] 2 [Guid] 1390886545 [EditorId] 1390886545 [Version] 1048832 [Id] WindowsEditor(7,TUFA15) [Debug] 1 [PackageName] WindowsEditor [ProjectName] Editor" 

Player connection [9004] Host joined multi-casting on [225.0.0.222:54997]...
Player connection [9004] Host joined alternative multi-casting on [225.0.0.222:34997]...
Input System module state changed to: Initialized.
[PhysX] Initialized MultithreadedTaskDispatcher with 16 workers.
Refreshing native plugins compatible for Editor in 2641.13 ms, found 5 plugins.
Preloading 0 native plugins for Editor in 0.00 ms.
Initialize engine version: 2022.3.60f1 (5f63fdee6d95)
[Subsystems] Discovering subsystems at path D:/Apps/Editor/2022.3.60f1/Editor/Data/Resources/UnitySubsystems
[Subsystems] Discovering subsystems at path D:/Study/Code/Projects/DA_LTMCB/ExplodingKittens/Assets
GfxDevice: creating device client; threaded=0; jobified=0
Direct3D:
    Version:  Direct3D 11.0 [level 11.1]
    Renderer: NVIDIA GeForce RTX 4050 Laptop GPU (ID=0x28e1)
    Vendor:   NVIDIA
    VRAM:     5921 MB
    Driver:   32.0.15.7283
Initialize mono
Mono path[0] = 'D:/Apps/Editor/2022.3.60f1/Editor/Data/Managed'
Mono path[1] = 'D:/Apps/Editor/2022.3.60f1/Editor/Data/MonoBleedingEdge/lib/mono/unityjit-win32'
Mono config path = 'D:/Apps/Editor/2022.3.60f1/Editor/Data/MonoBleedingEdge/etc'
Using monoOptions --debugger-agent=transport=dt_socket,embedding=1,server=y,suspend=n,address=127.0.0.1:56252
Begin MonoManager ReloadAssembly
Registering precompiled unity dll's ...
Register platform support module: D:/Apps/Editor/2022.3.60f1/Editor/Data/PlaybackEngines/WindowsStandaloneSupport/UnityEditor.WindowsStandalone.Extensions.dll
Registered in 0.214070 seconds.
- Loaded All Assemblies, in  8.710 seconds
Native extension for WindowsStandalone target not found
Mono: successfully reloaded assembly
- Finished resetting the current domain, in  0.228 seconds
Domain Reload Profiling: 8938ms
	BeginReloadAssembly (6551ms)
		ExecutionOrderSort (0ms)
		DisableScriptedObjects (0ms)
		BackupInstance (0ms)
		ReleaseScriptingObjects (0ms)
		CreateAndSetChildDomain (1ms)
	RebuildCommonClasses (527ms)
	RebuildNativeTypeToScriptingClass (7ms)
	initialDomainReloadingComplete (251ms)
	LoadAllAssembliesAndSetupDomain (1374ms)
		LoadAssemblies (6550ms)
		RebuildTransferFunctionScriptingTraits (0ms)
		AnalyzeDomain (1372ms)
			TypeCache.Refresh (1371ms)
				TypeCache.ScanAssembly (1021ms)
			ScanForSourceGeneratedMonoScriptInfo (0ms)
			ResolveRequiredComponents (0ms)
	FinalizeReload (229ms)
		ReleaseScriptCaches (0ms)
		RebuildScriptCaches (0ms)
		SetupLoadedEditorAssemblies (193ms)
			LogAssemblyErrors (0ms)
			InitializePlatformSupportModulesInManaged (6ms)
			SetLoadedEditorAssemblies (6ms)
			RefreshPlugins (0ms)
			BeforeProcessingInitializeOnLoad (2ms)
			ProcessInitializeOnLoadAttributes (133ms)
			ProcessInitializeOnLoadMethodAttributes (46ms)
			AfterProcessingInitializeOnLoad (0ms)
			EditorAssembliesLoaded (0ms)
		ExecutionOrderSort2 (0ms)
		AwakeInstancesAfterBackupRestoration (0ms)
========================================================================
Worker process is ready to serve import requests
Caller must complete domain reload
Begin MonoManager ReloadAssembly
Symbol file LoadedFromMemory is not a mono symbol file
Symbol file LoadedFromMemory is not a mono symbol file
Symbol file LoadedFromMemory is not a mono symbol file
Symbol file LoadedFromMemory is not a mono symbol file
- Loaded All Assemblies, in 12.381 seconds
Native extension for WindowsStandalone target not found
Mono: successfully reloaded assembly
- Finished resetting the current domain, in  0.600 seconds
Domain Reload Profiling: 12980ms
	BeginReloadAssembly (116ms)
		ExecutionOrderSort (0ms)
		DisableScriptedObjects (4ms)
		BackupInstance (0ms)
		ReleaseScriptingObjects (0ms)
		CreateAndSetChildDomain (19ms)
	RebuildCommonClasses (27ms)
	RebuildNativeTypeToScriptingClass (8ms)
	initialDomainReloadingComplete (34ms)
	LoadAllAssembliesAndSetupDomain (12195ms)
		LoadAssemblies (11706ms)
		RebuildTransferFunctionScriptingTraits (0ms)
		AnalyzeDomain (557ms)
			TypeCache.Refresh (522ms)
				TypeCache.ScanAssembly (445ms)
			ScanForSourceGeneratedMonoScriptInfo (25ms)
			ResolveRequiredComponents (8ms)
	FinalizeReload (600ms)
		ReleaseScriptCaches (0ms)
		RebuildScriptCaches (0ms)
		SetupLoadedEditorAssemblies (468ms)
			LogAssemblyErrors (0ms)
			InitializePlatformSupportModulesInManaged (4ms)
			SetLoadedEditorAssemblies (5ms)
			RefreshPlugins (0ms)
			BeforeProcessingInitializeOnLoad (63ms)
			ProcessInitializeOnLoadAttributes (347ms)
			ProcessInitializeOnLoadMethodAttributes (47ms)
			AfterProcessingInitializeOnLoad (2ms)
			EditorAssembliesLoaded (0ms)
		ExecutionOrderSort2 (0ms)
		AwakeInstancesAfterBackupRestoration (6ms)
Launched and connected shader compiler UnityShaderCompiler.exe after 0.04 seconds
Refreshing native plugins compatible for Editor in 6.05 ms, found 5 plugins.
Preloading 0 native plugins for Editor in 0.00 ms.
Unloading 5709 Unused Serialized files (Serialized files now loaded: 0)
Unloading 86 unused Assets / (3.5 MB). Loaded Objects now: 6154.
Memory consumption went from 221.3 MB to 217.9 MB.
Total: 5.009000 ms (FindLiveObjects: 0.431700 ms CreateObjectMapping: 0.166100 ms MarkObjects: 2.932200 ms  DeleteObjects: 1.477800 ms)

AssetImportParameters requested are different than current active one (requested -> active):
  custom:container-demuxer-ogg: 62fdf1f143b41e24485cea50d1cbac27 -> 
  custom:video-codec-MediaFoundation-h265: 746d11721c4dcdbdad8f713fa42b33f4 -> 
  custom:video-decoder-ogg-theora: a1e56fd34408186e4bbccfd4996cb3dc -> 
  custom:framework-win-MediaFoundation: 216162199b28c13a410421893ffa2e32 -> 
  custom:scripting/monoscript/fileName/PlayerSpawner.cs: df8898d77f3f0fc17c530d164ba7fabb -> 
  custom:CustomObjectIndexerAttribute: 72b91833f83ae208fae7752999fa3104 -> 
  custom:container-demuxer-webm: 4f35f7cbe854078d1ac9338744f61a02 -> 
  custom:FusionILWeaverTriggerImporter/ConfigHash: b0b173a93bb19085723cb3d421b3a13b -> 
  custom:container-muxer-webm: aa71ff27fc2769a1b78a27578f13a17b -> 
  custom:video-decoder-webm-vp8: 9c59270c3fd7afecdb556c50c9e8de78 -> 
  custom:SearchIndexIgnoredProperties: e643bd26f0fe6173181afceb89e7c659 -> 
  custom:AudioImporter_EditorPlatform: d09bf68614088b80899f8185d706f6e7 -> 
  custom:scripting/monoscript/fileName/FusionLauncher.cs: 19b631f249cace78ad95e4df5dc843ef -> 
  custom:video-encoder-webm-vp8: eb34c28f22e8b96e1ab97ce403110664 -> 
  custom:scripting/monoscript/fileName/TurnManager.cs: 9ee88ee50ce1338f4aee28c934ce0522 -> 
  custom:audio-decoder-ogg-vorbis: bf7c407c2cedff20999df2af8eb42d56 -> 
  custom:audio-encoder-webm-vorbis: bf7c407c2cedff20999df2af8eb42d56 -> 
========================================================================
Received Import Request.
  Time since last request: 49877.429833 seconds.
  path: Assets/Prefabs/PLayerSlot.prefab
  artifactKey: Guid(822f629888c63064daa41aba28bc48ba) Importer(815301076,1909f56bfc062723c751e8b465ee728b)
Start importing Assets/Prefabs/PLayerSlot.prefab using Guid(822f629888c63064daa41aba28bc48ba) Importer(815301076,1909f56bfc062723c751e8b465ee728b) [PhysX] Initialized MultithreadedTaskDispatcher with 16 workers.
 -> (artifact id: '644f067bdc497629a8995d16b1ecf8c3') in 0.061263 seconds
Number of updated asset objects reloaded before import = 0
Number of asset objects unloaded after import = 40
========================================================================
Received Import Request.
  Time since last request: 9.019938 seconds.
  path: Assets/Prefabs/PLayerSlot.prefab
  artifactKey: Guid(822f629888c63064daa41aba28bc48ba) Importer(815301076,1909f56bfc062723c751e8b465ee728b)
Start importing Assets/Prefabs/PLayerSlot.prefab using Guid(822f629888c63064daa41aba28bc48ba) Importer(815301076,1909f56bfc062723c751e8b465ee728b) [PhysX] Initialized MultithreadedTaskDispatcher with 16 workers.
 -> (artifact id: 'd3fc2d5c17e75361cd1965f54e0e1cc4') in 0.014242 seconds
Number of updated asset objects reloaded before import = 0
Number of asset objects unloaded after import = 40
========================================================================
Received Import Request.
  Time since last request: 11.656695 seconds.
  path: Assets/Prefabs/PLayerSlot.prefab
  artifactKey: Guid(822f629888c63064daa41aba28bc48ba) Importer(815301076,1909f56bfc062723c751e8b465ee728b)
Start importing Assets/Prefabs/PLayerSlot.prefab using Guid(822f629888c63064daa41aba28bc48ba) Importer(815301076,1909f56bfc062723c751e8b465ee728b) [PhysX] Initialized MultithreadedTaskDispatcher with 16 workers.
 -> (artifact id: 'e281dff612ef80ee6e2829ee396054db') in 0.017031 seconds
Number of updated asset objects reloaded before import = 0
Number of asset objects unloaded after import = 40
========================================================================
Received Import Request.
  Time since last request: 2.406483 seconds.
  path: Assets/Prefabs/PLayerSlot.prefab
  artifactKey: Guid(822f629888c63064daa41aba28bc48ba) Importer(815301076,1909f56bfc062723c751e8b465ee728b)
Start importing Assets/Prefabs/PLayerSlot.prefab using Guid(822f629888c63064daa41aba28bc48ba) Importer(815301076,1909f56bfc062723c751e8b465ee728b) [PhysX] Initialized MultithreadedTaskDispatcher with 16 workers.
 -> (artifact id: '1033c6ac89c646f783a3e2c470ce62ed') in 0.013715 seconds
Number of updated asset objects reloaded before import = 0
Number of asset objects unloaded after import = 40
========================================================================
Received Import Request.
  Time since last request: 17.133240 seconds.
  path: Assets/Prefabs/PLayerSlot.prefab
  artifactKey: Guid(822f629888c63064daa41aba28bc48ba) Importer(815301076,1909f56bfc062723c751e8b465ee728b)
Start importing Assets/Prefabs/PLayerSlot.prefab using Guid(822f629888c63064daa41aba28bc48ba) Importer(815301076,1909f56bfc062723c751e8b465ee728b) [PhysX] Initialized MultithreadedTaskDispatcher with 16 workers.
 -> (artifact id: '27ee0f01e9d5292f234b059d977e4b50') in 0.013945 seconds
Number of updated asset objects reloaded before import = 0
Number of asset objects unloaded after import = 40
========================================================================
Received Import Request.
  Time since last request: 7.023653 seconds.
  path: Assets/Prefabs/PLayerSlot.prefab
  artifactKey: Guid(822f629888c63064daa41aba28bc48ba) Importer(815301076,1909f56bfc062723c751e8b465ee728b)
Start importing Assets/Prefabs/PLayerSlot.prefab using Guid(822f629888c63064daa41aba28bc48ba) Importer(815301076,1909f56bfc062723c751e8b465ee728b) [PhysX] Initialized MultithreadedTaskDispatcher with 16 workers.
 -> (artifact id: '5fa29b88d094ba29ce68865fb4699468') in 0.013612 seconds
Number of updated asset objects reloaded before import = 0
Number of asset objects unloaded after import = 40
========================================================================
Received Import Request.
  Time since last request: 1.188921 seconds.
  path: Assets/Prefabs/PLayerSlot.prefab
  artifactKey: Guid(822f629888c63064daa41aba28bc48ba) Importer(815301076,1909f56bfc062723c751e8b465ee728b)
Start importing Assets/Prefabs/PLayerSlot.prefab using Guid(822f629888c63064daa41aba28bc48ba) Importer(815301076,1909f56bfc062723c751e8b465ee728b) [PhysX] Initialized MultithreadedTaskDispatcher with 16 workers.
 -> (artifact id: '210bd67cd9c0be46700647f88a363f2a') in 0.013587 seconds
Number of updated asset objects reloaded before import = 0
Number of asset objects unloaded after import = 40
========================================================================
Received Import Request.
  Time since last request: 1.189057 seconds.
  path: Assets/Prefabs/PLayerSlot.prefab
  artifactKey: Guid(822f629888c63064daa41aba28bc48ba) Importer(815301076,1909f56bfc062723c751e8b465ee728b)
Start importing Assets/Prefabs/PLayerSlot.prefab using Guid(822f629888c63064daa41aba28bc48ba) Importer(815301076,1909f56bfc062723c751e8b465ee728b) [PhysX] Initialized MultithreadedTaskDispatcher with 16 workers.
 -> (artifact id: 'edab3558a65368c81f011788c1cdfb9b') in 0.013879 seconds
Number of updated asset objects reloaded before import = 0
Number of asset objects unloaded after import = 40
========================================================================
Received Import Request.
  Time since last request: 3.412146 seconds.
  path: Assets/Prefabs/PLayerSlot.prefab
  artifactKey: Guid(822f629888c63064daa41aba28bc48ba) Importer(815301076,1909f56bfc062723c751e8b465ee728b)
Start importing Assets/Prefabs/PLayerSlot.prefab using Guid(822f629888c63064daa41aba28bc48ba) Importer(815301076,1909f56bfc062723c751e8b465ee728b) [PhysX] Initialized MultithreadedTaskDispatcher with 16 workers.
 -> (artifact id: '325298425bac8d5cd147439cd34fe0da') in 0.015516 seconds
Number of updated asset objects reloaded before import = 0
Number of asset objects unloaded after import = 40
========================================================================
Received Import Request.
  Time since last request: 8.447178 seconds.
  path: Assets/Prefabs/PLayerSlot.prefab
  artifactKey: Guid(822f629888c63064daa41aba28bc48ba) Importer(815301076,1909f56bfc062723c751e8b465ee728b)
Start importing Assets/Prefabs/PLayerSlot.prefab using Guid(822f629888c63064daa41aba28bc48ba) Importer(815301076,1909f56bfc062723c751e8b465ee728b) [PhysX] Initialized MultithreadedTaskDispatcher with 16 workers.
 -> (artifact id: '735beac32147f76d7ce0b9591858b605') in 0.013715 seconds
Number of updated asset objects reloaded before import = 0
Number of asset objects unloaded after import = 40
========================================================================
Received Import Request.
  Time since last request: 7.654472 seconds.
  path: Assets/Prefabs/PLayerSlot.prefab
  artifactKey: Guid(822f629888c63064daa41aba28bc48ba) Importer(815301076,1909f56bfc062723c751e8b465ee728b)
Start importing Assets/Prefabs/PLayerSlot.prefab using Guid(822f629888c63064daa41aba28bc48ba) Importer(815301076,1909f56bfc062723c751e8b465ee728b) [PhysX] Initialized MultithreadedTaskDispatcher with 16 workers.
 -> (artifact id: '6824356baf156063ebcdc59ca6ca0899') in 0.013598 seconds
Number of updated asset objects reloaded before import = 0
Number of asset objects unloaded after import = 40
========================================================================
Received Import Request.
  Time since last request: 2.584901 seconds.
  path: Assets/Prefabs/PLayerSlot.prefab
  artifactKey: Guid(822f629888c63064daa41aba28bc48ba) Importer(815301076,1909f56bfc062723c751e8b465ee728b)
Start importing Assets/Prefabs/PLayerSlot.prefab using Guid(822f629888c63064daa41aba28bc48ba) Importer(815301076,1909f56bfc062723c751e8b465ee728b) [PhysX] Initialized MultithreadedTaskDispatcher with 16 workers.
 -> (artifact id: '81049ea0730cc60f7106abc3bac0597a') in 0.014066 seconds
Number of updated asset objects reloaded before import = 0
Number of asset objects unloaded after import = 40
========================================================================
Received Import Request.
  Time since last request: 1.996616 seconds.
  path: Assets/Prefabs/PLayerSlot.prefab
  artifactKey: Guid(822f629888c63064daa41aba28bc48ba) Importer(815301076,1909f56bfc062723c751e8b465ee728b)
Start importing Assets/Prefabs/PLayerSlot.prefab using Guid(822f629888c63064daa41aba28bc48ba) Importer(815301076,1909f56bfc062723c751e8b465ee728b) [PhysX] Initialized MultithreadedTaskDispatcher with 16 workers.
 -> (artifact id: 'f4f50849d866967728e2e3b3c357f4e3') in 0.013512 seconds
Number of updated asset objects reloaded before import = 0
Number of asset objects unloaded after import = 40
========================================================================
Received Import Request.
  Time since last request: 6.632676 seconds.
  path: Assets/Prefabs/PLayerSlot.prefab
  artifactKey: Guid(822f629888c63064daa41aba28bc48ba) Importer(815301076,1909f56bfc062723c751e8b465ee728b)
Start importing Assets/Prefabs/PLayerSlot.prefab using Guid(822f629888c63064daa41aba28bc48ba) Importer(815301076,1909f56bfc062723c751e8b465ee728b) [PhysX] Initialized MultithreadedTaskDispatcher with 16 workers.
 -> (artifact id: '76fc7fe60a6746ac8f4df2ff8296af17') in 0.013532 seconds
Number of updated asset objects reloaded before import = 0
Number of asset objects unloaded after import = 40
========================================================================
Received Import Request.
  Time since last request: 4.021716 seconds.
  path: Assets/Prefabs/PLayerSlot.prefab
  artifactKey: Guid(822f629888c63064daa41aba28bc48ba) Importer(815301076,1909f56bfc062723c751e8b465ee728b)
Start importing Assets/Prefabs/PLayerSlot.prefab using Guid(822f629888c63064daa41aba28bc48ba) Importer(815301076,1909f56bfc062723c751e8b465ee728b) [PhysX] Initialized MultithreadedTaskDispatcher with 16 workers.
 -> (artifact id: '0b1b5f1a02abca059efbfadb5d86f7e0') in 0.014762 seconds
Number of updated asset objects reloaded before import = 0
Number of asset objects unloaded after import = 40
========================================================================
Received Import Request.
  Time since last request: 4.626658 seconds.
  path: Assets/Prefabs/PLayerSlot.prefab
  artifactKey: Guid(822f629888c63064daa41aba28bc48ba) Importer(815301076,1909f56bfc062723c751e8b465ee728b)
Start importing Assets/Prefabs/PLayerSlot.prefab using Guid(822f629888c63064daa41aba28bc48ba) Importer(815301076,1909f56bfc062723c751e8b465ee728b) [PhysX] Initialized MultithreadedTaskDispatcher with 16 workers.
 -> (artifact id: '541ccaaf211b46e979403574a4853968') in 0.013666 seconds
Number of updated asset objects reloaded before import = 0
Number of asset objects unloaded after import = 40
========================================================================
Received Import Request.
  Time since last request: 4.412420 seconds.
  path: Assets/Prefabs/PLayerSlot.prefab
  artifactKey: Guid(822f629888c63064daa41aba28bc48ba) Importer(815301076,1909f56bfc062723c751e8b465ee728b)
Start importing Assets/Prefabs/PLayerSlot.prefab using Guid(822f629888c63064daa41aba28bc48ba) Importer(815301076,1909f56bfc062723c751e8b465ee728b) [PhysX] Initialized MultithreadedTaskDispatcher with 16 workers.
 -> (artifact id: '95acebc1673ebc266c47167f79557209') in 0.013485 seconds
Number of updated asset objects reloaded before import = 0
Number of asset objects unloaded after import = 40
========================================================================
Received Import Request.
  Time since last request: 3.007292 seconds.
  path: Assets/Prefabs/PLayerSlot.prefab
  artifactKey: Guid(822f629888c63064daa41aba28bc48ba) Importer(815301076,1909f56bfc062723c751e8b465ee728b)
Start importing Assets/Prefabs/PLayerSlot.prefab using Guid(822f629888c63064daa41aba28bc48ba) Importer(815301076,1909f56bfc062723c751e8b465ee728b) [PhysX] Initialized MultithreadedTaskDispatcher with 16 workers.
 -> (artifact id: 'fb2b06df07a7032c2214c55af59bf538') in 0.013584 seconds
Number of updated asset objects reloaded before import = 0
Number of asset objects unloaded after import = 40
========================================================================
Received Import Request.
  Time since last request: 1.802437 seconds.
  path: Assets/Prefabs/PLayerSlot.prefab
  artifactKey: Guid(822f629888c63064daa41aba28bc48ba) Importer(815301076,1909f56bfc062723c751e8b465ee728b)
Start importing Assets/Prefabs/PLayerSlot.prefab using Guid(822f629888c63064daa41aba28bc48ba) Importer(815301076,1909f56bfc062723c751e8b465ee728b) [PhysX] Initialized MultithreadedTaskDispatcher with 16 workers.
 -> (artifact id: '932559b886b7e71757fc68bfe5602575') in 0.013751 seconds
Number of updated asset objects reloaded before import = 0
Number of asset objects unloaded after import = 40
========================================================================
Received Import Request.
  Time since last request: 3.813925 seconds.
  path: Assets/Prefabs/PLayerSlot.prefab
  artifactKey: Guid(822f629888c63064daa41aba28bc48ba) Importer(815301076,1909f56bfc062723c751e8b465ee728b)
Start importing Assets/Prefabs/PLayerSlot.prefab using Guid(822f629888c63064daa41aba28bc48ba) Importer(815301076,1909f56bfc062723c751e8b465ee728b) [PhysX] Initialized MultithreadedTaskDispatcher with 16 workers.
 -> (artifact id: '23737dd6b3dc37745dc81383e10b6971') in 0.013551 seconds
Number of updated asset objects reloaded before import = 0
Number of asset objects unloaded after import = 40
========================================================================
Received Import Request.
  Time since last request: 16.909126 seconds.
  path: Assets/Prefabs/PLayerSlot.prefab
  artifactKey: Guid(822f629888c63064daa41aba28bc48ba) Importer(815301076,1909f56bfc062723c751e8b465ee728b)
Start importing Assets/Prefabs/PLayerSlot.prefab using Guid(822f629888c63064daa41aba28bc48ba) Importer(815301076,1909f56bfc062723c751e8b465ee728b) [PhysX] Initialized MultithreadedTaskDispatcher with 16 workers.
 -> (artifact id: 'cb279cf5c268b747a111352e685c2d16') in 0.013699 seconds
Number of updated asset objects reloaded before import = 0
Number of asset objects unloaded after import = 40
========================================================================
Received Import Request.
  Time since last request: 4.815988 seconds.
  path: Assets/Prefabs/PLayerSlot.prefab
  artifactKey: Guid(822f629888c63064daa41aba28bc48ba) Importer(815301076,1909f56bfc062723c751e8b465ee728b)
Start importing Assets/Prefabs/PLayerSlot.prefab using Guid(822f629888c63064daa41aba28bc48ba) Importer(815301076,1909f56bfc062723c751e8b465ee728b) [PhysX] Initialized MultithreadedTaskDispatcher with 16 workers.
 -> (artifact id: 'ab4773b89a0b46e9b43ca09171e24754') in 0.014502 seconds
Number of updated asset objects reloaded before import = 0
Number of asset objects unloaded after import = 40
========================================================================
Received Import Request.
  Time since last request: 6.235754 seconds.
  path: Assets/Prefabs/PLayerSlot.prefab
  artifactKey: Guid(822f629888c63064daa41aba28bc48ba) Importer(815301076,1909f56bfc062723c751e8b465ee728b)
Start importing Assets/Prefabs/PLayerSlot.prefab using Guid(822f629888c63064daa41aba28bc48ba) Importer(815301076,1909f56bfc062723c751e8b465ee728b) [PhysX] Initialized MultithreadedTaskDispatcher with 16 workers.
 -> (artifact id: '6ca06e2d09d6e3ffa770bc4010c85f0e') in 0.013688 seconds
Number of updated asset objects reloaded before import = 0
Number of asset objects unloaded after import = 40
========================================================================
Received Import Request.
  Time since last request: 3.410032 seconds.
  path: Assets/Prefabs/PLayerSlot.prefab
  artifactKey: Guid(822f629888c63064daa41aba28bc48ba) Importer(815301076,1909f56bfc062723c751e8b465ee728b)
Start importing Assets/Prefabs/PLayerSlot.prefab using Guid(822f629888c63064daa41aba28bc48ba) Importer(815301076,1909f56bfc062723c751e8b465ee728b) [PhysX] Initialized MultithreadedTaskDispatcher with 16 workers.
 -> (artifact id: 'b061c356f52ddd9bde7657769484fb5e') in 0.013507 seconds
Number of updated asset objects reloaded before import = 0
Number of asset objects unloaded after import = 40
========================================================================
Received Import Request.
  Time since last request: 84.358701 seconds.
  path: Assets/Prefabs/PLayerSlot.prefab
  artifactKey: Guid(822f629888c63064daa41aba28bc48ba) Importer(815301076,1909f56bfc062723c751e8b465ee728b)
Start importing Assets/Prefabs/PLayerSlot.prefab using Guid(822f629888c63064daa41aba28bc48ba) Importer(815301076,1909f56bfc062723c751e8b465ee728b) [PhysX] Initialized MultithreadedTaskDispatcher with 16 workers.
 -> (artifact id: '0d065a414f1aa68e6bd02f8fff58a87e') in 0.014168 seconds
Number of updated asset objects reloaded before import = 0
Number of asset objects unloaded after import = 35
========================================================================
Received Import Request.
  Time since last request: 7.043844 seconds.
  path: Assets/Prefabs/PLayerSlot.prefab
  artifactKey: Guid(822f629888c63064daa41aba28bc48ba) Importer(815301076,1909f56bfc062723c751e8b465ee728b)
Start importing Assets/Prefabs/PLayerSlot.prefab using Guid(822f629888c63064daa41aba28bc48ba) Importer(815301076,1909f56bfc062723c751e8b465ee728b) [PhysX] Initialized MultithreadedTaskDispatcher with 16 workers.
 -> (artifact id: 'f128d1038a7b93adb3db1d46d1c2cb79') in 0.013786 seconds
Number of updated asset objects reloaded before import = 0
Number of asset objects unloaded after import = 39
========================================================================
Received Import Request.
  Time since last request: 3.406752 seconds.
  path: Assets/Prefabs/PLayerSlot.prefab
  artifactKey: Guid(822f629888c63064daa41aba28bc48ba) Importer(815301076,1909f56bfc062723c751e8b465ee728b)
Start importing Assets/Prefabs/PLayerSlot.prefab using Guid(822f629888c63064daa41aba28bc48ba) Importer(815301076,1909f56bfc062723c751e8b465ee728b) [PhysX] Initialized MultithreadedTaskDispatcher with 16 workers.
 -> (artifact id: 'c58de1bd9d4f558ecc58b2678893e3ce') in 0.014479 seconds
Number of updated asset objects reloaded before import = 0
Number of asset objects unloaded after import = 39
========================================================================
Received Import Request.
  Time since last request: 3.409390 seconds.
  path: Assets/Prefabs/PLayerSlot.prefab
  artifactKey: Guid(822f629888c63064daa41aba28bc48ba) Importer(815301076,1909f56bfc062723c751e8b465ee728b)
Start importing Assets/Prefabs/PLayerSlot.prefab using Guid(822f629888c63064daa41aba28bc48ba) Importer(815301076,1909f56bfc062723c751e8b465ee728b) [PhysX] Initialized MultithreadedTaskDispatcher with 16 workers.
 -> (artifact id: 'a402971191f4e8e1d509205ffa603aa1') in 0.015170 seconds
Number of updated asset objects reloaded before import = 0
Number of asset objects unloaded after import = 39
========================================================================
Received Import Request.
  Time since last request: 3.403513 seconds.
  path: Assets/Prefabs/PLayerSlot.prefab
  artifactKey: Guid(822f629888c63064daa41aba28bc48ba) Importer(815301076,1909f56bfc062723c751e8b465ee728b)
Start importing Assets/Prefabs/PLayerSlot.prefab using Guid(822f629888c63064daa41aba28bc48ba) Importer(815301076,1909f56bfc062723c751e8b465ee728b) [PhysX] Initialized MultithreadedTaskDispatcher with 16 workers.
 -> (artifact id: '8ea0a1214bd85a4f48d496dbfd422dec') in 0.014545 seconds
Number of updated asset objects reloaded before import = 0
Number of asset objects unloaded after import = 39
========================================================================
Received Import Request.
  Time since last request: 4.806547 seconds.
  path: Assets/Prefabs/PLayerSlot.prefab
  artifactKey: Guid(822f629888c63064daa41aba28bc48ba) Importer(815301076,1909f56bfc062723c751e8b465ee728b)
Start importing Assets/Prefabs/PLayerSlot.prefab using Guid(822f629888c63064daa41aba28bc48ba) Importer(815301076,1909f56bfc062723c751e8b465ee728b) [PhysX] Initialized MultithreadedTaskDispatcher with 16 workers.
 -> (artifact id: 'e8c45484675915c637be18d7faf08e9f') in 0.013798 seconds
Number of updated asset objects reloaded before import = 0
Number of asset objects unloaded after import = 39
========================================================================
Received Import Request.
  Time since last request: 13.477181 seconds.
  path: Assets/Prefabs/PLayerSlot.prefab
  artifactKey: Guid(822f629888c63064daa41aba28bc48ba) Importer(815301076,1909f56bfc062723c751e8b465ee728b)
Start importing Assets/Prefabs/PLayerSlot.prefab using Guid(822f629888c63064daa41aba28bc48ba) Importer(815301076,1909f56bfc062723c751e8b465ee728b) [PhysX] Initialized MultithreadedTaskDispatcher with 16 workers.
 -> (artifact id: '1cb33194625501627da2c8202b481692') in 0.013960 seconds
Number of updated asset objects reloaded before import = 0
Number of asset objects unloaded after import = 40
========================================================================
Received Import Request.
  Time since last request: 2.595719 seconds.
  path: Assets/Prefabs/PLayerSlot.prefab
  artifactKey: Guid(822f629888c63064daa41aba28bc48ba) Importer(815301076,1909f56bfc062723c751e8b465ee728b)
Start importing Assets/Prefabs/PLayerSlot.prefab using Guid(822f629888c63064daa41aba28bc48ba) Importer(815301076,1909f56bfc062723c751e8b465ee728b) [PhysX] Initialized MultithreadedTaskDispatcher with 16 workers.
 -> (artifact id: '0099908912885fac6aae40a3557b485d') in 0.014284 seconds
Number of updated asset objects reloaded before import = 0
Number of asset objects unloaded after import = 40
========================================================================
Received Import Request.
  Time since last request: 1.997730 seconds.
  path: Assets/Prefabs/PLayerSlot.prefab
  artifactKey: Guid(822f629888c63064daa41aba28bc48ba) Importer(815301076,1909f56bfc062723c751e8b465ee728b)
Start importing Assets/Prefabs/PLayerSlot.prefab using Guid(822f629888c63064daa41aba28bc48ba) Importer(815301076,1909f56bfc062723c751e8b465ee728b) [PhysX] Initialized MultithreadedTaskDispatcher with 16 workers.
 -> (artifact id: 'a7de4c5f8d89f039acd14c4c9a25c66d') in 0.013492 seconds
Number of updated asset objects reloaded before import = 0
Number of asset objects unloaded after import = 40
========================================================================
Received Import Request.
  Time since last request: 1.000862 seconds.
  path: Assets/Prefabs/PLayerSlot.prefab
  artifactKey: Guid(822f629888c63064daa41aba28bc48ba) Importer(815301076,1909f56bfc062723c751e8b465ee728b)
Start importing Assets/Prefabs/PLayerSlot.prefab using Guid(822f629888c63064daa41aba28bc48ba) Importer(815301076,1909f56bfc062723c751e8b465ee728b) [PhysX] Initialized MultithreadedTaskDispatcher with 16 workers.
 -> (artifact id: '9d4dcd2f8a99775827bc220fe3197cb7') in 0.013830 seconds
Number of updated asset objects reloaded before import = 0
Number of asset objects unloaded after import = 40
========================================================================
Received Import Request.
  Time since last request: 2.989635 seconds.
  path: Assets/Prefabs/PLayerSlot.prefab
  artifactKey: Guid(822f629888c63064daa41aba28bc48ba) Importer(815301076,1909f56bfc062723c751e8b465ee728b)
Start importing Assets/Prefabs/PLayerSlot.prefab using Guid(822f629888c63064daa41aba28bc48ba) Importer(815301076,1909f56bfc062723c751e8b465ee728b) [PhysX] Initialized MultithreadedTaskDispatcher with 16 workers.
 -> (artifact id: '3ae330dec56f724d5544453b10981103') in 0.015219 seconds
Number of updated asset objects reloaded before import = 0
Number of asset objects unloaded after import = 40
========================================================================
Received Import Request.
  Time since last request: 9.628046 seconds.
  path: Assets/Prefabs/PLayerSlot.prefab
  artifactKey: Guid(822f629888c63064daa41aba28bc48ba) Importer(815301076,1909f56bfc062723c751e8b465ee728b)
Start importing Assets/Prefabs/PLayerSlot.prefab using Guid(822f629888c63064daa41aba28bc48ba) Importer(815301076,1909f56bfc062723c751e8b465ee728b) [PhysX] Initialized MultithreadedTaskDispatcher with 16 workers.
 -> (artifact id: '4bb12f91fe51f1a080bafba6e911a017') in 0.015721 seconds
Number of updated asset objects reloaded before import = 0
Number of asset objects unloaded after import = 40
========================================================================
Received Import Request.
  Time since last request: 11.714177 seconds.
  path: Assets/Prefabs/PLayerSlot.prefab
  artifactKey: Guid(822f629888c63064daa41aba28bc48ba) Importer(815301076,1909f56bfc062723c751e8b465ee728b)
Start importing Assets/Prefabs/PLayerSlot.prefab using Guid(822f629888c63064daa41aba28bc48ba) Importer(815301076,1909f56bfc062723c751e8b465ee728b) [PhysX] Initialized MultithreadedTaskDispatcher with 16 workers.
 -> (artifact id: 'a55e28d8cf0f17f3576c9d47fa5c1641') in 0.013661 seconds
Number of updated asset objects reloaded before import = 0
Number of asset objects unloaded after import = 40
========================================================================
Received Import Request.
  Time since last request: 2.344031 seconds.
  path: Assets/Textures/Avatar.jpg
  artifactKey: Guid(82d98d3e6b902164389caa762f0ffa9a) Importer(815301076,1909f56bfc062723c751e8b465ee728b)
Start importing Assets/Textures/Avatar.jpg using Guid(82d98d3e6b902164389caa762f0ffa9a) Importer(815301076,1909f56bfc062723c751e8b465ee728b) [PhysX] Initialized MultithreadedTaskDispatcher with 16 workers.
[PhysX] Initialized MultithreadedTaskDispatcher with 16 workers.
 -> (artifact id: 'cbb13a5709139ceb2531c0b788c5983e') in 0.060130 seconds
Number of updated asset objects reloaded before import = 0
Number of asset objects unloaded after import = 3
========================================================================
Received Import Request.
  Time since last request: 2.059602 seconds.
  path: Assets/Prefabs/PLayerSlot.prefab
  artifactKey: Guid(822f629888c63064daa41aba28bc48ba) Importer(815301076,1909f56bfc062723c751e8b465ee728b)
Start importing Assets/Prefabs/PLayerSlot.prefab using Guid(822f629888c63064daa41aba28bc48ba) Importer(815301076,1909f56bfc062723c751e8b465ee728b) [PhysX] Initialized MultithreadedTaskDispatcher with 16 workers.
 -> (artifact id: 'daa46d2bc2b01f7be9fb10d738494470') in 0.013818 seconds
Number of updated asset objects reloaded before import = 0
Number of asset objects unloaded after import = 41
========================================================================
Received Import Request.
  Time since last request: 9.714180 seconds.
  path: Assets/Prefabs/PLayerSlot.prefab
  artifactKey: Guid(822f629888c63064daa41aba28bc48ba) Importer(815301076,1909f56bfc062723c751e8b465ee728b)
Start importing Assets/Prefabs/PLayerSlot.prefab using Guid(822f629888c63064daa41aba28bc48ba) Importer(815301076,1909f56bfc062723c751e8b465ee728b) [PhysX] Initialized MultithreadedTaskDispatcher with 16 workers.
 -> (artifact id: 'd1e9f7ac5d056d7d78d65bd767cfe00a') in 0.013810 seconds
Number of updated asset objects reloaded before import = 0
Number of asset objects unloaded after import = 41
========================================================================
Received Import Request.
  Time since last request: 2.395959 seconds.
  path: Assets/Prefabs/PLayerSlot.prefab
  artifactKey: Guid(822f629888c63064daa41aba28bc48ba) Importer(815301076,1909f56bfc062723c751e8b465ee728b)
Start importing Assets/Prefabs/PLayerSlot.prefab using Guid(822f629888c63064daa41aba28bc48ba) Importer(815301076,1909f56bfc062723c751e8b465ee728b) [PhysX] Initialized MultithreadedTaskDispatcher with 16 workers.
 -> (artifact id: 'c4198ca62b75013b4d3db8e7167c7c98') in 0.013811 seconds
Number of updated asset objects reloaded before import = 0
Number of asset objects unloaded after import = 41
========================================================================
Received Import Request.
  Time since last request: 9.235014 seconds.
  path: Assets/Prefabs/PLayerSlot.prefab
  artifactKey: Guid(822f629888c63064daa41aba28bc48ba) Importer(815301076,1909f56bfc062723c751e8b465ee728b)
Start importing Assets/Prefabs/PLayerSlot.prefab using Guid(822f629888c63064daa41aba28bc48ba) Importer(815301076,1909f56bfc062723c751e8b465ee728b) [PhysX] Initialized MultithreadedTaskDispatcher with 16 workers.
 -> (artifact id: 'b424ef8abcbce820472c7c6402172d59') in 0.015183 seconds
Number of updated asset objects reloaded before import = 0
Number of asset objects unloaded after import = 41
========================================================================
Received Import Request.
  Time since last request: 7.246908 seconds.
  path: Assets/Prefabs/PLayerSlot.prefab
  artifactKey: Guid(822f629888c63064daa41aba28bc48ba) Importer(815301076,1909f56bfc062723c751e8b465ee728b)
Start importing Assets/Prefabs/PLayerSlot.prefab using Guid(822f629888c63064daa41aba28bc48ba) Importer(815301076,1909f56bfc062723c751e8b465ee728b) [PhysX] Initialized MultithreadedTaskDispatcher with 16 workers.
 -> (artifact id: '2e32e2b62cbb27c6c281020b4cbae0d2') in 0.014359 seconds
Number of updated asset objects reloaded before import = 0
Number of asset objects unloaded after import = 41
========================================================================
Received Import Request.
  Time since last request: 11.273543 seconds.
  path: Assets/Prefabs/PLayerSlot.prefab
  artifactKey: Guid(822f629888c63064daa41aba28bc48ba) Importer(815301076,1909f56bfc062723c751e8b465ee728b)
Start importing Assets/Prefabs/PLayerSlot.prefab using Guid(822f629888c63064daa41aba28bc48ba) Importer(815301076,1909f56bfc062723c751e8b465ee728b) [PhysX] Initialized MultithreadedTaskDispatcher with 16 workers.
 -> (artifact id: '427d7657e075093b102f3b2811762768') in 0.014477 seconds
Number of updated asset objects reloaded before import = 0
Number of asset objects unloaded after import = 41
========================================================================
Received Import Request.
  Time since last request: 34.850801 seconds.
  path: Assets/Prefabs/PLayerSlot.prefab
  artifactKey: Guid(822f629888c63064daa41aba28bc48ba) Importer(815301076,1909f56bfc062723c751e8b465ee728b)
Start importing Assets/Prefabs/PLayerSlot.prefab using Guid(822f629888c63064daa41aba28bc48ba) Importer(815301076,1909f56bfc062723c751e8b465ee728b) [PhysX] Initialized MultithreadedTaskDispatcher with 16 workers.
 -> (artifact id: '73f4d9e6f561de9806b9ae8ee9141f9a') in 0.013937 seconds
Number of updated asset objects reloaded before import = 0
Number of asset objects unloaded after import = 41
========================================================================
Received Import Request.
  Time since last request: 0.602356 seconds.
  path: Assets/Prefabs/PLayerSlot.prefab
  artifactKey: Guid(822f629888c63064daa41aba28bc48ba) Importer(815301076,1909f56bfc062723c751e8b465ee728b)
Start importing Assets/Prefabs/PLayerSlot.prefab using Guid(822f629888c63064daa41aba28bc48ba) Importer(815301076,1909f56bfc062723c751e8b465ee728b) [PhysX] Initialized MultithreadedTaskDispatcher with 16 workers.
 -> (artifact id: 'b992d89daa84fedbc6d8c2525127451a') in 0.013754 seconds
Number of updated asset objects reloaded before import = 0
Number of asset objects unloaded after import = 41
========================================================================
Received Import Request.
  Time since last request: 0.566542 seconds.
  path: Assets/Prefabs/PLayerSlot.prefab
  artifactKey: Guid(822f629888c63064daa41aba28bc48ba) Importer(815301076,1909f56bfc062723c751e8b465ee728b)
Start importing Assets/Prefabs/PLayerSlot.prefab using Guid(822f629888c63064daa41aba28bc48ba) Importer(815301076,1909f56bfc062723c751e8b465ee728b) [PhysX] Initialized MultithreadedTaskDispatcher with 16 workers.
 -> (artifact id: '2885aa7df9de8809dcb66e1e48e7164b') in 0.013858 seconds
Number of updated asset objects reloaded before import = 0
Number of asset objects unloaded after import = 41
========================================================================
Received Import Request.
  Time since last request: 1.992850 seconds.
  path: Assets/Prefabs/PLayerSlot.prefab
  artifactKey: Guid(822f629888c63064daa41aba28bc48ba) Importer(815301076,1909f56bfc062723c751e8b465ee728b)
Start importing Assets/Prefabs/PLayerSlot.prefab using Guid(822f629888c63064daa41aba28bc48ba) Importer(815301076,1909f56bfc062723c751e8b465ee728b) [PhysX] Initialized MultithreadedTaskDispatcher with 16 workers.
 -> (artifact id: 'd01b2fba120678e02907df085c8c5cb5') in 0.013730 seconds
Number of updated asset objects reloaded before import = 0
Number of asset objects unloaded after import = 41
========================================================================
Received Import Request.
  Time since last request: 0.381951 seconds.
  path: Assets/Prefabs/PLayerSlot.prefab
  artifactKey: Guid(822f629888c63064daa41aba28bc48ba) Importer(815301076,1909f56bfc062723c751e8b465ee728b)
Start importing Assets/Prefabs/PLayerSlot.prefab using Guid(822f629888c63064daa41aba28bc48ba) Importer(815301076,1909f56bfc062723c751e8b465ee728b) [PhysX] Initialized MultithreadedTaskDispatcher with 16 workers.
 -> (artifact id: 'd1633f1fde86d367d0099a3f6d4c8f74') in 0.014339 seconds
Number of updated asset objects reloaded before import = 0
Number of asset objects unloaded after import = 41
========================================================================
Received Import Request.
  Time since last request: 0.988918 seconds.
  path: Assets/Prefabs/PLayerSlot.prefab
  artifactKey: Guid(822f629888c63064daa41aba28bc48ba) Importer(815301076,1909f56bfc062723c751e8b465ee728b)
Start importing Assets/Prefabs/PLayerSlot.prefab using Guid(822f629888c63064daa41aba28bc48ba) Importer(815301076,1909f56bfc062723c751e8b465ee728b) [PhysX] Initialized MultithreadedTaskDispatcher with 16 workers.
 -> (artifact id: '23b937f37c373da54ec467537c13a173') in 0.014283 seconds
Number of updated asset objects reloaded before import = 0
Number of asset objects unloaded after import = 41
========================================================================
Received Import Request.
  Time since last request: 1.200122 seconds.
  path: Assets/Prefabs/PLayerSlot.prefab
  artifactKey: Guid(822f629888c63064daa41aba28bc48ba) Importer(815301076,1909f56bfc062723c751e8b465ee728b)
Start importing Assets/Prefabs/PLayerSlot.prefab using Guid(822f629888c63064daa41aba28bc48ba) Importer(815301076,1909f56bfc062723c751e8b465ee728b) [PhysX] Initialized MultithreadedTaskDispatcher with 16 workers.
 -> (artifact id: 'ce2f2875848e377d0ee915e2af9ef821') in 0.013471 seconds
Number of updated asset objects reloaded before import = 0
Number of asset objects unloaded after import = 41
========================================================================
Received Import Request.
  Time since last request: 30.707896 seconds.
  path: Assets/Prefabs/PLayerSlot.prefab
  artifactKey: Guid(822f629888c63064daa41aba28bc48ba) Importer(815301076,1909f56bfc062723c751e8b465ee728b)
Start importing Assets/Prefabs/PLayerSlot.prefab using Guid(822f629888c63064daa41aba28bc48ba) Importer(815301076,1909f56bfc062723c751e8b465ee728b) [PhysX] Initialized MultithreadedTaskDispatcher with 16 workers.
 -> (artifact id: '24bb4feea6ce37e78deabe7dee98fcc2') in 0.014259 seconds
Number of updated asset objects reloaded before import = 0
Number of asset objects unloaded after import = 41
========================================================================
Received Import Request.
  Time since last request: 12.711004 seconds.
  path: Assets/Prefabs/PLayerSlot.prefab
  artifactKey: Guid(822f629888c63064daa41aba28bc48ba) Importer(815301076,1909f56bfc062723c751e8b465ee728b)
Start importing Assets/Prefabs/PLayerSlot.prefab using Guid(822f629888c63064daa41aba28bc48ba) Importer(815301076,1909f56bfc062723c751e8b465ee728b) [PhysX] Initialized MultithreadedTaskDispatcher with 16 workers.
 -> (artifact id: 'a00644eefc7bf32296ee76fc688130dd') in 0.020232 seconds
Number of updated asset objects reloaded before import = 0
Number of asset objects unloaded after import = 41
========================================================================
Received Import Request.
  Time since last request: 10.924693 seconds.
  path: Assets/Prefabs/PLayerSlot.prefab
  artifactKey: Guid(822f629888c63064daa41aba28bc48ba) Importer(815301076,1909f56bfc062723c751e8b465ee728b)
Start importing Assets/Prefabs/PLayerSlot.prefab using Guid(822f629888c63064daa41aba28bc48ba) Importer(815301076,1909f56bfc062723c751e8b465ee728b) [PhysX] Initialized MultithreadedTaskDispatcher with 16 workers.
 -> (artifact id: 'ed8a417f456ae1d58fa5bf0310911a55') in 0.013805 seconds
Number of updated asset objects reloaded before import = 0
Number of asset objects unloaded after import = 40
========================================================================
Received Import Request.
  Time since last request: 57.168077 seconds.
  path: Assets/Prefabs/PLayerSlot.prefab
  artifactKey: Guid(822f629888c63064daa41aba28bc48ba) Importer(815301076,1909f56bfc062723c751e8b465ee728b)
Start importing Assets/Prefabs/PLayerSlot.prefab using Guid(822f629888c63064daa41aba28bc48ba) Importer(815301076,1909f56bfc062723c751e8b465ee728b) [PhysX] Initialized MultithreadedTaskDispatcher with 16 workers.
 -> (artifact id: 'f21d0a70fb9ee0eaff63f7b13df4a244') in 0.013986 seconds
Number of updated asset objects reloaded before import = 0
Number of asset objects unloaded after import = 40
========================================================================
Received Import Request.
  Time since last request: 1.986949 seconds.
  path: Assets/Prefabs/PLayerSlot.prefab
  artifactKey: Guid(822f629888c63064daa41aba28bc48ba) Importer(815301076,1909f56bfc062723c751e8b465ee728b)
Start importing Assets/Prefabs/PLayerSlot.prefab using Guid(822f629888c63064daa41aba28bc48ba) Importer(815301076,1909f56bfc062723c751e8b465ee728b) [PhysX] Initialized MultithreadedTaskDispatcher with 16 workers.
 -> (artifact id: 'c70b1c0c19a69acb913226498f2b01d9') in 0.015029 seconds
Number of updated asset objects reloaded before import = 0
Number of asset objects unloaded after import = 40
========================================================================
Received Import Request.
  Time since last request: 5.617881 seconds.
  path: Assets/Prefabs/PLayerSlot.prefab
  artifactKey: Guid(822f629888c63064daa41aba28bc48ba) Importer(815301076,1909f56bfc062723c751e8b465ee728b)
Start importing Assets/Prefabs/PLayerSlot.prefab using Guid(822f629888c63064daa41aba28bc48ba) Importer(815301076,1909f56bfc062723c751e8b465ee728b) [PhysX] Initialized MultithreadedTaskDispatcher with 16 workers.
 -> (artifact id: '5a1329790740ca5a296c0adbe7eb7969') in 0.013853 seconds
Number of updated asset objects reloaded before import = 0
Number of asset objects unloaded after import = 40
========================================================================
Received Import Request.
  Time since last request: 1.387021 seconds.
  path: Assets/Prefabs/PLayerSlot.prefab
  artifactKey: Guid(822f629888c63064daa41aba28bc48ba) Importer(815301076,1909f56bfc062723c751e8b465ee728b)
Start importing Assets/Prefabs/PLayerSlot.prefab using Guid(822f629888c63064daa41aba28bc48ba) Importer(815301076,1909f56bfc062723c751e8b465ee728b) [PhysX] Initialized MultithreadedTaskDispatcher with 16 workers.
 -> (artifact id: '72e1beeda42922bd4d376bfc83a6aae9') in 0.013812 seconds
Number of updated asset objects reloaded before import = 0
Number of asset objects unloaded after import = 40
========================================================================
Received Import Request.
  Time since last request: 17.491738 seconds.
  path: Assets/Prefabs/PLayerSlot.prefab
  artifactKey: Guid(822f629888c63064daa41aba28bc48ba) Importer(815301076,1909f56bfc062723c751e8b465ee728b)
Start importing Assets/Prefabs/PLayerSlot.prefab using Guid(822f629888c63064daa41aba28bc48ba) Importer(815301076,1909f56bfc062723c751e8b465ee728b) [PhysX] Initialized MultithreadedTaskDispatcher with 16 workers.
 -> (artifact id: '64b6f695dea0658c9bbf0e2a69935a87') in 0.014238 seconds
Number of updated asset objects reloaded before import = 0
Number of asset objects unloaded after import = 39
========================================================================
Received Import Request.
  Time since last request: 3.601447 seconds.
  path: Assets/Prefabs/PLayerSlot.prefab
  artifactKey: Guid(822f629888c63064daa41aba28bc48ba) Importer(815301076,1909f56bfc062723c751e8b465ee728b)
Start importing Assets/Prefabs/PLayerSlot.prefab using Guid(822f629888c63064daa41aba28bc48ba) Importer(815301076,1909f56bfc062723c751e8b465ee728b) [PhysX] Initialized MultithreadedTaskDispatcher with 16 workers.
 -> (artifact id: '07152a4c28508b8740fd1e7ae1cda3b0') in 0.014300 seconds
Number of updated asset objects reloaded before import = 0
Number of asset objects unloaded after import = 39
========================================================================
Received Import Request.
  Time since last request: 5.206489 seconds.
  path: Assets/Prefabs/PLayerSlot.prefab
  artifactKey: Guid(822f629888c63064daa41aba28bc48ba) Importer(815301076,1909f56bfc062723c751e8b465ee728b)
Start importing Assets/Prefabs/PLayerSlot.prefab using Guid(822f629888c63064daa41aba28bc48ba) Importer(815301076,1909f56bfc062723c751e8b465ee728b) [PhysX] Initialized MultithreadedTaskDispatcher with 16 workers.
 -> (artifact id: 'b139d85ecac6b537da81e3a0e01010a9') in 0.013952 seconds
Number of updated asset objects reloaded before import = 0
Number of asset objects unloaded after import = 39
========================================================================
Received Import Request.
  Time since last request: 6.986926 seconds.
  path: Assets/Prefabs/PLayerSlot.prefab
  artifactKey: Guid(822f629888c63064daa41aba28bc48ba) Importer(815301076,1909f56bfc062723c751e8b465ee728b)
Start importing Assets/Prefabs/PLayerSlot.prefab using Guid(822f629888c63064daa41aba28bc48ba) Importer(815301076,1909f56bfc062723c751e8b465ee728b) [PhysX] Initialized MultithreadedTaskDispatcher with 16 workers.
 -> (artifact id: '4d9774b8e9d24a536583e8983a52ccf6') in 0.014059 seconds
Number of updated asset objects reloaded before import = 0
Number of asset objects unloaded after import = 39
========================================================================
Received Import Request.
  Time since last request: 8.246068 seconds.
  path: Assets/Prefabs/PLayerSlot.prefab
  artifactKey: Guid(822f629888c63064daa41aba28bc48ba) Importer(815301076,1909f56bfc062723c751e8b465ee728b)
Start importing Assets/Prefabs/PLayerSlot.prefab using Guid(822f629888c63064daa41aba28bc48ba) Importer(815301076,1909f56bfc062723c751e8b465ee728b) [PhysX] Initialized MultithreadedTaskDispatcher with 16 workers.
 -> (artifact id: '12dca868dfd083dc5e6a4d6e772a484c') in 0.013763 seconds
Number of updated asset objects reloaded before import = 0
Number of asset objects unloaded after import = 39
========================================================================
Received Import Request.
  Time since last request: 4.019649 seconds.
  path: Assets/Prefabs/PLayerSlot.prefab
  artifactKey: Guid(822f629888c63064daa41aba28bc48ba) Importer(815301076,1909f56bfc062723c751e8b465ee728b)
Start importing Assets/Prefabs/PLayerSlot.prefab using Guid(822f629888c63064daa41aba28bc48ba) Importer(815301076,1909f56bfc062723c751e8b465ee728b) [PhysX] Initialized MultithreadedTaskDispatcher with 16 workers.
 -> (artifact id: '4bbff3dd8e01c0c9d00ee6a5a04245a3') in 0.014590 seconds
Number of updated asset objects reloaded before import = 0
Number of asset objects unloaded after import = 39
========================================================================
Received Import Request.
  Time since last request: 4.221865 seconds.
  path: Assets/Prefabs/PLayerSlot.prefab
  artifactKey: Guid(822f629888c63064daa41aba28bc48ba) Importer(815301076,1909f56bfc062723c751e8b465ee728b)
Start importing Assets/Prefabs/PLayerSlot.prefab using Guid(822f629888c63064daa41aba28bc48ba) Importer(815301076,1909f56bfc062723c751e8b465ee728b) [PhysX] Initialized MultithreadedTaskDispatcher with 16 workers.
 -> (artifact id: '002db1ac5a3e760b684a89dcdd63750c') in 0.016103 seconds
Number of updated asset objects reloaded before import = 0
Number of asset objects unloaded after import = 39
========================================================================
Received Import Request.
  Time since last request: 5.550911 seconds.
  path: Assets/Prefabs/PLayerSlot.prefab
  artifactKey: Guid(822f629888c63064daa41aba28bc48ba) Importer(815301076,1909f56bfc062723c751e8b465ee728b)
Start importing Assets/Prefabs/PLayerSlot.prefab using Guid(822f629888c63064daa41aba28bc48ba) Importer(815301076,1909f56bfc062723c751e8b465ee728b) [PhysX] Initialized MultithreadedTaskDispatcher with 16 workers.
 -> (artifact id: '2d61b2eef64c2c83caa2e4599921b2c0') in 0.014381 seconds
Number of updated asset objects reloaded before import = 0
Number of asset objects unloaded after import = 39
========================================================================
Received Import Request.
  Time since last request: 14.163064 seconds.
  path: Assets/Prefabs/PLayerSlot.prefab
  artifactKey: Guid(822f629888c63064daa41aba28bc48ba) Importer(815301076,1909f56bfc062723c751e8b465ee728b)
Start importing Assets/Prefabs/PLayerSlot.prefab using Guid(822f629888c63064daa41aba28bc48ba) Importer(815301076,1909f56bfc062723c751e8b465ee728b) [PhysX] Initialized MultithreadedTaskDispatcher with 16 workers.
 -> (artifact id: '6213019bcdf0457133e33f1f51db58c4') in 0.014293 seconds
Number of updated asset objects reloaded before import = 0
Number of asset objects unloaded after import = 39
========================================================================
Received Import Request.
  Time since last request: 3.610714 seconds.
  path: Assets/Prefabs/PLayerSlot.prefab
  artifactKey: Guid(822f629888c63064daa41aba28bc48ba) Importer(815301076,1909f56bfc062723c751e8b465ee728b)
Start importing Assets/Prefabs/PLayerSlot.prefab using Guid(822f629888c63064daa41aba28bc48ba) Importer(815301076,1909f56bfc062723c751e8b465ee728b) [PhysX] Initialized MultithreadedTaskDispatcher with 16 workers.
 -> (artifact id: '5b9cddbad51feec4b514103a5167dd96') in 0.015578 seconds
Number of updated asset objects reloaded before import = 0
Number of asset objects unloaded after import = 39
========================================================================
Received Import Request.
  Time since last request: 1.797824 seconds.
  path: Assets/Prefabs/PLayerSlot.prefab
  artifactKey: Guid(822f629888c63064daa41aba28bc48ba) Importer(815301076,1909f56bfc062723c751e8b465ee728b)
Start importing Assets/Prefabs/PLayerSlot.prefab using Guid(822f629888c63064daa41aba28bc48ba) Importer(815301076,1909f56bfc062723c751e8b465ee728b) [PhysX] Initialized MultithreadedTaskDispatcher with 16 workers.
 -> (artifact id: 'a5db3bfaa5e440d441d6d87461809b6e') in 0.013836 seconds
Number of updated asset objects reloaded before import = 0
Number of asset objects unloaded after import = 39
========================================================================
Received Import Request.
  Time since last request: 3.898240 seconds.
  path: Assets/Prefabs/PLayerSlot.prefab
  artifactKey: Guid(822f629888c63064daa41aba28bc48ba) Importer(815301076,1909f56bfc062723c751e8b465ee728b)
Start importing Assets/Prefabs/PLayerSlot.prefab using Guid(822f629888c63064daa41aba28bc48ba) Importer(815301076,1909f56bfc062723c751e8b465ee728b) [PhysX] Initialized MultithreadedTaskDispatcher with 16 workers.
 -> (artifact id: '901e28d0abd8ee5133eae72ef7af83b4') in 0.013718 seconds
Number of updated asset objects reloaded before import = 0
Number of asset objects unloaded after import = 39
========================================================================
Received Import Request.
  Time since last request: 6.655620 seconds.
  path: Assets/Prefabs/PLayerSlot.prefab
  artifactKey: Guid(822f629888c63064daa41aba28bc48ba) Importer(815301076,1909f56bfc062723c751e8b465ee728b)
Start importing Assets/Prefabs/PLayerSlot.prefab using Guid(822f629888c63064daa41aba28bc48ba) Importer(815301076,1909f56bfc062723c751e8b465ee728b) [PhysX] Initialized MultithreadedTaskDispatcher with 16 workers.
 -> (artifact id: '9124ce1e4ed8a03c0ccc0f6ba87e3418') in 0.017344 seconds
Number of updated asset objects reloaded before import = 0
Number of asset objects unloaded after import = 39
========================================================================
Received Import Request.
  Time since last request: 4.646989 seconds.
  path: Assets/Prefabs/PLayerSlot.prefab
  artifactKey: Guid(822f629888c63064daa41aba28bc48ba) Importer(815301076,1909f56bfc062723c751e8b465ee728b)
Start importing Assets/Prefabs/PLayerSlot.prefab using Guid(822f629888c63064daa41aba28bc48ba) Importer(815301076,1909f56bfc062723c751e8b465ee728b) [PhysX] Initialized MultithreadedTaskDispatcher with 16 workers.
 -> (artifact id: '6290521dff8144e31f84a8b8ca42ec49') in 0.014040 seconds
Number of updated asset objects reloaded before import = 0
Number of asset objects unloaded after import = 39
========================================================================
Received Import Request.
  Time since last request: 1.996846 seconds.
  path: Assets/Prefabs/PLayerSlot.prefab
  artifactKey: Guid(822f629888c63064daa41aba28bc48ba) Importer(815301076,1909f56bfc062723c751e8b465ee728b)
Start importing Assets/Prefabs/PLayerSlot.prefab using Guid(822f629888c63064daa41aba28bc48ba) Importer(815301076,1909f56bfc062723c751e8b465ee728b) [PhysX] Initialized MultithreadedTaskDispatcher with 16 workers.
 -> (artifact id: 'b24ede3446b77817b11c567cf275681d') in 0.013741 seconds
Number of updated asset objects reloaded before import = 0
Number of asset objects unloaded after import = 39
========================================================================
Received Import Request.
  Time since last request: 1.593873 seconds.
  path: Assets/Prefabs/PLayerSlot.prefab
  artifactKey: Guid(822f629888c63064daa41aba28bc48ba) Importer(815301076,1909f56bfc062723c751e8b465ee728b)
Start importing Assets/Prefabs/PLayerSlot.prefab using Guid(822f629888c63064daa41aba28bc48ba) Importer(815301076,1909f56bfc062723c751e8b465ee728b) [PhysX] Initialized MultithreadedTaskDispatcher with 16 workers.
 -> (artifact id: 'f6c420e2d7eb93c8c08a93034767cee1') in 0.013731 seconds
Number of updated asset objects reloaded before import = 0
Number of asset objects unloaded after import = 39
========================================================================
Received Import Request.
  Time since last request: 1.600400 seconds.
  path: Assets/Prefabs/PLayerSlot.prefab
  artifactKey: Guid(822f629888c63064daa41aba28bc48ba) Importer(815301076,1909f56bfc062723c751e8b465ee728b)
Start importing Assets/Prefabs/PLayerSlot.prefab using Guid(822f629888c63064daa41aba28bc48ba) Importer(815301076,1909f56bfc062723c751e8b465ee728b) [PhysX] Initialized MultithreadedTaskDispatcher with 16 workers.
 -> (artifact id: 'aabeb4922c073ead73d758cca5b29788') in 0.014080 seconds
Number of updated asset objects reloaded before import = 0
Number of asset objects unloaded after import = 39
========================================================================
Received Import Request.
  Time since last request: 13.483843 seconds.
  path: Assets/Prefabs/PLayerSlot.prefab
  artifactKey: Guid(822f629888c63064daa41aba28bc48ba) Importer(815301076,1909f56bfc062723c751e8b465ee728b)
Start importing Assets/Prefabs/PLayerSlot.prefab using Guid(822f629888c63064daa41aba28bc48ba) Importer(815301076,1909f56bfc062723c751e8b465ee728b) [PhysX] Initialized MultithreadedTaskDispatcher with 16 workers.
 -> (artifact id: 'c911f706df1f90ba565643c7ab57c4c2') in 0.014100 seconds
Number of updated asset objects reloaded before import = 0
Number of asset objects unloaded after import = 43
========================================================================
Received Import Request.
  Time since last request: 3.407940 seconds.
  path: Assets/Prefabs/PLayerSlot.prefab
  artifactKey: Guid(822f629888c63064daa41aba28bc48ba) Importer(815301076,1909f56bfc062723c751e8b465ee728b)
Start importing Assets/Prefabs/PLayerSlot.prefab using Guid(822f629888c63064daa41aba28bc48ba) Importer(815301076,1909f56bfc062723c751e8b465ee728b) [PhysX] Initialized MultithreadedTaskDispatcher with 16 workers.
 -> (artifact id: '00062181bda9422ec99621e43594c8c7') in 0.014792 seconds
Number of updated asset objects reloaded before import = 0
Number of asset objects unloaded after import = 43
========================================================================
Received Import Request.
  Time since last request: 11.663836 seconds.
  path: Assets/Prefabs/PLayerSlot.prefab
  artifactKey: Guid(822f629888c63064daa41aba28bc48ba) Importer(815301076,1909f56bfc062723c751e8b465ee728b)
Start importing Assets/Prefabs/PLayerSlot.prefab using Guid(822f629888c63064daa41aba28bc48ba) Importer(815301076,1909f56bfc062723c751e8b465ee728b) [PhysX] Initialized MultithreadedTaskDispatcher with 16 workers.
 -> (artifact id: 'fab925ed49ede974187c4d98f43dfacf') in 0.014061 seconds
Number of updated asset objects reloaded before import = 0
Number of asset objects unloaded after import = 44
========================================================================
Received Import Request.
  Time since last request: 10.451305 seconds.
  path: Assets/Prefabs/PLayerSlot.prefab
  artifactKey: Guid(822f629888c63064daa41aba28bc48ba) Importer(815301076,1909f56bfc062723c751e8b465ee728b)
Start importing Assets/Prefabs/PLayerSlot.prefab using Guid(822f629888c63064daa41aba28bc48ba) Importer(815301076,1909f56bfc062723c751e8b465ee728b) [PhysX] Initialized MultithreadedTaskDispatcher with 16 workers.
 -> (artifact id: '21a6facfe4578a3798e746caca86f337') in 0.014135 seconds
Number of updated asset objects reloaded before import = 0
Number of asset objects unloaded after import = 44
========================================================================
Received Import Request.
  Time since last request: 1.390208 seconds.
  path: Assets/Prefabs/PLayerSlot.prefab
  artifactKey: Guid(822f629888c63064daa41aba28bc48ba) Importer(815301076,1909f56bfc062723c751e8b465ee728b)
Start importing Assets/Prefabs/PLayerSlot.prefab using Guid(822f629888c63064daa41aba28bc48ba) Importer(815301076,1909f56bfc062723c751e8b465ee728b) [PhysX] Initialized MultithreadedTaskDispatcher with 16 workers.
 -> (artifact id: 'dad0fe77fcdff512591d523c52414f6d') in 0.014567 seconds
Number of updated asset objects reloaded before import = 0
Number of asset objects unloaded after import = 44
========================================================================
Received Import Request.
  Time since last request: 1.189112 seconds.
  path: Assets/Prefabs/PLayerSlot.prefab
  artifactKey: Guid(822f629888c63064daa41aba28bc48ba) Importer(815301076,1909f56bfc062723c751e8b465ee728b)
Start importing Assets/Prefabs/PLayerSlot.prefab using Guid(822f629888c63064daa41aba28bc48ba) Importer(815301076,1909f56bfc062723c751e8b465ee728b) [PhysX] Initialized MultithreadedTaskDispatcher with 16 workers.
 -> (artifact id: '5a3012d10bbd2da0a854a667eee238e4') in 0.015503 seconds
Number of updated asset objects reloaded before import = 0
Number of asset objects unloaded after import = 44
========================================================================
Received Import Request.
  Time since last request: 1.406534 seconds.
  path: Assets/Prefabs/PLayerSlot.prefab
  artifactKey: Guid(822f629888c63064daa41aba28bc48ba) Importer(815301076,1909f56bfc062723c751e8b465ee728b)
Start importing Assets/Prefabs/PLayerSlot.prefab using Guid(822f629888c63064daa41aba28bc48ba) Importer(815301076,1909f56bfc062723c751e8b465ee728b) [PhysX] Initialized MultithreadedTaskDispatcher with 16 workers.
 -> (artifact id: '45a73122db660135b79b935bc4fa3644') in 0.014918 seconds
Number of updated asset objects reloaded before import = 0
Number of asset objects unloaded after import = 44
========================================================================
Received Import Request.
  Time since last request: 1.795954 seconds.
  path: Assets/Prefabs/PLayerSlot.prefab
  artifactKey: Guid(822f629888c63064daa41aba28bc48ba) Importer(815301076,1909f56bfc062723c751e8b465ee728b)
Start importing Assets/Prefabs/PLayerSlot.prefab using Guid(822f629888c63064daa41aba28bc48ba) Importer(815301076,1909f56bfc062723c751e8b465ee728b) [PhysX] Initialized MultithreadedTaskDispatcher with 16 workers.
 -> (artifact id: '20b958143ff4511b627714f9552f5a08') in 0.015264 seconds
Number of updated asset objects reloaded before import = 0
Number of asset objects unloaded after import = 44
========================================================================
Received Import Request.
  Time since last request: 6.257589 seconds.
  path: Assets/Prefabs/PLayerSlot.prefab
  artifactKey: Guid(822f629888c63064daa41aba28bc48ba) Importer(815301076,1909f56bfc062723c751e8b465ee728b)
Start importing Assets/Prefabs/PLayerSlot.prefab using Guid(822f629888c63064daa41aba28bc48ba) Importer(815301076,1909f56bfc062723c751e8b465ee728b) [PhysX] Initialized MultithreadedTaskDispatcher with 16 workers.
 -> (artifact id: 'b841bd10bb0c162866b9ecfca561b155') in 0.013990 seconds
Number of updated asset objects reloaded before import = 0
Number of asset objects unloaded after import = 44
========================================================================
Received Import Request.
  Time since last request: 7.841364 seconds.
  path: Assets/Prefabs/PLayerSlot.prefab
  artifactKey: Guid(822f629888c63064daa41aba28bc48ba) Importer(815301076,1909f56bfc062723c751e8b465ee728b)
Start importing Assets/Prefabs/PLayerSlot.prefab using Guid(822f629888c63064daa41aba28bc48ba) Importer(815301076,1909f56bfc062723c751e8b465ee728b) [PhysX] Initialized MultithreadedTaskDispatcher with 16 workers.
 -> (artifact id: 'a9e8e8a91b2213d268bc772f984e26f0') in 0.014661 seconds
Number of updated asset objects reloaded before import = 0
Number of asset objects unloaded after import = 44
========================================================================
Received Import Request.
  Time since last request: 5.427581 seconds.
  path: Assets/Prefabs/PLayerSlot.prefab
  artifactKey: Guid(822f629888c63064daa41aba28bc48ba) Importer(815301076,1909f56bfc062723c751e8b465ee728b)
Start importing Assets/Prefabs/PLayerSlot.prefab using Guid(822f629888c63064daa41aba28bc48ba) Importer(815301076,1909f56bfc062723c751e8b465ee728b) [PhysX] Initialized MultithreadedTaskDispatcher with 16 workers.
 -> (artifact id: '87afdc06b61b6cb03c4af095bf4a0cb0') in 0.014219 seconds
Number of updated asset objects reloaded before import = 0
Number of asset objects unloaded after import = 44
========================================================================
Received Import Request.
  Time since last request: 9.046240 seconds.
  path: Assets/Prefabs/PLayerSlot.prefab
  artifactKey: Guid(822f629888c63064daa41aba28bc48ba) Importer(815301076,1909f56bfc062723c751e8b465ee728b)
Start importing Assets/Prefabs/PLayerSlot.prefab using Guid(822f629888c63064daa41aba28bc48ba) Importer(815301076,1909f56bfc062723c751e8b465ee728b) [PhysX] Initialized MultithreadedTaskDispatcher with 16 workers.
 -> (artifact id: '55d2c1a09b59e0f582bfdc9bbab65c33') in 0.014356 seconds
Number of updated asset objects reloaded before import = 0
Number of asset objects unloaded after import = 45
========================================================================
Received Import Request.
  Time since last request: 4.022439 seconds.
  path: Assets/Prefabs/PLayerSlot.prefab
  artifactKey: Guid(822f629888c63064daa41aba28bc48ba) Importer(815301076,1909f56bfc062723c751e8b465ee728b)
Start importing Assets/Prefabs/PLayerSlot.prefab using Guid(822f629888c63064daa41aba28bc48ba) Importer(815301076,1909f56bfc062723c751e8b465ee728b) [PhysX] Initialized MultithreadedTaskDispatcher with 16 workers.
 -> (artifact id: '1e15a35817d3991f0d612bd8ef81ce24') in 0.013904 seconds
Number of updated asset objects reloaded before import = 0
Number of asset objects unloaded after import = 45
========================================================================
Received Import Request.
  Time since last request: 0.975008 seconds.
  path: Assets/Prefabs/PLayerSlot.prefab
  artifactKey: Guid(822f629888c63064daa41aba28bc48ba) Importer(815301076,1909f56bfc062723c751e8b465ee728b)
Start importing Assets/Prefabs/PLayerSlot.prefab using Guid(822f629888c63064daa41aba28bc48ba) Importer(815301076,1909f56bfc062723c751e8b465ee728b) [PhysX] Initialized MultithreadedTaskDispatcher with 16 workers.
 -> (artifact id: '7e75ec3e10fdb4a70f242fb01295980e') in 0.015361 seconds
Number of updated asset objects reloaded before import = 0
Number of asset objects unloaded after import = 45
========================================================================
Received Import Request.
  Time since last request: 0.379418 seconds.
  path: Assets/Prefabs/PLayerSlot.prefab
  artifactKey: Guid(822f629888c63064daa41aba28bc48ba) Importer(815301076,1909f56bfc062723c751e8b465ee728b)
Start importing Assets/Prefabs/PLayerSlot.prefab using Guid(822f629888c63064daa41aba28bc48ba) Importer(815301076,1909f56bfc062723c751e8b465ee728b) [PhysX] Initialized MultithreadedTaskDispatcher with 16 workers.
 -> (artifact id: '3c15e92a9d57fc30d571392d01889966') in 0.016960 seconds
Number of updated asset objects reloaded before import = 0
Number of asset objects unloaded after import = 45
========================================================================
Received Import Request.
  Time since last request: 1.393505 seconds.
  path: Assets/Prefabs/PLayerSlot.prefab
  artifactKey: Guid(822f629888c63064daa41aba28bc48ba) Importer(815301076,1909f56bfc062723c751e8b465ee728b)
Start importing Assets/Prefabs/PLayerSlot.prefab using Guid(822f629888c63064daa41aba28bc48ba) Importer(815301076,1909f56bfc062723c751e8b465ee728b) [PhysX] Initialized MultithreadedTaskDispatcher with 16 workers.
 -> (artifact id: '6da6d456d63eabe43b6aa10781be8e8a') in 0.014203 seconds
Number of updated asset objects reloaded before import = 0
Number of asset objects unloaded after import = 45
========================================================================
Received Import Request.
  Time since last request: 20.587559 seconds.
  path: Assets/Prefabs/PLayerSlot.prefab
  artifactKey: Guid(822f629888c63064daa41aba28bc48ba) Importer(815301076,1909f56bfc062723c751e8b465ee728b)
Start importing Assets/Prefabs/PLayerSlot.prefab using Guid(822f629888c63064daa41aba28bc48ba) Importer(815301076,1909f56bfc062723c751e8b465ee728b) [PhysX] Initialized MultithreadedTaskDispatcher with 16 workers.
 -> (artifact id: '4de92cf555f5e6d105b3baf8f14a8fb1') in 0.013979 seconds
Number of updated asset objects reloaded before import = 0
Number of asset objects unloaded after import = 45
========================================================================
Received Import Request.
  Time since last request: 11.175392 seconds.
  path: Assets/Prefabs/PLayerSlot.prefab
  artifactKey: Guid(822f629888c63064daa41aba28bc48ba) Importer(815301076,1909f56bfc062723c751e8b465ee728b)
Start importing Assets/Prefabs/PLayerSlot.prefab using Guid(822f629888c63064daa41aba28bc48ba) Importer(815301076,1909f56bfc062723c751e8b465ee728b) [PhysX] Initialized MultithreadedTaskDispatcher with 16 workers.
 -> (artifact id: 'ed4d5b3ec1dd908c9f74e64102dfb990') in 0.014296 seconds
Number of updated asset objects reloaded before import = 0
Number of asset objects unloaded after import = 45
========================================================================
Received Import Request.
  Time since last request: 11.466924 seconds.
  path: Assets/Prefabs/PLayerSlot.prefab
  artifactKey: Guid(822f629888c63064daa41aba28bc48ba) Importer(815301076,1909f56bfc062723c751e8b465ee728b)
Start importing Assets/Prefabs/PLayerSlot.prefab using Guid(822f629888c63064daa41aba28bc48ba) Importer(815301076,1909f56bfc062723c751e8b465ee728b) [PhysX] Initialized MultithreadedTaskDispatcher with 16 workers.
 -> (artifact id: '530aa8cfed59a3bb50b5a6216b5dd66b') in 0.014115 seconds
Number of updated asset objects reloaded before import = 0
Number of asset objects unloaded after import = 45
========================================================================
Received Import Request.
  Time since last request: 5.823188 seconds.
  path: Assets/Prefabs/PLayerSlot.prefab
  artifactKey: Guid(822f629888c63064daa41aba28bc48ba) Importer(815301076,1909f56bfc062723c751e8b465ee728b)
Start importing Assets/Prefabs/PLayerSlot.prefab using Guid(822f629888c63064daa41aba28bc48ba) Importer(815301076,1909f56bfc062723c751e8b465ee728b) [PhysX] Initialized MultithreadedTaskDispatcher with 16 workers.
 -> (artifact id: '9b7cbf641d2bc18bdfb9b50cd03ee262') in 0.014213 seconds
Number of updated asset objects reloaded before import = 0
Number of asset objects unloaded after import = 45
========================================================================
Received Import Request.
  Time since last request: 14.289378 seconds.
  path: Assets/Prefabs/PLayerSlot.prefab
  artifactKey: Guid(822f629888c63064daa41aba28bc48ba) Importer(815301076,1909f56bfc062723c751e8b465ee728b)
Start importing Assets/Prefabs/PLayerSlot.prefab using Guid(822f629888c63064daa41aba28bc48ba) Importer(815301076,1909f56bfc062723c751e8b465ee728b) [PhysX] Initialized MultithreadedTaskDispatcher with 16 workers.
 -> (artifact id: '1b312fa2bae09601dda74cee5b648c83') in 0.016189 seconds
Number of updated asset objects reloaded before import = 0
Number of asset objects unloaded after import = 45
========================================================================
Received Import Request.
  Time since last request: 8.435630 seconds.
  path: Assets/Prefabs/PLayerSlot.prefab
  artifactKey: Guid(822f629888c63064daa41aba28bc48ba) Importer(815301076,1909f56bfc062723c751e8b465ee728b)
Start importing Assets/Prefabs/PLayerSlot.prefab using Guid(822f629888c63064daa41aba28bc48ba) Importer(815301076,1909f56bfc062723c751e8b465ee728b) [PhysX] Initialized MultithreadedTaskDispatcher with 16 workers.
 -> (artifact id: '88f393d1f9023e576ccc388e417aab34') in 0.014441 seconds
Number of updated asset objects reloaded before import = 0
Number of asset objects unloaded after import = 45
========================================================================
Received Import Request.
  Time since last request: 2.997963 seconds.
  path: Assets/Prefabs/PLayerSlot.prefab
  artifactKey: Guid(822f629888c63064daa41aba28bc48ba) Importer(815301076,1909f56bfc062723c751e8b465ee728b)
Start importing Assets/Prefabs/PLayerSlot.prefab using Guid(822f629888c63064daa41aba28bc48ba) Importer(815301076,1909f56bfc062723c751e8b465ee728b) [PhysX] Initialized MultithreadedTaskDispatcher with 16 workers.
 -> (artifact id: '0f246cb91c5f0ba6dbb90d5356df6741') in 0.014058 seconds
Number of updated asset objects reloaded before import = 0
Number of asset objects unloaded after import = 45
========================================================================
Received Import Request.
  Time since last request: 3.407818 seconds.
  path: Assets/Prefabs/PLayerSlot.prefab
  artifactKey: Guid(822f629888c63064daa41aba28bc48ba) Importer(815301076,1909f56bfc062723c751e8b465ee728b)
Start importing Assets/Prefabs/PLayerSlot.prefab using Guid(822f629888c63064daa41aba28bc48ba) Importer(815301076,1909f56bfc062723c751e8b465ee728b) [PhysX] Initialized MultithreadedTaskDispatcher with 16 workers.
 -> (artifact id: '6b63c59de8f16700cf5fff880ee7339d') in 0.014201 seconds
Number of updated asset objects reloaded before import = 0
Number of asset objects unloaded after import = 45
========================================================================
Received Import Request.
  Time since last request: 7.433419 seconds.
  path: Assets/Prefabs/PLayerSlot.prefab
  artifactKey: Guid(822f629888c63064daa41aba28bc48ba) Importer(815301076,1909f56bfc062723c751e8b465ee728b)
Start importing Assets/Prefabs/PLayerSlot.prefab using Guid(822f629888c63064daa41aba28bc48ba) Importer(815301076,1909f56bfc062723c751e8b465ee728b) [PhysX] Initialized MultithreadedTaskDispatcher with 16 workers.
 -> (artifact id: 'c0ee20d07bddac38f50ab4a742ba0562') in 0.014278 seconds
Number of updated asset objects reloaded before import = 0
Number of asset objects unloaded after import = 45
========================================================================
Received Import Request.
  Time since last request: 0.181099 seconds.
  path: Assets/Prefabs/PLayerSlot.prefab
  artifactKey: Guid(822f629888c63064daa41aba28bc48ba) Importer(815301076,1909f56bfc062723c751e8b465ee728b)
Start importing Assets/Prefabs/PLayerSlot.prefab using Guid(822f629888c63064daa41aba28bc48ba) Importer(815301076,1909f56bfc062723c751e8b465ee728b) [PhysX] Initialized MultithreadedTaskDispatcher with 16 workers.
 -> (artifact id: '5d58a63824315592c9b0a5c66c489ce4') in 0.014413 seconds
Number of updated asset objects reloaded before import = 0
Number of asset objects unloaded after import = 45
========================================================================
Received Import Request.
  Time since last request: 10.464071 seconds.
  path: Assets/Prefabs/PLayerSlot.prefab
  artifactKey: Guid(822f629888c63064daa41aba28bc48ba) Importer(815301076,1909f56bfc062723c751e8b465ee728b)
Start importing Assets/Prefabs/PLayerSlot.prefab using Guid(822f629888c63064daa41aba28bc48ba) Importer(815301076,1909f56bfc062723c751e8b465ee728b) [PhysX] Initialized MultithreadedTaskDispatcher with 16 workers.
 -> (artifact id: '7b6e8cccbe737d03e440f1909829f3ee') in 0.014507 seconds
Number of updated asset objects reloaded before import = 0
Number of asset objects unloaded after import = 40
========================================================================
Received Import Request.
  Time since last request: 25.040108 seconds.
  path: Assets/Prefabs/PLayerSlot.prefab
  artifactKey: Guid(822f629888c63064daa41aba28bc48ba) Importer(815301076,1909f56bfc062723c751e8b465ee728b)
Start importing Assets/Prefabs/PLayerSlot.prefab using Guid(822f629888c63064daa41aba28bc48ba) Importer(815301076,1909f56bfc062723c751e8b465ee728b) [PhysX] Initialized MultithreadedTaskDispatcher with 16 workers.
 -> (artifact id: '0e8e3e30c1ce67f9c347eeacd3032acc') in 0.015207 seconds
Number of updated asset objects reloaded before import = 0
Number of asset objects unloaded after import = 43
========================================================================
Received Import Request.
  Time since last request: 14.897832 seconds.
  path: Assets/Prefabs/PLayerSlot.prefab
  artifactKey: Guid(822f629888c63064daa41aba28bc48ba) Importer(815301076,1909f56bfc062723c751e8b465ee728b)
Start importing Assets/Prefabs/PLayerSlot.prefab using Guid(822f629888c63064daa41aba28bc48ba) Importer(815301076,1909f56bfc062723c751e8b465ee728b) [PhysX] Initialized MultithreadedTaskDispatcher with 16 workers.
 -> (artifact id: '6441554f38468f5ed1727da170774c7c') in 0.013937 seconds
Number of updated asset objects reloaded before import = 0
Number of asset objects unloaded after import = 43
========================================================================
Received Import Request.
  Time since last request: 2.218422 seconds.
  path: Assets/Prefabs/PLayerSlot.prefab
  artifactKey: Guid(822f629888c63064daa41aba28bc48ba) Importer(815301076,1909f56bfc062723c751e8b465ee728b)
Start importing Assets/Prefabs/PLayerSlot.prefab using Guid(822f629888c63064daa41aba28bc48ba) Importer(815301076,1909f56bfc062723c751e8b465ee728b) [PhysX] Initialized MultithreadedTaskDispatcher with 16 workers.
 -> (artifact id: '73c86e9e467e7accbeb9b96377c7624d') in 0.015591 seconds
Number of updated asset objects reloaded before import = 0
Number of asset objects unloaded after import = 43
========================================================================
Received Import Request.
  Time since last request: 14.141913 seconds.
  path: Assets/Prefabs/PLayerSlot.prefab
  artifactKey: Guid(822f629888c63064daa41aba28bc48ba) Importer(815301076,1909f56bfc062723c751e8b465ee728b)
Start importing Assets/Prefabs/PLayerSlot.prefab using Guid(822f629888c63064daa41aba28bc48ba) Importer(815301076,1909f56bfc062723c751e8b465ee728b) [PhysX] Initialized MultithreadedTaskDispatcher with 16 workers.
 -> (artifact id: '09de833717993233aa46a40bc762ce61') in 0.015085 seconds
Number of updated asset objects reloaded before import = 0
Number of asset objects unloaded after import = 42
========================================================================
Received Import Request.
  Time since last request: 7.837972 seconds.
  path: Assets/Prefabs/PLayerSlot.prefab
  artifactKey: Guid(822f629888c63064daa41aba28bc48ba) Importer(815301076,1909f56bfc062723c751e8b465ee728b)
Start importing Assets/Prefabs/PLayerSlot.prefab using Guid(822f629888c63064daa41aba28bc48ba) Importer(815301076,1909f56bfc062723c751e8b465ee728b) [PhysX] Initialized MultithreadedTaskDispatcher with 16 workers.
 -> (artifact id: '43ada4c97a48e439806d7a7e5ce8e350') in 0.014608 seconds
Number of updated asset objects reloaded before import = 0
Number of asset objects unloaded after import = 43
========================================================================
Received Import Request.
  Time since last request: 9.266673 seconds.
  path: Assets/Prefabs/PLayerSlot.prefab
  artifactKey: Guid(822f629888c63064daa41aba28bc48ba) Importer(815301076,1909f56bfc062723c751e8b465ee728b)
Start importing Assets/Prefabs/PLayerSlot.prefab using Guid(822f629888c63064daa41aba28bc48ba) Importer(815301076,1909f56bfc062723c751e8b465ee728b) [PhysX] Initialized MultithreadedTaskDispatcher with 16 workers.
 -> (artifact id: '008c294ebec89e2580be0760c64d0732') in 0.015308 seconds
Number of updated asset objects reloaded before import = 0
Number of asset objects unloaded after import = 43
========================================================================
Received Import Request.
  Time since last request: 6.215399 seconds.
  path: Assets/Prefabs/PLayerSlot.prefab
  artifactKey: Guid(822f629888c63064daa41aba28bc48ba) Importer(815301076,1909f56bfc062723c751e8b465ee728b)
Start importing Assets/Prefabs/PLayerSlot.prefab using Guid(822f629888c63064daa41aba28bc48ba) Importer(815301076,1909f56bfc062723c751e8b465ee728b) [PhysX] Initialized MultithreadedTaskDispatcher with 16 workers.
 -> (artifact id: 'c0a1da75250afe57e5c840bc1d3ca12b') in 0.015897 seconds
Number of updated asset objects reloaded before import = 0
Number of asset objects unloaded after import = 43
========================================================================
Received Import Request.
  Time since last request: 11.074677 seconds.
  path: Assets/Prefabs/PLayerSlot.prefab
  artifactKey: Guid(822f629888c63064daa41aba28bc48ba) Importer(815301076,1909f56bfc062723c751e8b465ee728b)
Start importing Assets/Prefabs/PLayerSlot.prefab using Guid(822f629888c63064daa41aba28bc48ba) Importer(815301076,1909f56bfc062723c751e8b465ee728b) [PhysX] Initialized MultithreadedTaskDispatcher with 16 workers.
 -> (artifact id: '3fa394723f6e9ff3de85c9209011a054') in 0.014203 seconds
Number of updated asset objects reloaded before import = 0
Number of asset objects unloaded after import = 43
========================================================================
Received Import Request.
  Time since last request: 1.991395 seconds.
  path: Assets/Prefabs/PLayerSlot.prefab
  artifactKey: Guid(822f629888c63064daa41aba28bc48ba) Importer(815301076,1909f56bfc062723c751e8b465ee728b)
Start importing Assets/Prefabs/PLayerSlot.prefab using Guid(822f629888c63064daa41aba28bc48ba) Importer(815301076,1909f56bfc062723c751e8b465ee728b) [PhysX] Initialized MultithreadedTaskDispatcher with 16 workers.
 -> (artifact id: '02736225bcad7ed15f96f0e8ccff9b13') in 0.013932 seconds
Number of updated asset objects reloaded before import = 0
Number of asset objects unloaded after import = 44
========================================================================
Received Import Request.
  Time since last request: 19.198860 seconds.
  path: Assets/Prefabs/PLayerSlot.prefab
  artifactKey: Guid(822f629888c63064daa41aba28bc48ba) Importer(815301076,1909f56bfc062723c751e8b465ee728b)
Start importing Assets/Prefabs/PLayerSlot.prefab using Guid(822f629888c63064daa41aba28bc48ba) Importer(815301076,1909f56bfc062723c751e8b465ee728b) [PhysX] Initialized MultithreadedTaskDispatcher with 16 workers.
 -> (artifact id: '8cb85f74f9da59502cb7be0c7fa4ebe9') in 0.014675 seconds
Number of updated asset objects reloaded before import = 0
Number of asset objects unloaded after import = 44
========================================================================
Received Import Request.
  Time since last request: 9.252550 seconds.
  path: Assets/Prefabs/PLayerSlot.prefab
  artifactKey: Guid(822f629888c63064daa41aba28bc48ba) Importer(815301076,1909f56bfc062723c751e8b465ee728b)
Start importing Assets/Prefabs/PLayerSlot.prefab using Guid(822f629888c63064daa41aba28bc48ba) Importer(815301076,1909f56bfc062723c751e8b465ee728b) [PhysX] Initialized MultithreadedTaskDispatcher with 16 workers.
 -> (artifact id: '2eae701b870c2b42a8b54d2682070cf6') in 0.014044 seconds
Number of updated asset objects reloaded before import = 0
Number of asset objects unloaded after import = 44
========================================================================
Received Import Request.
  Time since last request: 13.288202 seconds.
  path: Assets/Prefabs/PLayerSlot.prefab
  artifactKey: Guid(822f629888c63064daa41aba28bc48ba) Importer(815301076,1909f56bfc062723c751e8b465ee728b)
Start importing Assets/Prefabs/PLayerSlot.prefab using Guid(822f629888c63064daa41aba28bc48ba) Importer(815301076,1909f56bfc062723c751e8b465ee728b) [PhysX] Initialized MultithreadedTaskDispatcher with 16 workers.
 -> (artifact id: '4bcf0abb59ddd024da53df133d7959ee') in 0.014850 seconds
Number of updated asset objects reloaded before import = 0
Number of asset objects unloaded after import = 44
========================================================================
Received Import Request.
  Time since last request: 9.491228 seconds.
  path: Assets/Prefabs/PLayerSlot.prefab
  artifactKey: Guid(822f629888c63064daa41aba28bc48ba) Importer(815301076,1909f56bfc062723c751e8b465ee728b)
Start importing Assets/Prefabs/PLayerSlot.prefab using Guid(822f629888c63064daa41aba28bc48ba) Importer(815301076,1909f56bfc062723c751e8b465ee728b) [PhysX] Initialized MultithreadedTaskDispatcher with 16 workers.
 -> (artifact id: '272915ba68005bca6ba04749d4ccaf43') in 0.014432 seconds
Number of updated asset objects reloaded before import = 0
Number of asset objects unloaded after import = 44
========================================================================
Received Import Request.
  Time since last request: 22.991259 seconds.
  path: Assets/Prefabs/PLayerSlot.prefab
  artifactKey: Guid(822f629888c63064daa41aba28bc48ba) Importer(815301076,1909f56bfc062723c751e8b465ee728b)
Start importing Assets/Prefabs/PLayerSlot.prefab using Guid(822f629888c63064daa41aba28bc48ba) Importer(815301076,1909f56bfc062723c751e8b465ee728b) [PhysX] Initialized MultithreadedTaskDispatcher with 16 workers.
 -> (artifact id: 'a0b6537fbd7139d011655f4ec2d3fcb8') in 0.015944 seconds
Number of updated asset objects reloaded before import = 0
Number of asset objects unloaded after import = 45
========================================================================
Received Import Request.
  Time since last request: 1.782472 seconds.
  path: Assets/Prefabs/PLayerSlot.prefab
  artifactKey: Guid(822f629888c63064daa41aba28bc48ba) Importer(815301076,1909f56bfc062723c751e8b465ee728b)
Start importing Assets/Prefabs/PLayerSlot.prefab using Guid(822f629888c63064daa41aba28bc48ba) Importer(815301076,1909f56bfc062723c751e8b465ee728b) [PhysX] Initialized MultithreadedTaskDispatcher with 16 workers.
 -> (artifact id: 'c82499d644bd8b4e41f76a9005f19e35') in 0.014307 seconds
Number of updated asset objects reloaded before import = 0
Number of asset objects unloaded after import = 45
========================================================================
Received Import Request.
  Time since last request: 2.406868 seconds.
  path: Assets/Prefabs/PLayerSlot.prefab
  artifactKey: Guid(822f629888c63064daa41aba28bc48ba) Importer(815301076,1909f56bfc062723c751e8b465ee728b)
Start importing Assets/Prefabs/PLayerSlot.prefab using Guid(822f629888c63064daa41aba28bc48ba) Importer(815301076,1909f56bfc062723c751e8b465ee728b) [PhysX] Initialized MultithreadedTaskDispatcher with 16 workers.
 -> (artifact id: '834707457bd2029c21b8c19500bf1567') in 0.014175 seconds
Number of updated asset objects reloaded before import = 0
Number of asset objects unloaded after import = 45
========================================================================
Received Import Request.
  Time since last request: 0.780684 seconds.
  path: Assets/Prefabs/PLayerSlot.prefab
  artifactKey: Guid(822f629888c63064daa41aba28bc48ba) Importer(815301076,1909f56bfc062723c751e8b465ee728b)
Start importing Assets/Prefabs/PLayerSlot.prefab using Guid(822f629888c63064daa41aba28bc48ba) Importer(815301076,1909f56bfc062723c751e8b465ee728b) [PhysX] Initialized MultithreadedTaskDispatcher with 16 workers.
 -> (artifact id: '9468be8c5f5d5acda752685a415cc3fe') in 0.014536 seconds
Number of updated asset objects reloaded before import = 0
Number of asset objects unloaded after import = 45
========================================================================
Received Import Request.
  Time since last request: 1.789671 seconds.
  path: Assets/Prefabs/PLayerSlot.prefab
  artifactKey: Guid(822f629888c63064daa41aba28bc48ba) Importer(815301076,1909f56bfc062723c751e8b465ee728b)
Start importing Assets/Prefabs/PLayerSlot.prefab using Guid(822f629888c63064daa41aba28bc48ba) Importer(815301076,1909f56bfc062723c751e8b465ee728b) [PhysX] Initialized MultithreadedTaskDispatcher with 16 workers.
 -> (artifact id: '1eca24c6fa498fec69c3195810c6b791') in 0.014506 seconds
Number of updated asset objects reloaded before import = 0
Number of asset objects unloaded after import = 45
========================================================================
Received Import Request.
  Time since last request: 2.212882 seconds.
  path: Assets/Prefabs/PLayerSlot.prefab
  artifactKey: Guid(822f629888c63064daa41aba28bc48ba) Importer(815301076,1909f56bfc062723c751e8b465ee728b)
Start importing Assets/Prefabs/PLayerSlot.prefab using Guid(822f629888c63064daa41aba28bc48ba) Importer(815301076,1909f56bfc062723c751e8b465ee728b) [PhysX] Initialized MultithreadedTaskDispatcher with 16 workers.
 -> (artifact id: '383c2dfd1110b9ae66dea0ec05d64a1f') in 0.014636 seconds
Number of updated asset objects reloaded before import = 0
Number of asset objects unloaded after import = 45
========================================================================
Received Import Request.
  Time since last request: 18.319377 seconds.
  path: Assets/Prefabs/PLayerSlot.prefab
  artifactKey: Guid(822f629888c63064daa41aba28bc48ba) Importer(815301076,1909f56bfc062723c751e8b465ee728b)
Start importing Assets/Prefabs/PLayerSlot.prefab using Guid(822f629888c63064daa41aba28bc48ba) Importer(815301076,1909f56bfc062723c751e8b465ee728b) [PhysX] Initialized MultithreadedTaskDispatcher with 16 workers.
 -> (artifact id: 'e2ed23601a05ae5aaa38635d251e18cc') in 0.015330 seconds
Number of updated asset objects reloaded before import = 0
Number of asset objects unloaded after import = 45
========================================================================
Received Import Request.
  Time since last request: 2.790639 seconds.
  path: Assets/Prefabs/PLayerSlot.prefab
  artifactKey: Guid(822f629888c63064daa41aba28bc48ba) Importer(815301076,1909f56bfc062723c751e8b465ee728b)
Start importing Assets/Prefabs/PLayerSlot.prefab using Guid(822f629888c63064daa41aba28bc48ba) Importer(815301076,1909f56bfc062723c751e8b465ee728b) [PhysX] Initialized MultithreadedTaskDispatcher with 16 workers.
 -> (artifact id: '27cd609ee898e29666ace2f0c31280f2') in 0.016045 seconds
Number of updated asset objects reloaded before import = 0
Number of asset objects unloaded after import = 45
========================================================================
Received Import Request.
  Time since last request: 3.405500 seconds.
  path: Assets/Prefabs/PLayerSlot.prefab
  artifactKey: Guid(822f629888c63064daa41aba28bc48ba) Importer(815301076,1909f56bfc062723c751e8b465ee728b)
Start importing Assets/Prefabs/PLayerSlot.prefab using Guid(822f629888c63064daa41aba28bc48ba) Importer(815301076,1909f56bfc062723c751e8b465ee728b) [PhysX] Initialized MultithreadedTaskDispatcher with 16 workers.
 -> (artifact id: '64106dbb1ba48f4cd7a20b1b5d73ba40') in 0.014736 seconds
Number of updated asset objects reloaded before import = 0
Number of asset objects unloaded after import = 45
========================================================================
Received Import Request.
  Time since last request: 3.424349 seconds.
  path: Assets/Prefabs/PLayerSlot.prefab
  artifactKey: Guid(822f629888c63064daa41aba28bc48ba) Importer(815301076,1909f56bfc062723c751e8b465ee728b)
Start importing Assets/Prefabs/PLayerSlot.prefab using Guid(822f629888c63064daa41aba28bc48ba) Importer(815301076,1909f56bfc062723c751e8b465ee728b) [PhysX] Initialized MultithreadedTaskDispatcher with 16 workers.
 -> (artifact id: 'e1438a935ca9bd0331c79dd4950f1c9d') in 0.015189 seconds
Number of updated asset objects reloaded before import = 0
Number of asset objects unloaded after import = 45
========================================================================
Received Import Request.
  Time since last request: 4.596285 seconds.
  path: Assets/Prefabs/PLayerSlot.prefab
  artifactKey: Guid(822f629888c63064daa41aba28bc48ba) Importer(815301076,1909f56bfc062723c751e8b465ee728b)
Start importing Assets/Prefabs/PLayerSlot.prefab using Guid(822f629888c63064daa41aba28bc48ba) Importer(815301076,1909f56bfc062723c751e8b465ee728b) [PhysX] Initialized MultithreadedTaskDispatcher with 16 workers.
 -> (artifact id: '953a4fbcf96866472d586627d11772b4') in 0.014627 seconds
Number of updated asset objects reloaded before import = 0
Number of asset objects unloaded after import = 45
========================================================================
Received Import Request.
  Time since last request: 1.597039 seconds.
  path: Assets/Prefabs/PLayerSlot.prefab
  artifactKey: Guid(822f629888c63064daa41aba28bc48ba) Importer(815301076,1909f56bfc062723c751e8b465ee728b)
Start importing Assets/Prefabs/PLayerSlot.prefab using Guid(822f629888c63064daa41aba28bc48ba) Importer(815301076,1909f56bfc062723c751e8b465ee728b) [PhysX] Initialized MultithreadedTaskDispatcher with 16 workers.
 -> (artifact id: '38bc345ce345e4f5a246a717c49487ec') in 0.015179 seconds
Number of updated asset objects reloaded before import = 0
Number of asset objects unloaded after import = 45
========================================================================
Received Import Request.
  Time since last request: 4.810581 seconds.
  path: Assets/Prefabs/PLayerSlot.prefab
  artifactKey: Guid(822f629888c63064daa41aba28bc48ba) Importer(815301076,1909f56bfc062723c751e8b465ee728b)
Start importing Assets/Prefabs/PLayerSlot.prefab using Guid(822f629888c63064daa41aba28bc48ba) Importer(815301076,1909f56bfc062723c751e8b465ee728b) [PhysX] Initialized MultithreadedTaskDispatcher with 16 workers.
 -> (artifact id: '2219e7bdaff0225478c02b5bcab742a6') in 0.014595 seconds
Number of updated asset objects reloaded before import = 0
Number of asset objects unloaded after import = 45
========================================================================
Received Import Request.
  Time since last request: 1.795223 seconds.
  path: Assets/Prefabs/PLayerSlot.prefab
  artifactKey: Guid(822f629888c63064daa41aba28bc48ba) Importer(815301076,1909f56bfc062723c751e8b465ee728b)
Start importing Assets/Prefabs/PLayerSlot.prefab using Guid(822f629888c63064daa41aba28bc48ba) Importer(815301076,1909f56bfc062723c751e8b465ee728b) [PhysX] Initialized MultithreadedTaskDispatcher with 16 workers.
 -> (artifact id: '0ab30b83ad6a02d899dd6367341d6e1f') in 0.014386 seconds
Number of updated asset objects reloaded before import = 0
Number of asset objects unloaded after import = 45
========================================================================
Received Import Request.
  Time since last request: 10.087539 seconds.
  path: Assets/Prefabs/PLayerSlot.prefab
  artifactKey: Guid(822f629888c63064daa41aba28bc48ba) Importer(815301076,1909f56bfc062723c751e8b465ee728b)
Start importing Assets/Prefabs/PLayerSlot.prefab using Guid(822f629888c63064daa41aba28bc48ba) Importer(815301076,1909f56bfc062723c751e8b465ee728b) [PhysX] Initialized MultithreadedTaskDispatcher with 16 workers.
 -> (artifact id: '3d4b29ec73ef1eba63a8587adfae8589') in 0.014261 seconds
Number of updated asset objects reloaded before import = 0
Number of asset objects unloaded after import = 45
========================================================================
Received Import Request.
  Time since last request: 3.219994 seconds.
  path: Assets/Prefabs/PLayerSlot.prefab
  artifactKey: Guid(822f629888c63064daa41aba28bc48ba) Importer(815301076,1909f56bfc062723c751e8b465ee728b)
Start importing Assets/Prefabs/PLayerSlot.prefab using Guid(822f629888c63064daa41aba28bc48ba) Importer(815301076,1909f56bfc062723c751e8b465ee728b) [PhysX] Initialized MultithreadedTaskDispatcher with 16 workers.
 -> (artifact id: '4d89b3910e54fb8c10dbd5b667302e64') in 0.016086 seconds
Number of updated asset objects reloaded before import = 0
Number of asset objects unloaded after import = 45
========================================================================
Received Import Request.
  Time since last request: 1.383101 seconds.
  path: Assets/Prefabs/PLayerSlot.prefab
  artifactKey: Guid(822f629888c63064daa41aba28bc48ba) Importer(815301076,1909f56bfc062723c751e8b465ee728b)
Start importing Assets/Prefabs/PLayerSlot.prefab using Guid(822f629888c63064daa41aba28bc48ba) Importer(815301076,1909f56bfc062723c751e8b465ee728b) [PhysX] Initialized MultithreadedTaskDispatcher with 16 workers.
 -> (artifact id: '1100b42de27a11540807e5da8e27fbfe') in 0.014320 seconds
Number of updated asset objects reloaded before import = 0
Number of asset objects unloaded after import = 45
========================================================================
Received Import Request.
  Time since last request: 3.199549 seconds.
  path: Assets/Prefabs/PLayerSlot.prefab
  artifactKey: Guid(822f629888c63064daa41aba28bc48ba) Importer(815301076,1909f56bfc062723c751e8b465ee728b)
Start importing Assets/Prefabs/PLayerSlot.prefab using Guid(822f629888c63064daa41aba28bc48ba) Importer(815301076,1909f56bfc062723c751e8b465ee728b) [PhysX] Initialized MultithreadedTaskDispatcher with 16 workers.
 -> (artifact id: '32c14ac72cbbe8a1b39c217ca598b321') in 0.015672 seconds
Number of updated asset objects reloaded before import = 0
Number of asset objects unloaded after import = 45
========================================================================
Received Import Request.
  Time since last request: 13.904009 seconds.
  path: Assets/Prefabs/PLayerSlot.prefab
  artifactKey: Guid(822f629888c63064daa41aba28bc48ba) Importer(815301076,1909f56bfc062723c751e8b465ee728b)
Start importing Assets/Prefabs/PLayerSlot.prefab using Guid(822f629888c63064daa41aba28bc48ba) Importer(815301076,1909f56bfc062723c751e8b465ee728b) [PhysX] Initialized MultithreadedTaskDispatcher with 16 workers.
 -> (artifact id: 'e890775ef18295262d861cde3e09975f') in 0.014807 seconds
Number of updated asset objects reloaded before import = 0
Number of asset objects unloaded after import = 45
========================================================================
Received Prepare
Caller must complete domain reload
Begin MonoManager ReloadAssembly
Symbol file LoadedFromMemory is not a mono symbol file
Symbol file LoadedFromMemory is not a mono symbol file
Symbol file LoadedFromMemory is not a mono symbol file
Symbol file LoadedFromMemory is not a mono symbol file
- Loaded All Assemblies, in  0.802 seconds
Native extension for WindowsStandalone target not found
Mono: successfully reloaded assembly
- Finished resetting the current domain, in  0.700 seconds
Domain Reload Profiling: 1504ms
	BeginReloadAssembly (519ms)
		ExecutionOrderSort (0ms)
		DisableScriptedObjects (390ms)
		BackupInstance (0ms)
		ReleaseScriptingObjects (0ms)
		CreateAndSetChildDomain (44ms)
	RebuildCommonClasses (24ms)
	RebuildNativeTypeToScriptingClass (8ms)
	initialDomainReloadingComplete (27ms)
	LoadAllAssembliesAndSetupDomain (226ms)
		LoadAssemblies (267ms)
		RebuildTransferFunctionScriptingTraits (0ms)
		AnalyzeDomain (17ms)
			TypeCache.Refresh (6ms)
				TypeCache.ScanAssembly (0ms)
			ScanForSourceGeneratedMonoScriptInfo (0ms)
			ResolveRequiredComponents (10ms)
	FinalizeReload (700ms)
		ReleaseScriptCaches (0ms)
		RebuildScriptCaches (0ms)
		SetupLoadedEditorAssemblies (515ms)
			LogAssemblyErrors (0ms)
			InitializePlatformSupportModulesInManaged (4ms)
			SetLoadedEditorAssemblies (5ms)
			RefreshPlugins (0ms)
			BeforeProcessingInitializeOnLoad (76ms)
			ProcessInitializeOnLoadAttributes (373ms)
			ProcessInitializeOnLoadMethodAttributes (54ms)
			AfterProcessingInitializeOnLoad (2ms)
			EditorAssembliesLoaded (1ms)
		ExecutionOrderSort2 (0ms)
		AwakeInstancesAfterBackupRestoration (16ms)
Refreshing native plugins compatible for Editor in 12.02 ms, found 5 plugins.
Preloading 0 native plugins for Editor in 0.00 ms.
Unloading 5579 Unused Serialized files (Serialized files now loaded: 0)
Unloading 73 unused Assets / (3.4 MB). Loaded Objects now: 6166.
Memory consumption went from 205.2 MB to 201.8 MB.
Total: 9.687400 ms (FindLiveObjects: 0.955300 ms CreateObjectMapping: 0.615400 ms MarkObjects: 5.610500 ms  DeleteObjects: 2.504600 ms)

Prepare: number of updated asset objects reloaded= 0
AssetImportParameters requested are different than current active one (requested -> active):
  custom:container-demuxer-ogg: 62fdf1f143b41e24485cea50d1cbac27 -> 
  custom:video-codec-MediaFoundation-h265: 746d11721c4dcdbdad8f713fa42b33f4 -> 
  custom:video-decoder-ogg-theora: a1e56fd34408186e4bbccfd4996cb3dc -> 
  custom:framework-win-MediaFoundation: 216162199b28c13a410421893ffa2e32 -> 
  custom:scripting/monoscript/fileName/PlayerSpawner.cs: df8898d77f3f0fc17c530d164ba7fabb -> 
  custom:CustomObjectIndexerAttribute: 72b91833f83ae208fae7752999fa3104 -> 
  custom:container-demuxer-webm: 4f35f7cbe854078d1ac9338744f61a02 -> 
  custom:FusionILWeaverTriggerImporter/ConfigHash: b0b173a93bb19085723cb3d421b3a13b -> 
  custom:container-muxer-webm: aa71ff27fc2769a1b78a27578f13a17b -> 
  custom:video-decoder-webm-vp8: 9c59270c3fd7afecdb556c50c9e8de78 -> 
  custom:SearchIndexIgnoredProperties: e643bd26f0fe6173181afceb89e7c659 -> 
  custom:AudioImporter_EditorPlatform: d09bf68614088b80899f8185d706f6e7 -> 
  custom:scripting/monoscript/fileName/FusionLauncher.cs: 19b631f249cace78ad95e4df5dc843ef -> 
  custom:video-encoder-webm-vp8: eb34c28f22e8b96e1ab97ce403110664 -> 
  custom:scripting/monoscript/fileName/TurnManager.cs: 9ee88ee50ce1338f4aee28c934ce0522 -> 
  custom:audio-decoder-ogg-vorbis: bf7c407c2cedff20999df2af8eb42d56 -> 
  custom:audio-encoder-webm-vorbis: bf7c407c2cedff20999df2af8eb42d56 -> 
========================================================================
Received Prepare
Caller must complete domain reload
Begin MonoManager ReloadAssembly
Symbol file LoadedFromMemory is not a mono symbol file
Symbol file LoadedFromMemory is not a mono symbol file
Symbol file LoadedFromMemory is not a mono symbol file
Symbol file LoadedFromMemory is not a mono symbol file
- Loaded All Assemblies, in  0.491 seconds
Native extension for WindowsStandalone target not found
Mono: successfully reloaded assembly
- Finished resetting the current domain, in  1.981 seconds
Domain Reload Profiling: 2472ms
	BeginReloadAssembly (131ms)
		ExecutionOrderSort (0ms)
		DisableScriptedObjects (9ms)
		BackupInstance (0ms)
		ReleaseScriptingObjects (0ms)
		CreateAndSetChildDomain (36ms)
	RebuildCommonClasses (29ms)
	RebuildNativeTypeToScriptingClass (10ms)
	initialDomainReloadingComplete (22ms)
	LoadAllAssembliesAndSetupDomain (299ms)
		LoadAssemblies (318ms)
		RebuildTransferFunctionScriptingTraits (0ms)
		AnalyzeDomain (41ms)
			TypeCache.Refresh (9ms)
				TypeCache.ScanAssembly (0ms)
			ScanForSourceGeneratedMonoScriptInfo (22ms)
			ResolveRequiredComponents (10ms)
	FinalizeReload (1982ms)
		ReleaseScriptCaches (0ms)
		RebuildScriptCaches (0ms)
		SetupLoadedEditorAssemblies (441ms)
			LogAssemblyErrors (0ms)
			InitializePlatformSupportModulesInManaged (4ms)
			SetLoadedEditorAssemblies (4ms)
			RefreshPlugins (0ms)
			BeforeProcessingInitializeOnLoad (71ms)
			ProcessInitializeOnLoadAttributes (315ms)
			ProcessInitializeOnLoadMethodAttributes (44ms)
			AfterProcessingInitializeOnLoad (2ms)
			EditorAssembliesLoaded (0ms)
		ExecutionOrderSort2 (0ms)
		AwakeInstancesAfterBackupRestoration (13ms)
Refreshing native plugins compatible for Editor in 11.88 ms, found 5 plugins.
Preloading 0 native plugins for Editor in 0.00 ms.
Unloading 5579 Unused Serialized files (Serialized files now loaded: 0)
Unloading 73 unused Assets / (3.4 MB). Loaded Objects now: 6171.
Memory consumption went from 205.2 MB to 201.8 MB.
Total: 5.848600 ms (FindLiveObjects: 0.450800 ms CreateObjectMapping: 0.415900 ms MarkObjects: 3.221400 ms  DeleteObjects: 1.759600 ms)

Prepare: number of updated asset objects reloaded= 0
AssetImportParameters requested are different than current active one (requested -> active):
  custom:container-demuxer-ogg: 62fdf1f143b41e24485cea50d1cbac27 -> 
  custom:video-codec-MediaFoundation-h265: 746d11721c4dcdbdad8f713fa42b33f4 -> 
  custom:video-decoder-ogg-theora: a1e56fd34408186e4bbccfd4996cb3dc -> 
  custom:framework-win-MediaFoundation: 216162199b28c13a410421893ffa2e32 -> 
  custom:scripting/monoscript/fileName/PlayerSpawner.cs: df8898d77f3f0fc17c530d164ba7fabb -> 
  custom:CustomObjectIndexerAttribute: 72b91833f83ae208fae7752999fa3104 -> 
  custom:container-demuxer-webm: 4f35f7cbe854078d1ac9338744f61a02 -> 
  custom:FusionILWeaverTriggerImporter/ConfigHash: b0b173a93bb19085723cb3d421b3a13b -> 
  custom:container-muxer-webm: aa71ff27fc2769a1b78a27578f13a17b -> 
  custom:video-decoder-webm-vp8: 9c59270c3fd7afecdb556c50c9e8de78 -> 
  custom:SearchIndexIgnoredProperties: e643bd26f0fe6173181afceb89e7c659 -> 
  custom:AudioImporter_EditorPlatform: d09bf68614088b80899f8185d706f6e7 -> 
  custom:scripting/monoscript/fileName/FusionLauncher.cs: 19b631f249cace78ad95e4df5dc843ef -> 
  custom:video-encoder-webm-vp8: eb34c28f22e8b96e1ab97ce403110664 -> 
  custom:scripting/monoscript/fileName/TurnManager.cs: 9ee88ee50ce1338f4aee28c934ce0522 -> 
  custom:audio-decoder-ogg-vorbis: bf7c407c2cedff20999df2af8eb42d56 -> 
  custom:audio-encoder-webm-vorbis: bf7c407c2cedff20999df2af8eb42d56 -> 
========================================================================
Received Import Request.
  Time since last request: 1009.222091 seconds.
  path: Assets/Textures/Ingame
  artifactKey: Guid(e6b8a05b9e1c7974ea017b9ea580c09a) Importer(815301076,1909f56bfc062723c751e8b465ee728b)
Start importing Assets/Textures/Ingame using Guid(e6b8a05b9e1c7974ea017b9ea580c09a) Importer(815301076,1909f56bfc062723c751e8b465ee728b) [PhysX] Initialized MultithreadedTaskDispatcher with 16 workers.
 -> (artifact id: '59d01e27f236c93e4e1151d42315eb2c') in 0.001649 seconds
Number of updated asset objects reloaded before import = 0
Number of asset objects unloaded after import = 0
========================================================================
Received Prepare
Caller must complete domain reload
Begin MonoManager ReloadAssembly
Symbol file LoadedFromMemory is not a mono symbol file
Symbol file LoadedFromMemory is not a mono symbol file
Symbol file LoadedFromMemory is not a mono symbol file
Symbol file LoadedFromMemory is not a mono symbol file
- Loaded All Assemblies, in  0.413 seconds
Native extension for WindowsStandalone target not found
Mono: successfully reloaded assembly
- Finished resetting the current domain, in  1.203 seconds
Domain Reload Profiling: 1616ms
	BeginReloadAssembly (129ms)
		ExecutionOrderSort (0ms)
		DisableScriptedObjects (10ms)
		BackupInstance (0ms)
		ReleaseScriptingObjects (0ms)
		CreateAndSetChildDomain (38ms)
	RebuildCommonClasses (24ms)
	RebuildNativeTypeToScriptingClass (8ms)
	initialDomainReloadingComplete (22ms)
	LoadAllAssembliesAndSetupDomain (230ms)
		LoadAssemblies (271ms)
		RebuildTransferFunctionScriptingTraits (0ms)
		AnalyzeDomain (16ms)
			TypeCache.Refresh (5ms)
				TypeCache.ScanAssembly (0ms)
			ScanForSourceGeneratedMonoScriptInfo (0ms)
			ResolveRequiredComponents (10ms)
	FinalizeReload (1204ms)
		ReleaseScriptCaches (0ms)
		RebuildScriptCaches (0ms)
		SetupLoadedEditorAssemblies (543ms)
			LogAssemblyErrors (0ms)
			InitializePlatformSupportModulesInManaged (5ms)
			SetLoadedEditorAssemblies (6ms)
			RefreshPlugins (0ms)
			BeforeProcessingInitializeOnLoad (87ms)
			ProcessInitializeOnLoadAttributes (389ms)
			ProcessInitializeOnLoadMethodAttributes (55ms)
			AfterProcessingInitializeOnLoad (2ms)
			EditorAssembliesLoaded (0ms)
		ExecutionOrderSort2 (0ms)
		AwakeInstancesAfterBackupRestoration (18ms)
Refreshing native plugins compatible for Editor in 12.74 ms, found 5 plugins.
Preloading 0 native plugins for Editor in 0.00 ms.
Unloading 5579 Unused Serialized files (Serialized files now loaded: 0)
Unloading 73 unused Assets / (3.4 MB). Loaded Objects now: 6176.
Memory consumption went from 205.2 MB to 201.8 MB.
Total: 7.162700 ms (FindLiveObjects: 0.419700 ms CreateObjectMapping: 0.506100 ms MarkObjects: 4.205800 ms  DeleteObjects: 2.029800 ms)

Prepare: number of updated asset objects reloaded= 0
AssetImportParameters requested are different than current active one (requested -> active):
  custom:container-demuxer-ogg: 62fdf1f143b41e24485cea50d1cbac27 -> 
  custom:video-codec-MediaFoundation-h265: 746d11721c4dcdbdad8f713fa42b33f4 -> 
  custom:video-decoder-ogg-theora: a1e56fd34408186e4bbccfd4996cb3dc -> 
  custom:framework-win-MediaFoundation: 216162199b28c13a410421893ffa2e32 -> 
  custom:scripting/monoscript/fileName/PlayerSpawner.cs: df8898d77f3f0fc17c530d164ba7fabb -> 
  custom:CustomObjectIndexerAttribute: 72b91833f83ae208fae7752999fa3104 -> 
  custom:container-demuxer-webm: 4f35f7cbe854078d1ac9338744f61a02 -> 
  custom:FusionILWeaverTriggerImporter/ConfigHash: b0b173a93bb19085723cb3d421b3a13b -> 
  custom:container-muxer-webm: aa71ff27fc2769a1b78a27578f13a17b -> 
  custom:video-decoder-webm-vp8: 9c59270c3fd7afecdb556c50c9e8de78 -> 
  custom:SearchIndexIgnoredProperties: e643bd26f0fe6173181afceb89e7c659 -> 
  custom:AudioImporter_EditorPlatform: d09bf68614088b80899f8185d706f6e7 -> 
  custom:scripting/monoscript/fileName/FusionLauncher.cs: 19b631f249cace78ad95e4df5dc843ef -> 
  custom:video-encoder-webm-vp8: eb34c28f22e8b96e1ab97ce403110664 -> 
  custom:scripting/monoscript/fileName/TurnManager.cs: 9ee88ee50ce1338f4aee28c934ce0522 -> 
  custom:audio-decoder-ogg-vorbis: bf7c407c2cedff20999df2af8eb42d56 -> 
  custom:audio-encoder-webm-vorbis: bf7c407c2cedff20999df2af8eb42d56 -> 
========================================================================
Received Prepare
Caller must complete domain reload
Begin MonoManager ReloadAssembly
Symbol file LoadedFromMemory is not a mono symbol file
Symbol file LoadedFromMemory is not a mono symbol file
Symbol file LoadedFromMemory is not a mono symbol file
Symbol file LoadedFromMemory is not a mono symbol file
- Loaded All Assemblies, in  0.416 seconds
Native extension for WindowsStandalone target not found
Mono: successfully reloaded assembly
- Finished resetting the current domain, in  1.078 seconds
Domain Reload Profiling: 1494ms
	BeginReloadAssembly (132ms)
		ExecutionOrderSort (0ms)
		DisableScriptedObjects (9ms)
		BackupInstance (0ms)
		ReleaseScriptingObjects (0ms)
		CreateAndSetChildDomain (37ms)
	RebuildCommonClasses (26ms)
	RebuildNativeTypeToScriptingClass (8ms)
	initialDomainReloadingComplete (23ms)
	LoadAllAssembliesAndSetupDomain (226ms)
		LoadAssemblies (271ms)
		RebuildTransferFunctionScriptingTraits (0ms)
		AnalyzeDomain (17ms)
			TypeCache.Refresh (5ms)
				TypeCache.ScanAssembly (0ms)
			ScanForSourceGeneratedMonoScriptInfo (0ms)
			ResolveRequiredComponents (10ms)
	FinalizeReload (1079ms)
		ReleaseScriptCaches (0ms)
		RebuildScriptCaches (0ms)
		SetupLoadedEditorAssemblies (514ms)
			LogAssemblyErrors (0ms)
			InitializePlatformSupportModulesInManaged (4ms)
			SetLoadedEditorAssemblies (5ms)
			RefreshPlugins (0ms)
			BeforeProcessingInitializeOnLoad (76ms)
			ProcessInitializeOnLoadAttributes (374ms)
			ProcessInitializeOnLoadMethodAttributes (53ms)
			AfterProcessingInitializeOnLoad (2ms)
			EditorAssembliesLoaded (0ms)
		ExecutionOrderSort2 (0ms)
		AwakeInstancesAfterBackupRestoration (16ms)
Refreshing native plugins compatible for Editor in 13.15 ms, found 5 plugins.
Preloading 0 native plugins for Editor in 0.00 ms.
Unloading 5579 Unused Serialized files (Serialized files now loaded: 0)
Unloading 73 unused Assets / (3.5 MB). Loaded Objects now: 6181.
Memory consumption went from 205.3 MB to 201.8 MB.
Total: 9.981500 ms (FindLiveObjects: 0.899100 ms CreateObjectMapping: 0.567300 ms MarkObjects: 6.172500 ms  DeleteObjects: 2.341300 ms)

Prepare: number of updated asset objects reloaded= 0
AssetImportParameters requested are different than current active one (requested -> active):
  custom:container-demuxer-ogg: 62fdf1f143b41e24485cea50d1cbac27 -> 
  custom:video-codec-MediaFoundation-h265: 746d11721c4dcdbdad8f713fa42b33f4 -> 
  custom:video-decoder-ogg-theora: a1e56fd34408186e4bbccfd4996cb3dc -> 
  custom:framework-win-MediaFoundation: 216162199b28c13a410421893ffa2e32 -> 
  custom:scripting/monoscript/fileName/PlayerSpawner.cs: df8898d77f3f0fc17c530d164ba7fabb -> 
  custom:CustomObjectIndexerAttribute: 72b91833f83ae208fae7752999fa3104 -> 
  custom:container-demuxer-webm: 4f35f7cbe854078d1ac9338744f61a02 -> 
  custom:FusionILWeaverTriggerImporter/ConfigHash: b0b173a93bb19085723cb3d421b3a13b -> 
  custom:container-muxer-webm: aa71ff27fc2769a1b78a27578f13a17b -> 
  custom:video-decoder-webm-vp8: 9c59270c3fd7afecdb556c50c9e8de78 -> 
  custom:SearchIndexIgnoredProperties: e643bd26f0fe6173181afceb89e7c659 -> 
  custom:AudioImporter_EditorPlatform: d09bf68614088b80899f8185d706f6e7 -> 
  custom:scripting/monoscript/fileName/FusionLauncher.cs: 19b631f249cace78ad95e4df5dc843ef -> 
  custom:video-encoder-webm-vp8: eb34c28f22e8b96e1ab97ce403110664 -> 
  custom:scripting/monoscript/fileName/TurnManager.cs: 9ee88ee50ce1338f4aee28c934ce0522 -> 
  custom:audio-decoder-ogg-vorbis: bf7c407c2cedff20999df2af8eb42d56 -> 
  custom:audio-encoder-webm-vorbis: bf7c407c2cedff20999df2af8eb42d56 -> 
========================================================================
Received Prepare
Caller must complete domain reload
Begin MonoManager ReloadAssembly
Symbol file LoadedFromMemory is not a mono symbol file
Symbol file LoadedFromMemory is not a mono symbol file
Symbol file LoadedFromMemory is not a mono symbol file
Symbol file LoadedFromMemory is not a mono symbol file
- Loaded All Assemblies, in  0.734 seconds
Native extension for WindowsStandalone target not found
Mono: successfully reloaded assembly
- Finished resetting the current domain, in  1.346 seconds
Domain Reload Profiling: 2079ms
	BeginReloadAssembly (213ms)
		ExecutionOrderSort (0ms)
		DisableScriptedObjects (15ms)
		BackupInstance (0ms)
		ReleaseScriptingObjects (0ms)
		CreateAndSetChildDomain (48ms)
	RebuildCommonClasses (54ms)
	RebuildNativeTypeToScriptingClass (15ms)
	initialDomainReloadingComplete (37ms)
	LoadAllAssembliesAndSetupDomain (413ms)
		LoadAssemblies (452ms)
		RebuildTransferFunctionScriptingTraits (0ms)
		AnalyzeDomain (73ms)
			TypeCache.Refresh (16ms)
				TypeCache.ScanAssembly (1ms)
			ScanForSourceGeneratedMonoScriptInfo (41ms)
			ResolveRequiredComponents (15ms)
	FinalizeReload (1347ms)
		ReleaseScriptCaches (0ms)
		RebuildScriptCaches (0ms)
		SetupLoadedEditorAssemblies (419ms)
			LogAssemblyErrors (0ms)
			InitializePlatformSupportModulesInManaged (4ms)
			SetLoadedEditorAssemblies (4ms)
			RefreshPlugins (0ms)
			BeforeProcessingInitializeOnLoad (68ms)
			ProcessInitializeOnLoadAttributes (299ms)
			ProcessInitializeOnLoadMethodAttributes (41ms)
			AfterProcessingInitializeOnLoad (2ms)
			EditorAssembliesLoaded (0ms)
		ExecutionOrderSort2 (0ms)
		AwakeInstancesAfterBackupRestoration (15ms)
Refreshing native plugins compatible for Editor in 10.62 ms, found 5 plugins.
Preloading 0 native plugins for Editor in 0.00 ms.
Unloading 5579 Unused Serialized files (Serialized files now loaded: 0)
Unloading 73 unused Assets / (3.4 MB). Loaded Objects now: 6186.
Memory consumption went from 205.1 MB to 201.7 MB.
Total: 5.240700 ms (FindLiveObjects: 0.448300 ms CreateObjectMapping: 0.207100 ms MarkObjects: 3.039400 ms  DeleteObjects: 1.544800 ms)

Prepare: number of updated asset objects reloaded= 0
AssetImportParameters requested are different than current active one (requested -> active):
  custom:container-demuxer-ogg: 62fdf1f143b41e24485cea50d1cbac27 -> 
  custom:video-codec-MediaFoundation-h265: 746d11721c4dcdbdad8f713fa42b33f4 -> 
  custom:video-decoder-ogg-theora: a1e56fd34408186e4bbccfd4996cb3dc -> 
  custom:framework-win-MediaFoundation: 216162199b28c13a410421893ffa2e32 -> 
  custom:scripting/monoscript/fileName/PlayerSpawner.cs: df8898d77f3f0fc17c530d164ba7fabb -> 
  custom:CustomObjectIndexerAttribute: 72b91833f83ae208fae7752999fa3104 -> 
  custom:container-demuxer-webm: 4f35f7cbe854078d1ac9338744f61a02 -> 
  custom:FusionILWeaverTriggerImporter/ConfigHash: b0b173a93bb19085723cb3d421b3a13b -> 
  custom:container-muxer-webm: aa71ff27fc2769a1b78a27578f13a17b -> 
  custom:video-decoder-webm-vp8: 9c59270c3fd7afecdb556c50c9e8de78 -> 
  custom:SearchIndexIgnoredProperties: e643bd26f0fe6173181afceb89e7c659 -> 
  custom:AudioImporter_EditorPlatform: d09bf68614088b80899f8185d706f6e7 -> 
  custom:scripting/monoscript/fileName/FusionLauncher.cs: 19b631f249cace78ad95e4df5dc843ef -> 
  custom:video-encoder-webm-vp8: eb34c28f22e8b96e1ab97ce403110664 -> 
  custom:scripting/monoscript/fileName/TurnManager.cs: 9ee88ee50ce1338f4aee28c934ce0522 -> 
  custom:audio-decoder-ogg-vorbis: bf7c407c2cedff20999df2af8eb42d56 -> 
  custom:audio-encoder-webm-vorbis: bf7c407c2cedff20999df2af8eb42d56 -> 
========================================================================
Received Prepare
Caller must complete domain reload
Begin MonoManager ReloadAssembly
Symbol file LoadedFromMemory is not a mono symbol file
Symbol file LoadedFromMemory is not a mono symbol file
Symbol file LoadedFromMemory is not a mono symbol file
Symbol file LoadedFromMemory is not a mono symbol file
- Loaded All Assemblies, in  0.407 seconds
Native extension for WindowsStandalone target not found
Mono: successfully reloaded assembly
- Finished resetting the current domain, in  1.058 seconds
Domain Reload Profiling: 1465ms
	BeginReloadAssembly (130ms)
		ExecutionOrderSort (0ms)
		DisableScriptedObjects (9ms)
		BackupInstance (0ms)
		ReleaseScriptingObjects (0ms)
		CreateAndSetChildDomain (36ms)
	RebuildCommonClasses (25ms)
	RebuildNativeTypeToScriptingClass (8ms)
	initialDomainReloadingComplete (24ms)
	LoadAllAssembliesAndSetupDomain (220ms)
		LoadAssemblies (264ms)
		RebuildTransferFunctionScriptingTraits (0ms)
		AnalyzeDomain (17ms)
			TypeCache.Refresh (5ms)
				TypeCache.ScanAssembly (0ms)
			ScanForSourceGeneratedMonoScriptInfo (0ms)
			ResolveRequiredComponents (10ms)
	FinalizeReload (1059ms)
		ReleaseScriptCaches (0ms)
		RebuildScriptCaches (0ms)
		SetupLoadedEditorAssemblies (502ms)
			LogAssemblyErrors (0ms)
			InitializePlatformSupportModulesInManaged (4ms)
			SetLoadedEditorAssemblies (5ms)
			RefreshPlugins (0ms)
			BeforeProcessingInitializeOnLoad (71ms)
			ProcessInitializeOnLoadAttributes (367ms)
			ProcessInitializeOnLoadMethodAttributes (53ms)
			AfterProcessingInitializeOnLoad (2ms)
			EditorAssembliesLoaded (0ms)
		ExecutionOrderSort2 (0ms)
		AwakeInstancesAfterBackupRestoration (17ms)
Refreshing native plugins compatible for Editor in 14.93 ms, found 5 plugins.
Preloading 0 native plugins for Editor in 0.00 ms.
Unloading 5579 Unused Serialized files (Serialized files now loaded: 0)
Unloading 73 unused Assets / (3.4 MB). Loaded Objects now: 6191.
Memory consumption went from 205.2 MB to 201.8 MB.
Total: 8.913300 ms (FindLiveObjects: 1.370400 ms CreateObjectMapping: 0.800200 ms MarkObjects: 4.479100 ms  DeleteObjects: 2.262300 ms)

Prepare: number of updated asset objects reloaded= 0
AssetImportParameters requested are different than current active one (requested -> active):
  custom:container-demuxer-ogg: 62fdf1f143b41e24485cea50d1cbac27 -> 
  custom:video-codec-MediaFoundation-h265: 746d11721c4dcdbdad8f713fa42b33f4 -> 
  custom:video-decoder-ogg-theora: a1e56fd34408186e4bbccfd4996cb3dc -> 
  custom:framework-win-MediaFoundation: 216162199b28c13a410421893ffa2e32 -> 
  custom:scripting/monoscript/fileName/PlayerSpawner.cs: df8898d77f3f0fc17c530d164ba7fabb -> 
  custom:CustomObjectIndexerAttribute: 72b91833f83ae208fae7752999fa3104 -> 
  custom:container-demuxer-webm: 4f35f7cbe854078d1ac9338744f61a02 -> 
  custom:FusionILWeaverTriggerImporter/ConfigHash: b0b173a93bb19085723cb3d421b3a13b -> 
  custom:container-muxer-webm: aa71ff27fc2769a1b78a27578f13a17b -> 
  custom:video-decoder-webm-vp8: 9c59270c3fd7afecdb556c50c9e8de78 -> 
  custom:SearchIndexIgnoredProperties: e643bd26f0fe6173181afceb89e7c659 -> 
  custom:AudioImporter_EditorPlatform: d09bf68614088b80899f8185d706f6e7 -> 
  custom:scripting/monoscript/fileName/FusionLauncher.cs: 19b631f249cace78ad95e4df5dc843ef -> 
  custom:video-encoder-webm-vp8: eb34c28f22e8b96e1ab97ce403110664 -> 
  custom:scripting/monoscript/fileName/TurnManager.cs: 9ee88ee50ce1338f4aee28c934ce0522 -> 
  custom:audio-decoder-ogg-vorbis: bf7c407c2cedff20999df2af8eb42d56 -> 
  custom:audio-encoder-webm-vorbis: bf7c407c2cedff20999df2af8eb42d56 -> 
========================================================================
Received Import Request.
  Time since last request: 103.672714 seconds.
  path: Assets/Textures/Ingame/Back.png
  artifactKey: Guid(70f48bd773ae9b645b963e65762d6c08) Importer(815301076,1909f56bfc062723c751e8b465ee728b)
Start importing Assets/Textures/Ingame/Back.png using Guid(70f48bd773ae9b645b963e65762d6c08) Importer(815301076,1909f56bfc062723c751e8b465ee728b) [PhysX] Initialized MultithreadedTaskDispatcher with 16 workers.
[PhysX] Initialized MultithreadedTaskDispatcher with 16 workers.
 -> (artifact id: 'e6061b569629ea27527747163fc1d6d4') in 0.068049 seconds
Number of updated asset objects reloaded before import = 0
Number of asset objects unloaded after import = 3
========================================================================
Received Import Request.
  Time since last request: 27.682195 seconds.
  path: Assets/TextMesh Pro/Resources/Fonts & Materials/LiberationSans SDF - Drop Shadow.mat
  artifactKey: Guid(e73a58f6e2794ae7b1b7e50b7fb811b0) Importer(815301076,1909f56bfc062723c751e8b465ee728b)
Start importing Assets/TextMesh Pro/Resources/Fonts & Materials/LiberationSans SDF - Drop Shadow.mat using Guid(e73a58f6e2794ae7b1b7e50b7fb811b0) Importer(815301076,1909f56bfc062723c751e8b465ee728b) [PhysX] Initialized MultithreadedTaskDispatcher with 16 workers.
[PhysX] Initialized MultithreadedTaskDispatcher with 16 workers.
 -> (artifact id: 'e692f2dbf113eaac0ef85667f98a6503') in 0.246521 seconds
Number of updated asset objects reloaded before import = 0
Number of asset objects unloaded after import = 21
========================================================================
Received Import Request.
  Time since last request: 0.000033 seconds.
  path: Assets/TextMesh Pro/Shaders/TMP_SDF-URP Unlit.shadergraph
  artifactKey: Guid(124c112a6e8f1a54e8b0870e881b56d8) Importer(815301076,1909f56bfc062723c751e8b465ee728b)
Start importing Assets/TextMesh Pro/Shaders/TMP_SDF-URP Unlit.shadergraph using Guid(124c112a6e8f1a54e8b0870e881b56d8) Importer(815301076,1909f56bfc062723c751e8b465ee728b) [PhysX] Initialized MultithreadedTaskDispatcher with 16 workers.
[PhysX] Initialized MultithreadedTaskDispatcher with 16 workers.
 -> (artifact id: 'dcf770ce5d6510fb9af4acf101a2ccf5') in 0.045128 seconds
Number of updated asset objects reloaded before import = 0
Number of asset objects unloaded after import = 4
========================================================================
Received Import Request.
  Time since last request: 0.000056 seconds.
  path: Assets/TextMesh Pro/Shaders/TMP_SDF-URP Lit.shadergraph
  artifactKey: Guid(a3d800b099a06e0478fb790c5e79057a) Importer(815301076,1909f56bfc062723c751e8b465ee728b)
Start importing Assets/TextMesh Pro/Shaders/TMP_SDF-URP Lit.shadergraph using Guid(a3d800b099a06e0478fb790c5e79057a) Importer(815301076,1909f56bfc062723c751e8b465ee728b) [PhysX] Initialized MultithreadedTaskDispatcher with 16 workers.
[PhysX] Initialized MultithreadedTaskDispatcher with 16 workers.
 -> (artifact id: 'c61c3b28d714f1556106eda9069b1882') in 0.028897 seconds
Number of updated asset objects reloaded before import = 0
Number of asset objects unloaded after import = 3
========================================================================
Received Prepare
Caller must complete domain reload
Begin MonoManager ReloadAssembly
Symbol file LoadedFromMemory is not a mono symbol file
Symbol file LoadedFromMemory is not a mono symbol file
Symbol file LoadedFromMemory is not a mono symbol file
Symbol file LoadedFromMemory is not a mono symbol file
- Loaded All Assemblies, in  0.409 seconds
Native extension for WindowsStandalone target not found
Mono: successfully reloaded assembly
- Finished resetting the current domain, in  1.107 seconds
Domain Reload Profiling: 1516ms
	BeginReloadAssembly (136ms)
		ExecutionOrderSort (0ms)
		DisableScriptedObjects (13ms)
		BackupInstance (0ms)
		ReleaseScriptingObjects (0ms)
		CreateAndSetChildDomain (38ms)
	RebuildCommonClasses (28ms)
	RebuildNativeTypeToScriptingClass (11ms)
	initialDomainReloadingComplete (25ms)
	LoadAllAssembliesAndSetupDomain (208ms)
		LoadAssemblies (251ms)
		RebuildTransferFunctionScriptingTraits (0ms)
		AnalyzeDomain (16ms)
			TypeCache.Refresh (5ms)
				TypeCache.ScanAssembly (0ms)
			ScanForSourceGeneratedMonoScriptInfo (0ms)
			ResolveRequiredComponents (10ms)
	FinalizeReload (1108ms)
		ReleaseScriptCaches (0ms)
		RebuildScriptCaches (0ms)
		SetupLoadedEditorAssemblies (520ms)
			LogAssemblyErrors (0ms)
			InitializePlatformSupportModulesInManaged (4ms)
			SetLoadedEditorAssemblies (4ms)
			RefreshPlugins (0ms)
			BeforeProcessingInitializeOnLoad (74ms)
			ProcessInitializeOnLoadAttributes (377ms)
			ProcessInitializeOnLoadMethodAttributes (57ms)
			AfterProcessingInitializeOnLoad (2ms)
			EditorAssembliesLoaded (0ms)
		ExecutionOrderSort2 (0ms)
		AwakeInstancesAfterBackupRestoration (21ms)
Refreshing native plugins compatible for Editor in 15.33 ms, found 5 plugins.
Preloading 0 native plugins for Editor in 0.00 ms.
Unloading 5580 Unused Serialized files (Serialized files now loaded: 0)
Unloading 73 unused Assets / (3.4 MB). Loaded Objects now: 6274.
Memory consumption went from 206.4 MB to 203.0 MB.
Total: 6.311500 ms (FindLiveObjects: 0.531300 ms CreateObjectMapping: 0.460100 ms MarkObjects: 3.626500 ms  DeleteObjects: 1.692100 ms)

Prepare: number of updated asset objects reloaded= 0
AssetImportParameters requested are different than current active one (requested -> active):
  custom:container-demuxer-ogg: 62fdf1f143b41e24485cea50d1cbac27 -> 
  custom:video-codec-MediaFoundation-h265: 746d11721c4dcdbdad8f713fa42b33f4 -> 
  custom:video-decoder-ogg-theora: a1e56fd34408186e4bbccfd4996cb3dc -> 
  custom:framework-win-MediaFoundation: 216162199b28c13a410421893ffa2e32 -> 
  custom:scripting/monoscript/fileName/PlayerSpawner.cs: df8898d77f3f0fc17c530d164ba7fabb -> 
  custom:CustomObjectIndexerAttribute: 72b91833f83ae208fae7752999fa3104 -> 
  custom:container-demuxer-webm: 4f35f7cbe854078d1ac9338744f61a02 -> 
  custom:FusionILWeaverTriggerImporter/ConfigHash: b0b173a93bb19085723cb3d421b3a13b -> 
  custom:container-muxer-webm: aa71ff27fc2769a1b78a27578f13a17b -> 
  custom:video-decoder-webm-vp8: 9c59270c3fd7afecdb556c50c9e8de78 -> 
  custom:SearchIndexIgnoredProperties: e643bd26f0fe6173181afceb89e7c659 -> 
  custom:AudioImporter_EditorPlatform: d09bf68614088b80899f8185d706f6e7 -> 
  custom:scripting/monoscript/fileName/FusionLauncher.cs: 19b631f249cace78ad95e4df5dc843ef -> 
  custom:video-encoder-webm-vp8: eb34c28f22e8b96e1ab97ce403110664 -> 
  custom:scripting/monoscript/fileName/TurnManager.cs: 9ee88ee50ce1338f4aee28c934ce0522 -> 
  custom:audio-decoder-ogg-vorbis: bf7c407c2cedff20999df2af8eb42d56 -> 
  custom:audio-encoder-webm-vorbis: bf7c407c2cedff20999df2af8eb42d56 -> 
